Pesquisa Livre
Limpar
E
 
OU
 
NÃO
 
PROX
Número NPU
Número Antigo
Data de Julgamento Inicial
Data de Julgamento Final
Relator
Selecione os relatores
Classe CNJ
Selecione
Assunto CNJ
Selecione
Órgão Julgador
Selecione os órgãos julgadores
Meio de Tramitação
Ambos
Eletrônico
Físico
Tipo de consulta
Ambos
Acórdãos
Decisões Monocráticas
Limpar Todos
Aplicar
 
Total: 6266
12345
DOCUMENTO 1 
Acompanhamento Processual
Resultado sem Formatação
Imprimir
ACÓRDÃO
PROCESSO
0056907-55.2023.8.17.2001 
CLASSE CNJ
198 APELAÇÃO CÍVEL
ASSUNTO CNJ
7698 Perdas e Danos
RELATOR(A)
CARLOS FREDERICO GONCALVES DE MORAES
ÓRGÃO JULGADOR
Gabinete do Des. Carlos Frederico Gonçalves de Moraes (4ª CC)
DATA DE JULGAMENTO
31/07/2026
DATA DA PUBLICAÇÃO/FONTE
31/07/2026
MEIO DE TRAMITAÇÃO
ELETRONICO
EMENTA

        

  




QUARTA CÂMARA CÍVEL 




APELAÇÃO CÍVEL Nº 0056907-55.2023.8.17.2001 




APELANTE: EDNALDO AMARO DOS SANTOS 




APELADA: WILENE MANTA DOS SANTOS 




JUÍZO DE ORIGEM: SEÇÃO A DA 8ª VARA CÍVEL DA CAPITAL 




RELATOR: DES. CARLOS MORAES



 






EMENTA 




I. CASO EM EXAME




1.  Apelação cível contra sentença que julgou procedente ação de reintegração de posse de imóvel urbano, fundamentada em nulidade de contrato de compra e venda reconhecida em processo anterior com trânsito em julgado.




II. QUESTÃO EM DISCUSSÃO 




2. A questão consiste em definir se a posse exercida com base em título declarado nulo judicialmente configura esbulho possessório e se o decurso do tempo (17 anos) obsta a reintegração de posse pela proprietária.




III. RAZÕES DE DECIDIR 




3. A declaração judicial de nulidade absoluta de negócio jurídico (venda a non domino) opera efeitos ex tunc, tornando a posse do adquirente injusta e precária (Art. 166 e 169, CC). 




4. A existência de coisa julgada sobre a nulidade do título afasta a boa-fé e o justo título necessários para a manutenção da posse ou reconhecimento de usucapião ordinária. 




5. O julgamento antecipado da lide não configura cerceamento de defesa quando a prova documental (sentença anulatória transitada em julgado) é suficiente para o convencimento do juízo (Art. 355, I, CPC). 




6. A posse indireta da proprietária, ainda que residente no exterior, é protegida contra o esbulho praticado por quem detém o bem sem título jurídico válido.




IV. DISPOSITIVO E TESE 




7. Recurso não provido. Majorado os honorários advocatícios para 15% sobre o valor da causa, observada a gratuidade da justiça.




Tese de julgamento: "1. A posse exercida com base em contrato de compra e venda declarado nulo por sentença transitada em julgado é injusta, autorizando a reintegração de posse. 2. O vício de nulidade absoluta não convalesce pelo decurso do tempo, inexistindo decadência para a retomada do bem esbulhado." Dispositivos relevantes citados: CC, arts. 169 e 1.200; CPC, art. 355, I.




ACÓRDÃO




Vistos, relatados e discutidos os presentes autos da Apelação Cível nº 0056907-55.2023.8.17.2001, ACORDAM os Desembargadores integrantes da 4ª Câmara Cível do Tribunal de Justiça do Estado de Pernambuco, à unanimidade, em NEGAR PROVIMENTO ao recurso, nos termos do voto do Relator, da ementa e das eventuais notas taquigráficas em anexo, integrantes do julgado.




Recife, data registrada no sistema.




Des. Carlos Moraes 




Relator




 


      
ACÓRDÃO

        















Tribunal de Justiça de Pernambuco
 Poder Judiciário





4ª Câmara Cível - Recife




 - F:(  ) 




Processo nº 0056907-55.2023.8.17.2001




APELANTE: EDNALDO AMARO DOS SANTOS




APELADO(A): WILENE MANTA DOS SANTOS









INTEIRO TEOR









Relator: 
CARLOS FREDERICO GONCALVES DE MORAES










Relatório:




 




 




QUARTA CÂMARA CÍVEL 




EMBARGOS DE DECLARAÇÃO NA APELAÇÃO CÍVEL Nº 0056907-55.2023.8.17.2001 




EMBARGANTE: EDNALDO AMARO DOS SANTOS 




EMBARGADA: WILENE MANTA DOS SANTOS RELATOR: 




DES. CARLOS MORAES




____________________________________________________________ 




RELATÓRIO




Trata-se de Embargos de Declaração (ID 62309720) opostos por EDNALDO AMARO DOS SANTOS em face do acórdão proferido por esta Quarta Câmara Cível (ID 61028552), que, à unanimidade, negou provimento ao seu recurso de apelação, mantendo a sentença de procedência da Ação de Reintegração de Posse ajuizada por WILENE MANTA DOS SANTOS.




Em suas razões, o embargante alega, em síntese, a existência de omissões e contradições no julgado. Sustenta que o acórdão foi omisso quanto à tese de cerceamento de defesa, decorrente do julgamento antecipado da lide sem a produção de prova testemunhal requerida. Aponta omissão e contradição no tocante à prejudicialidade externa com a Ação de Usucapião nº 0000895-51.2016.8.17.0001. Aduz, ainda, omissão sobre os limites objetivos da coisa julgada formada na Ação Anulatória nº 0072648-73.2013.8.17.0001, que, segundo defende, não poderia qualificar automaticamente sua posse como injusta. Por fim, alega omissão na análise das teses de posse velha, decadência e prescrição da pretensão possessória. Requer o acolhimento dos embargos, com efeitos infringentes, ou, subsidiariamente, para fins de prequestionamento dos dispositivos legais e constitucionais que elenca.




Contrarrazões dispensadas, em face de não ser a hipótese de aplicação de efeitos infringentes aos presentes embargos (AgInt nos EDcl no AREsp n. 2.292.044/GO, relator Ministro Humberto Martins, Terceira Turma, julgado em 4/12/2023, DJe de 6/12/2023).




É o relatório.




Inclua-se o feito na pauta de julgamento.




Recife, data registrada no sistema.




Des. Carlos Moraes 




Relator




 




 




 




 










Voto vencedor:




 




  




QUARTA CÂMARA CÍVEL 




EMBARGOS DE DECLARAÇÃO NA APELAÇÃO CÍVEL Nº 0056907-55.2023.8.17.2001 




EMBARGANTE: EDNALDO AMARO DOS SANTOS 




EMBARGADA: WILENE MANTA DOS SANTOS RELATOR: 




DES. CARLOS MORAES 



 






VOTO




Os presentes embargos de declaração, embora tempestivos, não merecem acolhimento.




O recurso de embargos de declaração possui fundamentação vinculada, restringindo-se às hipóteses taxativamente previstas no art. 1.022 do Código de Processo Civil, quais sejam, sanar obscuridade, eliminar contradição, suprir omissão ou corrigir erro material. Não se presta, portanto, à rediscussão de matéria já devidamente analisada e decidida no acórdão embargado.




O embargante, a pretexto de apontar vícios, busca, na verdade, a reforma do julgado por mero inconformismo com a tese adotada, o que é inviável na via estreita dos aclaratórios.




A alegada omissão sobre o cerceamento de defesa não se sustenta. O acórdão foi explícito ao fundamentar que a questão controvertida era eminentemente de direito e documental, tornando desnecessária a produção de prova oral. A existência de coisa julgada material, consubstanciada no acórdão proferido no processo nº 0072648-73.2013.8.17.0001, que declarou a nulidade absoluta do título que embasava a posse do embargante, torna a dilação probatória para comprovar a natureza da posse um ato inócuo. A posse, nascida de um ato nulo, é juridicamente injusta, e nenhuma prova testemunhal poderia alterar essa qualificação jurídica. O julgamento antecipado, nesse contexto, foi um dever do magistrado, em observância ao art. 355, I, do CPC.




No que tange à omissão e contradição quanto à conexão com a Ação de Usucapião, o acórdão também enfrentou a questão de forma clara, assentando a independência entre os juízos possessório e petitório. A procedência da reintegração de posse se baseia na injustiça da posse do embargante, vício que decorre da nulidade absoluta do seu título de aquisição. Tal nulidade, declarada em juízo com trânsito em julgado, impede o reconhecimento de justo título e boa-fé, requisitos indispensáveis para a usucapião ordinária. A posse que se iniciou de forma precária, por derivar de negócio nulo, não se convalida para fins de usucapião em detrimento do proprietário esbulhado.




Quanto à suposta omissão sobre os limites objetivos da coisa julgada, o argumento do embargante beira a má-fé. O acórdão não extrapolou os limites da decisão proferida na ação anulatória. Pelo contrário, apenas aplicou a consequência jurídica inarredável daquele julgado. A declaração de nulidade de um negócio jurídico opera efeitos ex tunc, retroagindo para fulminar todos os efeitos produzidos pelo ato. Assim, a posse do embargante, que se originou do negócio nulo, é considerada injusta desde o seu nascedouro. Trata-se de aplicação direta do direito, e não de ampliação da coisa julgada. A propósito, o Superior Tribunal de Justiça já pacificou que a venda realizada por quem não é proprietário é nula de pleno direito, sendo insuscetível de convalidação. 




Finalmente, a omissão sobre posse velha, decadência e prescrição também não procede. O acórdão foi categórico ao afirmar que a nulidade absoluta não se convalesce com o tempo, nos termos do art. 169 do Código Civil. A pretensão de reintegração de posse, neste caso, não se submete a prazo prescricional enquanto perdurar o esbulho, pois a posse do embargante é continuamente injusta. Confundir a imprescritibilidade da nulidade com a prescrição da pretensão possessória é um equívoco que não encontra amparo na ordem jurídica.




O pleito de prequestionamento também não merece prosperar, pois, para tal finalidade, é necessária a demonstração de um dos vícios do art. 1.022 do CPC, o que não ocorreu. O julgado abordou todas as questões relevantes para o deslinde da causa, não havendo necessidade de menção expressa a todos os dispositivos legais invocados pela parte.




O que se verifica, em verdade, é o inconformismo do embargante com o resultado do julgamento, o que não se admite em sede de embargos de declaração. Nesse sentido, cite-se a jurisprudência do Superior Tribunal de Justiça:




EMBARGOS DE DECLARAÇÃO NO RECURSO ESPECIAL. PROCESSO CIVIL. PREVIDÊNCIA COMPLEMENTAR. PREVIDÊNCIA USIMINAS. OMISSÃO, CONTRADIÇÃO OU OBSCURIDADE. INEXISTÊNCIA. ERRO MATERIAL. EXISTÊNCIA. Os embargos de declaração objetivam sanar eventual existência de obscuridade, contradição, omissão e/ou erro material no julgado (CPC, art. 1.022), sendo inadmissível a oposição para rediscussão de questão debatida e devidamente fundamentada na decisão embargada, principalmente porque não se prestam para provocar novo julgamento do feito. (EDcl no REsp n. 1.964.067/ES, relator Ministro João Otávio de Noronha, relator para acórdão Ministro Humberto Martins, Segunda Seção, julgado em 23/8/2023, DJe de 13/9/2023.)




EMBARGOS DE DECLARAÇÃO NO AGRAVO INTERNO. RECURSO ESPECIAL. AÇÃO DE INDENIZAÇÃO. DANOS MATERIAIS E MORAIS. OPERAÇÃO DE CÂMBIO. MÁ PRESTAÇÃO DE SERVIÇOS. COMPROVAÇÃO. APLICAÇÃO DA SÚMULA 7/STJ. OMISSÃO. INEXISTÊNCIA. 1. Os embargos de declaração somente se prestam a sanar vício porventura existente no acórdão, não servindo à rediscussão da matéria já julgada no recurso. 2. Embargos de declaração rejeitados. (EDcl no AgInt no REsp n. 1.456.036/SP, relatora Ministra Maria Isabel Gallotti, Quarta Turma, julgado em 10/8/2021, DJe de 23/8/2021).




Ante o exposto, inexistindo qualquer vício a ser sanado, REJEITO os presentes embargos de declaração.




É como voto.




Recife, data registrada no sistema.




Des. Carlos Moraes 




Relator




 




 




 










 




Demais votos:




 










Ementa:




 




  




QUARTA CÂMARA CÍVEL 




EMBARGOS DE DECLARAÇÃO NA APELAÇÃO CÍVEL Nº 0056907-55.2023.8.17.2001 




EMBARGANTE: EDNALDO AMARO DOS SANTOS 




EMBARGADA: WILENE MANTA DOS SANTOS RELATOR: 




DES. CARLOS MORAES 



 






EMENTA




I. CASO EM EXAME




1.          Embargos de Declaração opostos em face de acórdão que negou provimento à apelação e manteve a sentença de procedência em ação de reintegração de posse, fundamentada na nulidade de negócio jurídico de compra e venda, reconhecida em processo anterior com trânsito em julgado.




II. QUESTÃO EM DISCUSSÃO 




2. A questão consiste em definir se o acórdão embargado padece dos vícios de omissão e contradição, ao rejeitar as teses de cerceamento de defesa, conexão com ação de usucapião, e ao não se pronunciar sobre os limites da coisa julgada, prescrição e decadência.




III. RAZÕES DE DECIDIR 




3. Os embargos de declaração não constituem via adequada para a rediscussão do mérito da causa, mas tão somente para sanar os vícios elencados no art. 1.022 do CPC. 




4. Inexiste cerceamento de defesa quando o julgamento antecipado da lide se fundamenta na suficiência da prova documental e na existência de coisa julgada sobre questão prejudicial, tornando inócua a produção de prova testemunhal. 




5. A posse decorrente de negócio jurídico declarado nulo por sentença transitada em julgado é injusta e precária, não podendo ser convalidada pelo tempo nem servir de base para usucapião, o que afasta a alegada prejudicialidade externa. 




6. A nulidade absoluta é vício insanável e imprescritível, operando efeitos ex tunc e impedindo a convalidação do ato pelo decurso do tempo, conforme art. 169 do Código Civil. 




7. A ausência dos vícios autorizadores e o nítido caráter de inconformismo com o resultado do julgamento impõem a rejeição dos aclaratórios, ainda que para fins de prequestionamento.




IV. DISPOSITIVO E TESE 




8. Embargos de declaração rejeitados. 




Tese de julgamento: "1. Os embargos de declaração não se prestam à rediscussão de matéria já decidida, visando apenas sanar vícios de omissão, contradição, obscuridade ou erro material. 2. Inexistindo os vícios do art. 1.022 do CPC, e evidenciado o mero inconformismo da parte com o resultado do julgamento, a rejeição dos aclaratórios é medida que se impõe, ainda que para fins de prequestionamento." Dispositivos relevantes citados: Código de Processo Civil, arts. 355, I, e 1.022; Código Civil, art. 169.



 






ACÓRDÃO




Vistos, relatados e discutidos os presentes autos, ACORDAM os Desembargadores integrantes da Quarta Câmara Cível do Tribunal de Justiça de Pernambuco, à unanimidade, em REJEITAR os embargos de declaração, nos termos do voto do Relator, da ementa e das notas taquigráficas em anexo, que fazem parte integrante deste julgado.




Recife, data registrada no sistema.




Des. Carlos Moraes 




Relator




 




 




 










Proclamação da decisão:




À unanimidade de votos, foram rejeitados os Embargos de Declaração, nos termos do voto da Relatoria.










Magistrados: [ADALBERTO DE OLIVEIRA MELO, HUMBERTO COSTA VASCONCELOS JUNIOR, CARLOS FREDERICO GONCALVES DE MORAES]
















Recife, 31 de julho de 2026




 




 




 




 




 




 




 




Magistrado


      
DOCUMENTO 2  
Acompanhamento Processual
Resultado sem Formatação
Imprimir
ACÓRDÃO
PROCESSO
0144220-54.2023.8.17.2001 
CLASSE CNJ
198 APELAÇÃO CÍVEL
ASSUNTO CNJ
10458 Usucapião Extraordinária
RELATOR(A)
CARLOS FREDERICO GONCALVES DE MORAES
ÓRGÃO JULGADOR
Gabinete do Des. Carlos Frederico Gonçalves de Moraes (4ª CC)
DATA DE JULGAMENTO
31/07/2026
DATA DA PUBLICAÇÃO/FONTE
31/07/2026
MEIO DE TRAMITAÇÃO
ELETRONICO
EMENTA

        

  




QUARTA CÂMARA CÍVEL 




APELAÇÃO CÍVEL Nº 0144220-54.2023.8.17.2001 




APELANTES: LUCIA MARIA DOS SANTOS E ROBERTO FERNANDO DOS SANTOS 




APELADOS: JORGE LUIS DOS SANTOS E OUTROS 




JUÍZO DE ORIGEM: SEÇÃO A DA 10ª VARA CÍVEL DA CAPITAL 




RELATOR: DES. CARLOS MORAES 



 






EMENTA




I. CASO EM EXAME




1.          Apelação cível contra sentença que extinguiu ação de usucapião extraordinária entre coerdeiros, sem resolução do mérito, por falta de interesse de agir, sob o fundamento de que a via adequada seria o inventário e que houve oposição extrajudicial.




II. QUESTÃO EM DISCUSSÃO 2. A questão consiste em definir se o herdeiro tem interesse de agir para pleitear a usucapião de imóvel integrante do acervo hereditário quando alega posse exclusiva e se a oposição extrajudicial obsta o prosseguimento da ação.




III. RAZÕES DE DECIDIR 




3. O herdeiro tem legitimidade e interesse de agir para usucapir em nome próprio imóvel objeto de herança, desde que comprove o exercício da posse exclusiva com ânimo de dono e os demais requisitos legais (STJ, REsp 1.631.859/SP). 




4. A existência de carta-convite extrajudicial para conciliação não caracteriza oposição judicial eficaz para interromper a prescrição aquisitiva ou afastar o interesse processual, sendo matéria de mérito a ser apreciada após a instrução. 




5. A extinção prematura do feito viola o direito à prova e o acesso à justiça, impondo-se a anulação da sentença para o regular processamento da lide.




IV. DISPOSITIVO E TESE 




6. Recurso provido. Sentença anulada. 




Tese de julgamento: "É cabível a ação de usucapião de bem imóvel integrante de espólio por um dos herdeiros, desde que alegada a posse exclusiva, sendo nula a sentença que extingue o feito por falta de interesse de agir sem a devida instrução probatória." Dispositivos relevantes citados: CC, art. 1.238; CPC, art. 485, VI.




ACÓRDÃO




Vistos, relatados e discutidos os presentes autos da Apelação Cível nº 0144220-54.2023.8.17.2001, ACORDAM os Desembargadores integrantes da 4ª Câmara Cível do Tribunal de Justiça do Estado de Pernambuco, à unanimidade, em DAR PROVIMENTO ao recurso, nos termos do voto do Relator, da ementa e das eventuais notas taquigráficas em anexo, integrantes do julgado.




Recife, data registrada no sistema.




Des. Carlos Moraes 




Relator




 




 


      
ACÓRDÃO

        















Tribunal de Justiça de Pernambuco
 Poder Judiciário





4ª Câmara Cível - Recife




 - F:(  ) 




Processo nº 0144220-54.2023.8.17.2001




APELANTE: LUCIA MARIA DOS SANTOS, ROBERTO FERNANDO DOS SANTOS




APELADO(A): JORGE LUIS DOS SANTOS, ANA CLAUDIA DOS SANTOS SILVA, LUIZ CLAUDIO DOS SANTOS, MANOEL CLAUDIO DOS SANTOS FILHO, ANDREZA VALESCA BARROS DOS SANTOS, JOSE ALESSON GUTEMBERG CASTRO DOS SANTOS









INTEIRO TEOR









Relator: 
CARLOS FREDERICO GONCALVES DE MORAES










Relatório:




 




 




QUARTA CÂMARA CÍVEL 




EMBARGOS DE DECLARAÇÃO NA APELAÇÃO Nº 0144220-54.2023.8.17.2001 




EMBARGANTES: JORGE LUIS DOS SANTOS E OUTROS 




EMBARGADOS: LUCIA MARIA DOS SANTOS E OUTRO 




RELATOR: DES. CARLOS MORAES




____________________________________________________________ 




RELATÓRIO




Trata-se de Embargos de Declaração opostos por JORGE LUIS DOS SANTOS, ANA CLAUDIA DOS SANTOS SILVA e LUIZ CLAUDIO DOS SANTOS em face do acórdão proferido por esta Quarta Câmara Cível (ID 61028553), que, à unanimidade, deu provimento ao recurso de apelação interposto pelos ora embargados para anular a sentença de primeiro grau, a qual havia extinguido a Ação de Usucapião Extraordinária sem resolução do mérito (art. 485, VI, CPC).




Em suas razões (ID 61035078), os embargantes sustentam, em síntese, a existência de omissão e obscuridade no julgado. Alegam que o acórdão determinou o retorno dos autos para "abertura da fase instrutória", desconsiderando que a instrução processual já teria ocorrido, com a realização de audiência (ID 54456725), oitiva das partes e de testemunhas, cujos elementos foram, inclusive, objeto de análise em suas contrarrazões ao apelo.




Apontam, ainda, omissão quanto à possibilidade de julgamento imediato do mérito por este Tribunal, com base na teoria da causa madura (art. 1.013, § 3º, I, do CPC), uma vez que o conjunto probatório já seria suficiente para demonstrar a ausência dos requisitos da usucapião.




Ademais, aduzem que o acórdão se omitiu sobre a existência de um processo de inventário (nº 0161655-75.2022.8.17.2001) e outras provas que, em conjunto, demonstrariam a oposição dos herdeiros, para além da mera carta-convite da Defensoria Pública.




Por fim, requerem o saneamento dos vícios, com a atribuição de efeitos infringentes para, se o caso, julgar o mérito da causa, e prequestionam os artigos 1.022, I e II, 489, §1º, IV, 1.013, §§1º, 2º e 3º, I, e 370 do Código de Processo Civil, bem como o art. 1.238 do Código Civil.




Contrarrazões dispensadas, em face de não ser a hipótese de aplicação de efeitos infringentes aos presentes embargos (AgInt nos EDcl no AREsp n. 2.292.044/GO, relator Ministro Humberto Martins, Terceira Turma, julgado em 4/12/2023, DJe de 6/12/2023).




Inclua-se o feito na pauta de julgamento.




Recife, data registrada no sistema.




Des. Carlos Moraes 




Relator




 




 










Voto vencedor:




 




  




QUARTA CÂMARA CÍVEL 




EMBARGOS DE DECLARAÇÃO NA APELAÇÃO Nº 0144220-54.2023.8.17.2001 




EMBARGANTES: JORGE LUIS DOS SANTOS E OUTROS 




EMBARGADOS: LUCIA MARIA DOS SANTOS E OUTRO 




RELATOR: DES. CARLOS MORAES 



 






VOTO




Os presentes embargos de declaração, embora tempestivos, não merecem acolhimento.




A via estreita dos aclaratórios, conforme dicção do art. 1.022 do Código de Processo Civil, destina-se exclusivamente a sanar omissão, contradição, obscuridade ou corrigir erro material porventura existentes no julgado, não se prestando à rediscussão de matéria devidamente analisada e fundamentada.




No caso vertente, os embargantes, a pretexto de apontar vícios, buscam, em verdade, o reexame do mérito da decisão colegiada que lhes foi desfavorável, o que é inadmissível.




A primeira alegação, de omissão/obscuridade quanto à determinação de "abertura da fase instrutória" quando já realizada audiência, não se sustenta. O acórdão embargado, ao anular a sentença terminativa por ausência de interesse de agir, restabeleceu o curso do processo para que o mérito da usucapião seja devidamente analisado pelo juízo de origem. A expressão "abertura da fase instrutória" deve ser compreendida em seu sentido teleológico: a de que o feito deve prosseguir para o seu desfecho natural, com a prolação de uma sentença de mérito, o que pode incluir, a critério do magistrado, a produção de provas complementares ou, simplesmente, o julgamento com base no acervo já existente, incluindo a prova oral colhida (ID 54456725).




O vício da sentença de primeiro grau foi o de obstar, prematuramente, a análise de mérito. O acórdão corrigiu esse error in procedendo, devolvendo ao juízo a quo a competência para analisar, pela primeira vez, o conjunto probatório e decidir sobre a presença ou não dos requisitos da usucapião. Não há, portanto, qualquer omissão ou obscuridade, mas uma diretriz clara para o devido processamento da lide.




No que tange à suposta omissão quanto à aplicação da teoria da causa madura (art. 1.013, § 3º, I, do CPC), melhor sorte não assiste aos embargantes. A aplicação de tal teoria é uma faculdade do Tribunal, não um dever. No caso concreto, a decisão de devolver os autos à primeira instância prestigia o princípio do duplo grau de jurisdição, permitindo que a matéria de mérito, complexa e eminentemente fática, seja primeiramente apreciada pelo juiz que presidiu a instrução. O acórdão não se omitiu; fez uma escolha processual fundamentada na prudência e no respeito à ordem natural do processo.




Da mesma forma, não há omissão quanto à análise do processo de inventário ou das demais provas que, segundo os embargantes, configurariam a oposição. Tais argumentos — existência de inventário, confissões em audiência, propostas de compra de cotas — são a própria essência do mérito da usucapião. O acórdão, ao afastar a extinção por falta de interesse de agir, determinou que exatamente essas questões fossem analisadas em profundidade pelo juízo competente. Não as ignorou, mas as situou em seu devido lugar processual: o julgamento de mérito, que não foi objeto da sentença cassada.




O que se verifica, em verdade, é o inconformismo do embargante com o resultado do julgamento, o que não se admite em sede de embargos de declaração. Nesse sentido, a jurisprudência do Superior Tribunal de Justiça é uníssona:




EMBARGOS DE DECLARAÇÃO NO RECURSO ESPECIAL. PROCESSO CIVIL. PREVIDÊNCIA COMPLEMENTAR. PREVIDÊNCIA USIMINAS. OMISSÃO, CONTRADIÇÃO OU OBSCURIDADE. INEXISTÊNCIA. ERRO MATERIAL. EXISTÊNCIA. Os embargos de declaração objetivam sanar eventual existência de obscuridade, contradição, omissão e/ou erro material no julgado (CPC, art. 1.022), sendo inadmissível a oposição para rediscussão de questão debatida e devidamente fundamentada na decisão embargada, principalmente porque não se prestam para provocar novo julgamento do feito. (EDcl no REsp n. 1.964.067/ES, relator Ministro João Otávio de Noronha, relator para acórdão Ministro Humberto Martins, Segunda Seção, julgado em 23/8/2023, DJe de 13/9/2023.)




EMBARGOS DE DECLARAÇÃO NO AGRAVO INTERNO. RECURSO ESPECIAL. AÇÃO DE INDENIZAÇÃO. DANOS MATERIAIS E MORAIS. OPERAÇÃO DE CÂMBIO. MÁ PRESTAÇÃO DE SERVIÇOS. COMPROVAÇÃO. APLICAÇÃO DA SÚMULA 7/STJ. OMISSÃO. INEXISTÊNCIA. 1. Os embargos de declaração somente se prestam a sanar vício porventura existente no acórdão, não servindo à rediscussão da matéria já julgada no recurso. 2. Embargos de declaração rejeitados. (EDcl no AgInt no REsp n. 1.456.036/SP, relatora Ministra Maria Isabel Gallotti, Quarta Turma, julgado em 10/8/2021, DJe de 23/8/2021.)




Por fim, quanto ao prequestionamento, este também não prospera. O julgador não está obrigado a responder a todas as alegações das partes, nem a se manifestar sobre todos os dispositivos legais invocados, quando já tenha encontrado motivo suficiente para fundar a decisão. O acórdão embargado está devidamente fundamentado, tendo enfrentado todas as questões necessárias ao deslinde da controvérsia posta no recurso de apelação.




Ante o exposto, por não vislumbrar qualquer dos vícios elencados no art. 1.022 do CPC, REJEITO os presentes Embargos de Declaração.




É como voto.




Recife, data registrada no sistema.




Des. Carlos Moraes 




Relator




 




 










 




Demais votos:




 










Ementa:




 




  




QUARTA CÂMARA CÍVEL 




EMBARGOS DE DECLARAÇÃO NA APELAÇÃO Nº 0144220-54.2023.8.17.2001 




EMBARGANTES: JORGE LUIS DOS SANTOS E OUTROS 




EMBARGADOS: LUCIA MARIA DOS SANTOS E OUTRO 




RELATOR: DES. CARLOS MORAES 



 






EMENTA




I. CASO EM EXAME




1.          Embargos de declaração opostos contra acórdão que deu provimento à apelação para anular sentença terminativa em ação de usucapião entre coerdeiros, determinando o retorno dos autos à origem para regular prosseguimento. Os embargantes alegam omissão e obscuridade quanto à existência de instrução probatória já realizada e à não aplicação da teoria da causa madura.




II. QUESTÃO EM DISCUSSÃO 




2. A questão consiste em definir se o acórdão embargado incorreu nos vícios de omissão ou obscuridade ao determinar o retorno dos autos para instrução, mesmo diante de prova oral já produzida, e ao não julgar o mérito da causa diretamente no Tribunal.




III. RAZÕES DE DECIDIR 




3. Os embargos de declaração não se prestam à rediscussão do mérito do julgado, mas apenas à correção dos vícios taxativamente previstos no art. 1.022 do CPC. O inconformismo da parte com o resultado do julgamento deve ser manifestado pela via recursal adequada. 




4. Não há omissão ou obscuridade no acórdão que, ao anular sentença terminativa por error in procedendo, determina o retorno dos autos ao juízo de origem para que este, em respeito ao duplo grau de jurisdição, analise pela primeira vez o mérito da causa, valendo-se de todo o acervo probatório, inclusive daquele já produzido. 




5. A aplicação da teoria da causa madura (art. 1.013, § 3º, I, do CPC) constitui faculdade do órgão julgador, não um dever, sendo prudente o retorno dos autos à instância de origem para aprofundada análise fática. 




6. As alegações sobre a força probatória dos elementos já coligidos (audiência, inventário, etc.) constituem o próprio mérito da ação de usucapião, cuja análise foi corretamente postergada pelo acórdão para o momento do julgamento de mérito pelo juízo competente.




IV. DISPOSITIVO E TESE 




7. Embargos de declaração rejeitados. 




Tese de julgamento: "Não padece de omissão ou obscuridade o acórdão que, anulando sentença terminativa, determina o retorno dos autos à origem para julgamento de mérito, ainda que já exista prova oral produzida. Tal providência visa a resguardar o duplo grau de jurisdição sobre a matéria de fundo, não analisada na primeira instância, sendo a aplicação da teoria da causa madura mera faculdade do Tribunal." Dispositivos relevantes citados: Código de Processo Civil, arts. 1.013 e 1.022.



 






ACÓRDÃO




Vistos, relatados e discutidos os presentes autos, ACORDAM os Desembargadores integrantes da Quarta Câmara Cível do Tribunal de Justiça de Pernambuco, à unanimidade, em REJEITAR os embargos de declaração, nos termos do voto do Relator, da ementa e das notas taquigráficas em anexo, que fazem parte integrante deste julgado.




Recife, data registrada no sistema.




Des. Carlos Moraes 




Relator




 




 




 










Proclamação da decisão:




À unanimidade de votos, foram rejeitados os Embargos de Declaração, nos termos do voto da Relatoria.










Magistrados: [ADALBERTO DE OLIVEIRA MELO, HUMBERTO COSTA VASCONCELOS JUNIOR, CARLOS FREDERICO GONCALVES DE MORAES]
















Recife, 31 de julho de 2026




 




 




 




 




 




 




 




Magistrado


      
DOCUMENTO 3  
Acompanhamento Processual
Resultado sem Formatação
Imprimir
ACÓRDÃO
PROCESSO
0024407-38.2020.8.17.2001 
CLASSE CNJ
198 APELAÇÃO CÍVEL
ASSUNTO CNJ
10458 Usucapião Extraordinária
RELATOR(A)
CARLOS FREDERICO GONCALVES DE MORAES
ÓRGÃO JULGADOR
Gabinete do Des. Carlos Frederico Gonçalves de Moraes (4ª CC)
DATA DE JULGAMENTO
31/07/2026
DATA DA PUBLICAÇÃO/FONTE
31/07/2026
MEIO DE TRAMITAÇÃO
ELETRONICO
EMENTA

        

  




QUARTA CÂMARA CÍVEL 




APELAÇÃO CÍVEL Nº 0024407-38.2020.8.17.2001 




APELANTE: CILENO DA LUZ COSTA 




APELADOS: ANTONIO TADEU DOMINGOS DA SILVA E MARIA DOS PRAZERES DA SILVA 




JUÍZO DE ORIGEM: SEÇÃO B DA 18ª VARA CÍVEL DA CAPITAL 




RELATOR: DES. CARLOS MORAES



 






EMENTA 




I. CASO EM EXAME




1.  Apelação cível contra sentença que julgou improcedente ação de usucapião extraordinária movida por herdeiro em face de coerdeiros, sobre imóvel integrante de acervo hereditário.




II. QUESTÃO EM DISCUSSÃO 2. A questão consiste em definir se a posse exclusiva exercida por um herdeiro sobre bem comum autoriza a usucapião e se houve a demonstração da inversão do caráter da posse (interversio possessionis) e da ausência de oposição.




III. RAZÕES DE DECIDIR 




3. É juridicamente possível a usucapião entre coerdeiros ou condôminos, desde que comprovada a posse exclusiva com animus domini e a exclusão inequívoca do direito dos demais coproprietários (STJ, REsp 1.631.859/SP). 




4. A posse exercida por um dos herdeiros sobre imóvel indiviso presume-se decorrente de mera tolerância, possuindo natureza precária que afasta a prescrição aquisitiva, salvo prova cabal da transmudação do caráter da posse (Art. 1.208, CC). 




5. A existência de litígio judicial sobre o acervo hereditário (inventário) e a oposição manifestada pelos demais herdeiros em sede de defesa afastam os requisitos da mansidão e pacificidade da posse. 




6. O pagamento de encargos e a realização de benfeitorias são atos inerentes ao uso do bem e não suprem a necessidade de prova da exclusão do domínio alheio.




IV. DISPOSITIVO E TESE 




7. Recurso não provido. 




Tese de julgamento: "A usucapião entre coerdeiros exige a prova robusta da inversão do caráter da posse e da exclusão ostensiva do direito dos demais condôminos, não se configurando quando a ocupação decorre de mera tolerância ou é objeto de disputa em processo de inventário." Dispositivos relevantes citados: CC, arts. 1.208, 1.238 e 1.791; CPC, art. 487, I.




ACÓRDÃO




Vistos, relatados e discutidos os presentes autos da Apelação Cível nº 0024407-38.2020.8.17.2001, ACORDAM os Desembargadores integrantes da 4ª Câmara Cível do Tribunal de Justiça do Estado de Pernambuco, à unanimidade, em NEGAR PROVIMENTO ao recurso, nos termos do voto do Relator, da ementa e das eventuais notas taquigráficas em anexo, integrantes do julgado.




Recife, data registrada no sistema.




Des. Carlos Moraes 




Relator




 




 




 


      
ACÓRDÃO

        















Tribunal de Justiça de Pernambuco
 Poder Judiciário





4ª Câmara Cível - Recife




 - F:(  ) 




Processo nº 0024407-38.2020.8.17.2001




APELANTE: CILENO DA LUZ COSTA




APELADO(A): ANTONIO TADEU DOMINGOS DA SILVA, MARIA DOS PRAZERES DA SILVA









INTEIRO TEOR









Relator: 
CARLOS FREDERICO GONCALVES DE MORAES










Relatório:




 




 




QUARTA CÂMARA CÍVEL 




EMBARGOS DE DECLARAÇÃO NA APELAÇÃO CÍVEL Nº 0024407-38.2020.8.17.2001




EMBARGANTE: CILENO DA LUZ COSTA




EMBARGADOS: ANTONIO TADEU DOMINGOS DA SILVA E MARIA DOS PRAZERES DA SILVA




RELATOR: DES. CARLOS MORAES




____________________________________________________________




RELATÓRIO




Trata-se de Embargos de Declaração opostos por CILENO DA LUZ COSTA em face do Acórdão (Id. 61852435) proferido por esta Egrégia Quarta Câmara Cível, que, à unanimidade, negou provimento ao seu Recurso de Apelação, mantendo incólume a sentença de primeiro grau que julgou improcedente a Ação de Usucapião por ele ajuizada.




O embargante sustenta, em suas razões (Id. 62270828), a existência de vícios de omissão e contradição no julgado.




No que tange à omissão, alega que o Acórdão se limitou a analisar a pretensão sob a ótica da usucapião extraordinária (art. 1.238 do Código Civil), silenciando sobre a tese de usucapião especial urbana (art. 1.240 do CC e art. 183 da CF), a qual, segundo afirma, amolda-se aos fatos, notadamente por se tratar de imóvel com área inferior a 250 m² e utilizado para sua moradia há mais de cinco anos.




Quanto à contradição, aduz que o julgado, embora reconheça a tese do Superior Tribunal de Justiça sobre a possibilidade de usucapião entre coerdeiros, nega sua aplicação ao caso concreto sem analisar devidamente os fatos que comprovariam a inversão do caráter da posse (interversio possessionis). Argumenta que a menção a uma disputa em Vara de Sucessões é equivocada, pois a demanda anterior apenas declarou o condomínio, não configurando oposição à posse. Defende que seu animus domini exclusivo se manifesta desde 2008, por meio de atos ostensivos de dono, como a realização de benfeitorias e o pagamento de tributos.




Por fim, pugna pelo acolhimento dos embargos, com a atribuição de efeitos infringentes para reformar o Acórdão e julgar procedente a apelação ou, subsidiariamente, para fins de prequestionamento dos artigos 1.238, parágrafo único, e 1.240 do Código Civil, do art. 183 da Constituição Federal, e da correta aplicação da jurisprudência do STJ (REsp 1.631.859/SP e REsp 1.909.276/RJ).




Contrarrazões dispensadas, em face de não ser a hipótese de aplicação de efeitos infringentes aos presentes embargos (AgInt nos EDcl no AREsp n. 2.292.044/GO, relator Ministro Humberto Martins, Terceira Turma, julgado em 4/12/2023, DJe de 6/12/2023).




É o relatório.




Inclua-se o feito na pauta de julgamento.




Recife, data registrada no sistema.




Des. Carlos Moraes




Relator




 




 




 










Voto vencedor:




 




 




QUARTA CÂMARA CÍVEL 




EMBARGOS DE DECLARAÇÃO NA APELAÇÃO CÍVEL Nº 0024407-38.2020.8.17.2001




EMBARGANTE: CILENO DA LUZ COSTA




EMBARGADOS: ANTONIO TADEU DOMINGOS DA SILVA E MARIA DOS PRAZERES DA SILVA




RELATOR: DES. CARLOS MORAES




____________________________________________________________




VOTO




Os presentes Embargos de Declaração, embora tempestivos, não merecem acolhimento. O recurso, previsto no artigo 1.022 do Código de Processo Civil, destina-se a sanar obscuridade, eliminar contradição, suprir omissão ou corrigir erro material, não se prestando à rediscussão de matéria já devidamente analisada e julgada.




O embargante alega, primeiramente, omissão quanto à tese de usucapião especial urbana. Contudo, a questão central debatida desde a origem e devolvida a esta Corte no apelo foi a natureza da posse exercida por um coerdeiro sobre bem comum. O Acórdão embargado enfrentou exaustivamente este ponto, concluindo pela ausência de animus domini qualificado, requisito indispensável a qualquer modalidade de usucapião. Uma vez afastado o pressuposto anímico da posse, torna-se despicienda a análise de outras espécies de usucapião, cujos requisitos, embora distintos no tempo e no objeto, partem da mesma premissa de uma posse exercida com intenção de dono. A decisão fundamentou-se na precariedade da posse, decorrente de mera tolerância dos demais condôminos, o que obsta a prescrição aquisitiva em todas as suas formas. Não há, portanto, omissão a ser sanada.




No que se refere à suposta contradição, o embargante distorce a fundamentação do julgado. O Acórdão não negou a possibilidade teórica da usucapião entre herdeiros, tese, aliás, que expressamente citou com base na jurisprudência do Superior Tribunal de Justiça. O que se afirmou, com base na análise das provas dos autos, foi que o embargante não logrou êxito em demonstrar a inversão do caráter de sua posse (interversio possessionis).




A posse que se origina de um condomínio hereditário presume-se precária. Para que se transmude em posse ad usucapionem, exige-se a prática de atos inequívocos e ostensivos de oposição ao direito dos demais coerdeiros, manifestando de forma clara a intenção de privatizar a coisa comum. O pagamento de tributos e a realização de benfeitorias, como bem pontuado no voto condutor, são atos de administração e conservação inerentes ao uso do bem e não se traduzem, por si sós, em exclusão do direito alheio.




Ademais, a menção à existência de litígio judicial prévio, ainda que para declarar o condomínio, reforça a ausência de pacificidade e a ciência do embargante sobre o direito dos demais, afastando a posse mansa e incontestada. A "oposição" a que se refere a lei não se resume a medidas judiciais de reintegração, mas abrange qualquer ato que rompa a aquiescência dos demais proprietários, e a própria contestação nesta ação de usucapião é a prova cabal da resistência dos embargados.




O que se verifica, em verdade, é o inconformismo do embargante com o resultado do julgamento, o que não se admite em sede de embargos de declaração. Nesse sentido, a jurisprudência do Superior Tribunal de Justiça é uníssona:




EMBARGOS DE DECLARAÇÃO NO RECURSO ESPECIAL. PROCESSO CIVIL. PREVIDÊNCIA COMPLEMENTAR. PREVIDÊNCIA USIMINAS. OMISSÃO, CONTRADIÇÃO OU OBSCURIDADE. INEXISTÊNCIA. ERRO MATERIAL. EXISTÊNCIA. Os embargos de declaração objetivam sanar eventual existência de obscuridade, contradição, omissão e/ou erro material no julgado (CPC, art. 1.022), sendo inadmissível a oposição para rediscussão de questão debatida e devidamente fundamentada na decisão embargada, principalmente porque não se prestam para provocar novo julgamento do feito. (EDcl no REsp n. 1.964.067/ES, relator Ministro João Otávio de Noronha, relator para acórdão Ministro Humberto Martins, Segunda Seção, julgado em 23/8/2023, DJe de 13/9/2023.)




EMBARGOS DE DECLARAÇÃO NO AGRAVO INTERNO. RECURSO ESPECIAL. AÇÃO DE INDENIZAÇÃO. DANOS MATERIAIS E MORAIS. OPERAÇÃO DE CÂMBIO. MÁ PRESTAÇÃO DE SERVIÇOS. COMPROVAÇÃO. APLICAÇÃO DA SÚMULA 7/STJ. OMISSÃO. INEXISTÊNCIA. 1. Os embargos de declaração somente se prestam a sanar vício porventura existente no acórdão, não servindo à rediscussão da matéria já julgada no recurso. 2. Embargos de declaração rejeitados. (EDcl no AgInt no REsp n. 1.456.036/SP, relatora Ministra Maria Isabel Gallotti, Quarta Turma, julgado em 10/8/2021, DJe de 23/8/2021.)




Por fim, quanto ao prequestionamento, o art. 1.025 do CPC consagra o prequestionamento ficto, considerando incluídos no acórdão os elementos suscitados pelo embargante, ainda que os embargos sejam rejeitados.




Ante o exposto, por não vislumbrar no Acórdão embargado qualquer omissão, contradição, obscuridade ou erro material, REJEITO OS PRESENTES EMBARGOS DE DECLARAÇÃO.




É como voto.




Recife, data registrada no sistema.




Des. Carlos Moraes




Relator




 




 




 




 










 




Demais votos:




 










Ementa:




 




  




QUARTA CÂMARA CÍVEL 




EMBARGOS DE DECLARAÇÃO NA APELAÇÃO CÍVEL Nº 0024407-38.2020.8.17.2001




EMBARGANTE: CILENO DA LUZ COSTA




EMBARGADOS: ANTONIO TADEU DOMINGOS DA SILVA E MARIA DOS PRAZERES DA SILVA




RELATOR: DES. CARLOS MORAES



 






EMENTA




I. CASO EM EXAME




1.  Embargos de Declaração opostos contra Acórdão que negou provimento à Apelação Cível, mantendo a improcedência de Ação de Usucapião movida por coerdeiro sobre imóvel integrante de acervo hereditário.




II. QUESTÃO EM DISCUSSÃO




1.  A questão consiste em definir se o Acórdão incorreu em omissão, por não analisar a tese de usucapião especial urbana, e em contradição, por supostamente aplicar de forma equivocada a jurisprudência do STJ sobre a interversio possessionis entre herdeiros.




III. RAZÕES DE DECIDIR




1.  Inexistência de omissão. Afastado o requisito do animus domini, indispensável a toda e qualquer modalidade de usucapião, torna-se irrelevante a análise de outras espécies de prescrição aquisitiva. A posse exercida em condomínio hereditário presume-se precária, decorrente de mera tolerância, salvo prova robusta em contrário.




2.  Inexistência de contradição. O Acórdão reconheceu a possibilidade teórica da usucapião entre coerdeiros, mas concluiu, com base no acervo probatório, pela não comprovação da inversão do caráter da posse. Atos de conservação e a existência de litígio prévio afastam a posse qualificada (ad usucapionem).




3.  O mero inconformismo com o resultado do julgamento não autoriza o manejo de Embargos de Declaração, recurso de fundamentação vinculada e que não se presta à rediscussão do mérito da causa.




IV. DISPOSITIVO E TESE




1.  Embargos de Declaração rejeitados.




Tese de julgamento: A ausência de comprovação da inversão do caráter da posse (interversio possessionis), requisito essencial para a configuração do animus domini em usucapião entre coerdeiros, torna despicienda a análise de modalidades específicas da prescrição aquisitiva, não havendo omissão ou contradição no julgado que, fundamentadamente, conclui pela precariedade da ocupação.




Dispositivos relevantes citados: Código de Processo Civil, art. 1.022; Código Civil, arts. 1.208 e 1.238.



 






ACÓRDÃO




Vistos, relatados e discutidos os presentes autos, ACORDAM os Desembargadores integrantes da Quarta Câmara Cível do Tribunal de Justiça de Pernambuco, à unanimidade, em REJEITAR OS EMBARGOS DE DECLARAÇÃO, nos termos do voto do Relator, da ementa e das notas taquigráficas em anexo, que fazem parte integrante deste julgado.




Recife, data registrada no sistema.




Des. Carlos Moraes




Relator




 




 




 




 










Proclamação da decisão:




À unanimidade de votos, foram rejeitados os Embargos de Declaração, nos termos do voto da Relatoria.










Magistrados: [ADALBERTO DE OLIVEIRA MELO, HUMBERTO COSTA VASCONCELOS JUNIOR, CARLOS FREDERICO GONCALVES DE MORAES]
















Recife, 31 de julho de 2026




 




 




 




 




 




 




 




Magistrado


      
DOCUMENTO 4  
Acompanhamento Processual
Resultado sem Formatação
Imprimir
ACÓRDÃO
PROCESSO
0004247-63.2007.8.17.1090 
CLASSE CNJ
198 APELAÇÃO CÍVEL
ASSUNTO CNJ
10458 Usucapião Extraordinária
RELATOR(A)
CANDIDO JOSE DA FONTE SARAIVA DE MORAES
ÓRGÃO JULGADOR
Gabinete do Des. Cândido José da Fonte Saraiva de Moraes
DATA DE JULGAMENTO
31/07/2026
DATA DA PUBLICAÇÃO/FONTE
31/07/2026
MEIO DE TRAMITAÇÃO
ELETRONICO
EMENTA

        

2ª CÂMARA CÍVEL




 




63- APELAÇÃO CÍVEL- 4247-63.2007.8.17.1090




RELATOR: DES. CÂNDIDO J F SARAIVA DE MORAES 




APELANTE (S): RICARDO FRANCISCO DE ASSIS BATISTA DE ALMEIDA E OUTRO




APELADO (S):  PORTLAND CONSTRUCOES E EMPREENDIMENTOS LTDA – ME




 




 




EMENTA: DIREITO CIVIL E PROCESSUAL CIVIL. APELAÇÃO CÍVEL. AÇÃO DE USUCAPIÃO EXTRAORDINÁRIA. JULGAMENTO ANTECIPADO DO MÉRITO. AUSÊNCIA DE CERCEAMENTO DE DEFESA. QUEBRA DA MANSIDÃO POSSESSÓRIA COMPROVADA POR PROVA DOCUMENTAL. INSUFICIÊNCIA DO LAPSO TEMPORAL. RECURSO DESPROVIDO.




I. Caso em exame




1.Apelação cível interposta contra sentença que julgou improcedente pedido de usucapião extraordinária, por reconhecer a quebra da mansidão possessória antes do ajuizamento da ação e a insuficiência do prazo aquisitivo exigido pela regra de transição do art. 2.028 do Código Civil.




II. Questão em discussão




2. As questões em discussão consistem em saber: (i) se o julgamento antecipado do mérito, sem produção de prova testemunhal, configurou cerceamento de defesa; (ii) se restaram preenchidos os requisitos da usucapião extraordinária, notadamente a posse mansa e pacífica e o lapso temporal; e (iii) se subsiste nulidade por ausência de citação de confinante.




III. Razões de decidir




3. O julgamento antecipado do mérito é legítimo quando o acervo documental basta à solução da controvérsia, ainda que envolva matéria de fato, não configurando cerceamento de defesa.




4. Boletim de ocorrência e interpelação judicial anteriores ao ajuizamento da ação comprovam documentalmente a quebra da mansidão possessória, pressuposto elementar da usucapião.




5. A interpelação judicial interrompe o curso do prazo prescricional aquisitivo (art. 202, V, do CC), inviabilizando o implemento do lapso temporal exigido pela regra de transição do art. 2.028 do CC.




6. Ausente demonstração de prejuízo concreto, não se decreta nulidade por falta de citação de confinante, à luz do princípio pas de nullité sans grief.
 7. Majoram-se os honorários sucumbenciais recursais nos termos do art. 85, § 11, do CPC, mantida a suspensão de exigibilidade em razão da gratuidade da justiça.




IV. Dispositivo e tese




8. Recurso de apelação desprovido. Sentença mantida.




Tese de julgamento: "1. O julgamento antecipado do mérito não configura cerceamento de defesa quando a prova documental for suficiente à solução da controvérsia. 2. A interpelação judicial anterior ao ajuizamento da ação de usucapião afasta a mansidão possessória e interrompe o prazo prescricional aquisitivo."






Dispositivos relevantes citados: arts. 355, I, 370, parágrafo único, e 85, § 11, do CPC; arts. 1.238, 202, V, e 2.028 do Código Civil; art. 550 do Código Civil de 1916. Jurisprudência relevante citada: TJPE, Apelação Cível nº 0002468-63.2019.8.17.3350, Rel. Des. Raimundo Nonato de Souza Braid Filho, 6ª Câmara Cível, j. 03/06/2026; TJPE, Apelação Cível nº 0000587-76.2024.8.17.2800, Rel. Des. Sílvio Neves Baptista Filho, 5ª Câmara Cível, j. 26/05/2026.




 




 ACÓRDÃO




 




Vistos, relatados e discutidos estes autos do recurso de apelação 4247-63.2007.8.17.1090, em que figuram as partes acima nominadas, acordam os Desembargadores que compõem a Segunda Câmara Cível do Tribunal de Justiça de Pernambuco, à unanimidade, em NEGAR PROVIMENTO ao Recurso de Apelação, tudo em conformidade com os votos e o relatório proferidos neste julgamento.




Recife, data da assinatura digital.




Des. Cândido J F Saraiva de Moraes




Relator




 


      
ACÓRDÃO

        















Tribunal de Justiça de Pernambuco
 Poder Judiciário





2ª Câmara Cível - Recife




Praça da República, S/N, 1º andar, Santo Antônio, RECIFE - PE - CEP: 50010-040  - F:(  ) 




Processo nº 0004247-63.2007.8.17.1090




APELANTE: RICARDO FRANCISCO DE ASSIS BATISTA DE ALMEIDA, ALEXANDRE PEDRO BATISTA DE ALMEIDA




APELADO(A): PORTLAND CONSTRUCOES E EMPREENDIMENTOS LTDA - ME









INTEIRO TEOR









Relator: 
CANDIDO JOSE DA FONTE SARAIVA DE MORAES










Relatório:




 




2ª CÂMARA CÍVEL




 




63- APELAÇÃO CÍVEL- 4247-63.2007.8.17.1090




RELATOR: DES. CÂNDIDO J F SARAIVA DE MORAES 




APELANTE (S): RICARDO FRANCISCO DE ASSIS BATISTA DE ALMEIDA E OUTRO




APELADO (S):  PORTLAND CONSTRUCOES E EMPREENDIMENTOS LTDA – ME




 




 RELATÓRIO




 




Cuida-se de Apelação Cível interposta por RICARDO FRANCISCO DE ASSIS BATISTA DE ALMEIDA e ALEXANDRE PEDRO BATISTA DE ALMEIDA, sucessores habilitados do autor originário, nos autos da Ação de Usucapião Extraordinária nº 0004247-63.2007.8.17.1090, ajuizada por Pedro Batista de Almeida Filho em face de PORTLAND CONSTRUÇÕES E EMPREENDIMENTOS LTDA – ME, com vistas ao reconhecimento do domínio sobre imóvel urbano correspondente ao Lote 01-A (fusão dos lotes 01 e 02), Quadra H, Loteamento Louisiana, em Pau Amarelo, Paulista/PE.




Na sentença (ID 60302139), julgou-se improcedente a pretensão inicial, com resolução de mérito, ante a constatação de ausência cumulativa dos requisitos da posse mansa e pacífica e do lapso temporal necessário à consumação da prescrição aquisitiva, reconhecendo-se, outrossim, oposição formal e documentalmente comprovada da proprietária registral anterior ao próprio ajuizamento da demanda.




Em suas razões (ID 60302146), os apelantes sustentaram, em síntese: (i) cerceamento de defesa, por não apreciação de requerimento de prova testemunhal indispensável à comprovação da posse, em ofensa ao contraditório e à ampla defesa (art. 5º, LIV e LV, CF/88); (ii) exercício de posse mansa e pacífica, com animus domini, desde 1982, por mais de vinte e cinco anos; (iii) fragilidade da data de ocupação (1992) alegada pela apelada, desprovida de lastro probatório equivalente; (iv) prejuízo decorrente da ausência de citação válida do confinante "Parque Residencial Praia do Forte"; (v) configuração de error in procedendo e error in judicando aptos a macular a decisão. Ao final, requereram o conhecimento e provimento integral do recurso, com a reforma da sentença monocrática e a manutenção da gratuidade de justiça.




Em contrarrazões (ID 60302150), a apelada PORTLAND CONSTRUÇÕES E EMPREENDIMENTOS LTDA – ME rebateu os argumentos recursais, sustentando, em síntese: (i) legitimidade do julgamento antecipado do mérito (art. 355, I, CPC), porquanto a prova testemunhal não teria aptidão para infirmar a oposição possessória documentalmente demonstrada; (ii) caracterização inequívoca da oposição formal — Boletim de Ocorrência de 17/05/2007 e Interpelação Judicial de 01/06/2007 —, anterior à propositura da ação (02/08/2007), a descaracterizar a mansidão da posse; (iii) ausência de comprovação do lapso temporal alegado, à luz do ônus probatório do autor (art. 373, I, CPC), diante de documentos mais antigos datados apenas de 1993/1996; (iv) correção na aplicação da regra de transição do art. 2.028 do Código Civil; (v) preclusão das teses já enfrentadas em sede de embargos de declaração; e (vi) inexistência de prejuízo concreto quanto à ausência de citação de confinante, à luz do princípio pas de nullité sans grief. Ao final, pugnou pelo conhecimento das contrarrazões e pelo integral desprovimento da apelação, com a manutenção incólume da sentença recorrida.




É o relatório, no essencial.




Inclua-se em pauta.




Recife, data da assinatura digital.




Des. Cândido J F Saraiva de Moraes



Relator



 










Voto vencedor:




 




2ª CÂMARA CÍVEL




 




63- APELAÇÃO CÍVEL- 4247-63.2007.8.17.1090




RELATOR: DES. CÂNDIDO J F SARAIVA DE MORAES 




APELANTE (S): RICARDO FRANCISCO DE ASSIS BATISTA DE ALMEIDA E OUTRO




APELADO (S):  PORTLAND CONSTRUCOES E EMPREENDIMENTOS LTDA – ME




 




 




 VOTO




 




Conforme relatado, e presentes os pressupostos de admissibilidade, conheço do recurso e passo a apreciá-lo.




Na origem, Pedro Batista de Almeida Filho ajuizou, em 02/08/2007, ação de usucapião extraordinária em face de proprietário incerto, postulando o domínio sobre os lotes 01 e 02 da Quadra H do Loteamento Louisiana, em Pau Amarelo, Paulista/PE, sob alegação de posse mansa, pacífica e ininterrupta desde 1982, instruindo a inicial com faturas de energia elétrica cuja mais antiga data de 1996 (ID 60301908; ID 60301910). Após seu falecimento, os ora apelantes habilitaram-se como sucessores (ID 107774087, deferida pela decisão de ID 107774096), tendo sido deferida a gratuidade da justiça em favor destes (ID 201129366, com as declarações de hipossuficiência de ID 201129373/107773374). Citada, a ré Portland Construções e Empreendimentos Ltda. – ME, titular registral do imóvel conforme Certidão da Matrícula nº 7.779 (ID 60301915), apresentou contestação (ID 60301927), sustentando ausência de posse mansa e pacífica — comprovada por Boletim de Ocorrência de 17/05/2007 (ID 60301963) e por Medida Cautelar de Interpelação Judicial ajuizada em 01/06/2007 (ID 60301943 e ID 60301965-60301968), ambos anteriores ao ajuizamento da demanda — e ausência do lapso temporal exigido pela regra de transição do art. 2.028 do Código Civil.




O juízo a quo, na sentença de ID 60302139, julgou improcedentes os pedidos, com resolução de mérito (art. 487, I, do CPC), por reconhecer a quebra da mansidão possessória antes da propositura da ação e a insuficiência do prazo aquisitivo, fixando honorários sucumbenciais em 10% sobre o valor atualizado da causa, com exigibilidade suspensa em razão da gratuidade. Os embargos de declaração opostos pelos sucessores foram rejeitados, por ausência dos vícios do art. 1.022 do CPC.




A controvérsia recursal cinge-se a saber se o julgamento antecipado do mérito, sem produção de prova testemunhal, configurou cerceamento de defesa e se, no mérito, restaram preenchidos os requisitos da usucapião extraordinária, notadamente a posse mansa e pacífica e o lapso temporal exigido pela legislação de regência.




Pois bem.




I. Das questões preliminares




Os apelantes arguem preliminar de nulidade da sentença por cerceamento de defesa, sob o argumento de que o julgamento antecipado do mérito teria suprimido a produção de prova testemunhal indispensável à demonstração da posse desde 1982.




A preliminar não merece acolhida. Explico.




O art. 370, parágrafo único, do CPC, atribui ao magistrado, como destinatário final da prova, a prerrogativa de indeferir diligências inúteis ou meramente protelatórias. O art. 355, I, do CPC, por sua vez, impõe o julgamento antecipado do mérito sempre que a controvérsia, ainda que envolva matéria de fato, prescindir de instrução probatória adicional em razão da suficiência do acervo documental já produzido — como expressamente reconhecido na sentença recorrida (ID 60302139).




No caso concreto, a quebra da mansidão possessória restou demonstrada por prova documental objetiva e incontroversa — o Boletim de Ocorrência de 17/05/2007 (ID 60301963) e a Interpelação Judicial de 01/06/2007 (ID 60301943; ID 60301965-60301968), ambos precedentes ao ajuizamento da ação em 02/08/2007 (ID 60301908). Prova oral eventualmente produzida, ainda que confirmasse o início da posse em 1982, seria inapta a infirmar tal fato documental, porquanto a mansidão da posse há de perdurar até a propositura da demanda, e não apenas em seu termo inicial. A prova testemunhal requerida, portanto, revela-se inócua ao desfecho da causa.




A esse óbice acresce-se outro, de ordem estritamente processual: o exame percuciente dos autos de origem não revela requerimento específico, tempestivo e fundamentado de produção de prova testemunhal formulado pelos apelantes na fase de instrução. As petições destes após a habilitação, incluindo o termo de audiência e a manifestação sobre a diligência de citação frustrada (ID 60302138, relativa à certidão de ID 60302134 que informou a inexistência de síndico no condomínio confinante), versam exclusivamente sobre a citação de confinantes, sem qualquer menção a prova oral.




Não se pode reconhecer cerceamento de defesa pela não apreciação de pedido que sequer foi formulado de modo específico perante o juízo de origem.




Nesse sentido, a jurisprudência deste Egrégio Tribunal de Justiça:




........




EMENTA: DIREITO CIVIL E PROCESSUAL CIVIL. APELAÇÃO CÍVEL. AÇÃO DE USUCAPIÃO. APELANTE IZÍDIO GENUÍNO AMÂNCIO NETO. APELADOS PERNAMBUCO PARTICIPAÇÕES E INVESTIMENTOS S/A – PERPART E ESPÓLIO DE MARIA DAS GRAÇAS BATISTA. SENTENÇA QUE RECONHECEU A ILEGITIMIDADE PASSIVA DA PERPART E JULGOU IMPROCEDENTE O PEDIDO EM RELAÇÃO AO ESPÓLIO. POSSE ORIGINARIAMENTE DERIVADA DE CONTRATO DE LOCAÇÃO. AUSÊNCIA DE ANIMUS DOMINI. ARTIGOS 1.196, 1.198, 1.203, 1.208 E 1.238 DO CÓDIGO CIVIL. INSUFICIÊNCIA DE PROVA DA ALEGADA INTERVERSÃO POSSESSÓRIA. INEXISTÊNCIA DE NULIDADE POR OMISSÃO. JULGAMENTO ANTECIPADO LEGÍTIMO. HONORÁRIOS RECURSAIS. RECURSO DESPROVIDO. I – Caso em exame. Apelação cível interposta por IZÍDIO GENUÍNO AMÂNCIO NETO contra sentença que, em ação de usucapião, extinguiu o feito sem resolução do mérito em relação à PERNAMBUCO PARTICIPAÇÕES E INVESTIMENTOS S/A – PERPART, por ilegitimidade passiva, e julgou improcedente o pedido em face do ESPÓLIO DE MARIA DAS GRAÇAS BATISTA, ao fundamento de que a posse do autor era precária, por decorrer de contrato de locação. II – Questão em discussão. Discute-se: (a) se a sentença padeceria de nulidade por omissão ou fundamentação deficiente; e (b) se a posse exercida pelo apelante preenche os requisitos da usucapião extraordinária do art. 1.238, parágrafo único, do Código Civil, notadamente no que se refere ao animus domini. III – Razões de decidir. 1. Não há nulidade por omissão quando o juízo enfrenta a controvérsia central e apresenta fundamento suficiente para a conclusão adotada, ainda que de forma sintética. 2. A ilegitimidade passiva da PERPART restou evidenciada diante da demonstração de que a titularidade do imóvel não mais lhe pertencia, encontrando-se a escritura definitiva em nome de MARIA DAS GRAÇAS BATISTA. 3. A usucapião exige posse ad usucapionem, exercida com animus domini, contínua e sem oposição. Posse oriunda de relação contratual, como a locação, não revela, por si, ânimo de dono. A jurisprudência do STJ admite, em tese, a transmudação da posse precária, mas exige alteração fática substancial e prova inequívoca da interversão possessória, inexistentes na hipótese. 4. O contrato de locação juntado pelo ESPÓLIO DE MARIA DAS GRAÇAS BATISTA constitui elemento documental idôneo para evidenciar a origem derivada da posse de IZÍDIO GENUÍNO AMÂNCIO NETO, não tendo o autor apresentado prova suficiente de que o ajuste se referiria a outro imóvel nem de que a posse teria posteriormente mudado de natureza. 5. O julgamento antecipado do mérito mostrou-se legítimo, porquanto a prova documental se revelou suficiente ao deslinde da controvérsia, inexistindo cerceamento de defesa. IV – Dispositivo. Apelação cível desprovida, com majoração dos honorários advocatícios sucumbenciais para 12% sobre o valor atualizado da causa, mantida a suspensão da exigibilidade em razão da gratuidade da justiça. (TJ-PE - APELAÇÃO CÍVEL: 00024686320198173350, Relator: RAIMUNDO NONATO DE SOUZA BRAID FILHO, Data de Julgamento: 03/06/2026, Gabinete do Des. Raimundo Nonato de Souza Braid Filho (6ª CC))




........




Rejeito, pois, a preliminar de cerceamento de defesa.




II. Do mérito




1. Da posse mansa e pacífica




A usucapião extraordinária, disciplinada no art. 1.238 do Código Civil, exige a comprovação cumulativa de posse com animus domini, exercida de forma contínua e incontestada, pelo prazo legal. A ausência de qualquer um desses requisitos obsta o reconhecimento do domínio pela via da prescrição aquisitiva.




No caso dos autos, a mansidão possessória — pressuposto elementar da usucapião — restou desconstituída por prova documental precisa e cronologicamente inequívoca. Em 17/05/2007, a proprietária registrou Boletim de Ocorrência por esbulho possessório (ID 60301963). Em 01/06/2007, ajuizou Medida Cautelar de Interpelação Judicial, visando à desocupação do imóvel (ID 60301943; ID 60301965-60301968). Somente em 02/08/2007 os ocupantes buscaram a tutela jurisdicional pela via da usucapião (ID 60301906). Quando o fizeram, sua posse já não era pacífica, mas litigiosa, porquanto precedida de manifestação inequívoca de resistência da titular do domínio, cuja propriedade decorre de escritura pública de 18/12/1978, registrada na Matrícula nº 7.779 desde 20/07/1981 (ID 60301915).




A interpelação judicial constitui ato formal de oposição, apto não apenas a afastar a mansidão da posse, como também a interromper o curso do prazo prescricional aquisitivo, nos termos do art. 202, V, do Código Civil. Se mesmo a notificação extrajudicial já é reconhecida por este Tribunal como suficiente para evidenciar a oposição do proprietário, com maior razão o é a medida judicial formal, revestida de definitividade processual:




........




EMENTA: DIREITO CIVIL E PROCESSUAL CIVIL. APELAÇÕES CÍVEIS EM AÇÕES DE USUCAPIÃO EXTRAORDINÁRIA E DE IMISSÃO NA POSSE JULGADAS EM CONJUNTO. DISPUTA SOBRE IMÓVEL ONDE FUNCIONAVA POSTO DE COMBUSTÍVEIS. OCUPANTE QUE ATUAVA COMO FUNCIONÁRIO E SÓCIO MINORITÁRIO SIMBÓLICO DO FALECIDO PROPRIETÁRIO REGISTRAL. AUSÊNCIA DE ANIMUS DOMINI. CONFIGURAÇÃO DE MERA DETENÇÃO. DOMÍNIO COMPROVADO POR REGISTRO IMOBILIÁRIO E TRANSMITIDO AOS HERDEIROS PELA SAISINE. PRELIMINAR DE CERCEAMENTO DE DEFESA REJEITADA. RECURSOS CONHECIDOS E IMPROVIDOS. 1-Trata-se de apelações interpostas contra sentenças que, em julgamento conjunto, rejeitaram o pedido de usucapião extraordinária formulado pelo ocupante do imóvel onde funcionava o "Posto Trajano" (Lote nº 50, Rodovia PE-52, KM-2000, Itaquitinga/PE) e acolheram o pedido de imissão na posse formulado pelo Espólio do proprietário registral. O apelante sustenta cerceamento de defesa e, no mérito, posse mansa, pacífica e ininterrupta com animus domini desde 2008. 2-As questões em discussão consistem em saber: (i) se houve cerceamento de defesa em razão do julgamento antecipado da lide na ação de usucapião; (ii) se a ocupação do apelante configura posse ad usucapionem ou mera detenção decorrente da relação de subordinação empresarial; (iii) se restam preenchidos os requisitos da usucapião extraordinária, em especial o lapso temporal e a ausência de oposição; (iv) se o Espólio demonstrou domínio apto a fundamentar a imissão na posse; (v) se cabível a majoração dos honorários sucumbenciais recursais. 3-Não há cerceamento de defesa quando a parte, intimada para especificar provas, deixa transcorrer o prazo in albis, operando-se a preclusão do direito probatório, e havendo acervo documental suficiente para o julgamento antecipado nos termos do art. 355, I, do CPC. 4-A ocupação exercida pelo apelante caracteriza mera detenção (art. 1.198 do Código Civil), e não posse com animus domini. O contrato social demonstra participação societária meramente simbólica (2% das cotas), e a documentação acostada, atas notariais de conversas via WhatsApp, apólice de seguro indicando o falecido como segurado e recibos por ele autorizados, comprova a relação de subordinação do apelante ao proprietário registral. 5-Inexiste o lapso temporal exigido para a usucapião extraordinária. O próprio apelante reconhece que o proprietário operou o estabelecimento até 2017, e a notificação extrajudicial remetida em janeiro de 2022 interrompeu o curso do prazo aquisitivo, evidenciando a oposição do titular do domínio. 6-A ação de imissão na posse, de natureza petitória, ampara-se na prova do domínio (art. 1.228 do Código Civil), comprovado pela certidão de matrícula imobiliária R-4-1.203, em nome do falecido desde janeiro de 2008. Com o óbito ocorrido em maio de 2021, o domínio e a posse indireta transferiram-se automaticamente aos herdeiros por força do princípio da saisine (art. 1.784 do Código Civil). 7-A recusa de devolução das chaves após a notificação extrajudicial de janeiro de 2022 transmudou a ocupação, antes consentida, em posse injusta, autorizando a tutela petitória deferida na origem. 8-Cabível a majoração dos honorários sucumbenciais recursais de 10% para 15% sobre o valor atualizado da causa, com fundamento no art. 85, § 11, do CPC, aplicável a ambas as demandas. 9- Recursos improvidos. TESE DE JULGAMENTO: "1. A ocupação de imóvel exercida por funcionário e sócio minoritário simbólico, em situação de subordinação ao proprietário registral, configura em tese mera detenção (art. 1.198 do CC), incapaz de gerar usucapião por ausência de animus domini. 2. A notificação extrajudicial que exige a desocupação do imóvel interrompe o curso do prazo da usucapião e converte a ocupação em posse injusta. 3. Comprovado o domínio por registro imobiliário e transmitida a posse indireta aos herdeiros pela saisine, é cabível a imissão na posse contra o detentor que se recusa a desocupar o bem." (TJ-PE - APELAÇÃO CÍVEL: 00005877620248172800, Relator: SILVIO NEVES BAPTISTA FILHO, Data de Julgamento: 26/05/2026, Gabinete do Des. Sílvio Neves Baptista Filho (5ª CC))




........




2. Do lapso temporal




Ainda que superado o óbice da mansidão, a pretensão tampouco resistiria ao exame do prazo aquisitivo. Aplicável, na espécie, a regra de transição do art. 2.028 do Código Civil, segundo a qual os prazos de usucapião iniciados sob a vigência do Código Civil de 1916 e que, na data de entrada em vigor do novo diploma, ainda não tivessem transcorrido mais da metade do tempo estabelecido pela lei revogada, submetem-se ao prazo desta — no caso, vinte anos, nos termos do art. 550 do CC/16.




Os documentos mais antigos de energia elétrica juntados pelo autor originário datam de 1996, referentes a débitos de 1993 a 1995 (ID 60301906). Considerando-se a data mais favorável aos apelantes dentre as dotadas de algum lastro documental — 1993 —, o prazo vintenário somente se completaria em 2013. A oposição judicial, formalizada em 2007 (ID 60301906), interrompeu o curso da prescrição aquisitiva antes de seu implemento, nos termos do art. 202, V, do Código Civil, tornando irrelevante, para tal desiderato, a data de 1982 alegada na inicial (ID 60301908), porquanto desprovida de comprovação documental equivalente.




3. Da alegada nulidade por ausência de citação de confinante




Por fim, não prospera a alegação de nulidade decorrente da ausência de citação do confinante "Parque Residencial Praia do Forte", cuja diligência restou frustrada por inexistência de síndico no condomínio (ID 60302134). A improcedência do pedido fundou-se exclusivamente na relação jurídica entre os ocupantes e a proprietária registral, sem qualquer disputa sobre limites confrontantes. Os apelantes não demonstraram prejuízo concreto decorrente da pendência citatória, incidindo o princípio pas de nullité sans grief, segundo o qual não se decreta nulidade processual na ausência de demonstração de efetivo prejuízo à parte que a suscita.




Diante de todo o exposto, a sentença recorrida (ID 60302139) não comporta reparos. A prova documental produzida nos autos demonstra, de forma cabal, a ausência tanto da posse mansa e pacífica quanto do lapso temporal exigidos para a configuração da usucapião extraordinária, restando corretamente afastadas as demais teses recursais.




Diante do exposto, voto no sentido de NEGAR PROVIMENTO ao recurso para manter a sentença em seus termos.




Majoro os honorários sucumbenciais, de 10% (dez por cento) para 12% (doze por cento) sobre o valor atualizado da causa, nos termos do art. 85, §11, do CPC, mantida suspensa a exigibilidade, diante da gratuidade concedida na forma do art. 98, § 3º, do mesmo diploma.




É como voto.




Recife, data da assinatura digital.




Des. Cândido J F Saraiva de Moraes




Relator




 




 










 




Demais votos:




 










Ementa:




 




2ª CÂMARA CÍVEL




 




63- APELAÇÃO CÍVEL- 4247-63.2007.8.17.1090




RELATOR: DES. CÂNDIDO J F SARAIVA DE MORAES 




APELANTE (S): RICARDO FRANCISCO DE ASSIS BATISTA DE ALMEIDA E OUTRO




APELADO (S):  PORTLAND CONSTRUCOES E EMPREENDIMENTOS LTDA – ME




 




 




EMENTA: DIREITO CIVIL E PROCESSUAL CIVIL. APELAÇÃO CÍVEL. AÇÃO DE USUCAPIÃO EXTRAORDINÁRIA. JULGAMENTO ANTECIPADO DO MÉRITO. AUSÊNCIA DE CERCEAMENTO DE DEFESA. QUEBRA DA MANSIDÃO POSSESSÓRIA COMPROVADA POR PROVA DOCUMENTAL. INSUFICIÊNCIA DO LAPSO TEMPORAL. RECURSO DESPROVIDO.




I. Caso em exame




1.Apelação cível interposta contra sentença que julgou improcedente pedido de usucapião extraordinária, por reconhecer a quebra da mansidão possessória antes do ajuizamento da ação e a insuficiência do prazo aquisitivo exigido pela regra de transição do art. 2.028 do Código Civil.




II. Questão em discussão




2. As questões em discussão consistem em saber: (i) se o julgamento antecipado do mérito, sem produção de prova testemunhal, configurou cerceamento de defesa; (ii) se restaram preenchidos os requisitos da usucapião extraordinária, notadamente a posse mansa e pacífica e o lapso temporal; e (iii) se subsiste nulidade por ausência de citação de confinante.




III. Razões de decidir




3. O julgamento antecipado do mérito é legítimo quando o acervo documental basta à solução da controvérsia, ainda que envolva matéria de fato, não configurando cerceamento de defesa.




4. Boletim de ocorrência e interpelação judicial anteriores ao ajuizamento da ação comprovam documentalmente a quebra da mansidão possessória, pressuposto elementar da usucapião.




5. A interpelação judicial interrompe o curso do prazo prescricional aquisitivo (art. 202, V, do CC), inviabilizando o implemento do lapso temporal exigido pela regra de transição do art. 2.028 do CC.




6. Ausente demonstração de prejuízo concreto, não se decreta nulidade por falta de citação de confinante, à luz do princípio pas de nullité sans grief.
 7. Majoram-se os honorários sucumbenciais recursais nos termos do art. 85, § 11, do CPC, mantida a suspensão de exigibilidade em razão da gratuidade da justiça.




IV. Dispositivo e tese




8. Recurso de apelação desprovido. Sentença mantida.




Tese de julgamento: "1. O julgamento antecipado do mérito não configura cerceamento de defesa quando a prova documental for suficiente à solução da controvérsia. 2. A interpelação judicial anterior ao ajuizamento da ação de usucapião afasta a mansidão possessória e interrompe o prazo prescricional aquisitivo."






Dispositivos relevantes citados: arts. 355, I, 370, parágrafo único, e 85, § 11, do CPC; arts. 1.238, 202, V, e 2.028 do Código Civil; art. 550 do Código Civil de 1916. Jurisprudência relevante citada: TJPE, Apelação Cível nº 0002468-63.2019.8.17.3350, Rel. Des. Raimundo Nonato de Souza Braid Filho, 6ª Câmara Cível, j. 03/06/2026; TJPE, Apelação Cível nº 0000587-76.2024.8.17.2800, Rel. Des. Sílvio Neves Baptista Filho, 5ª Câmara Cível, j. 26/05/2026.




 




 ACÓRDÃO




 




Vistos, relatados e discutidos estes autos do recurso de apelação 4247-63.2007.8.17.1090, em que figuram as partes acima nominadas, acordam os Desembargadores que compõem a Segunda Câmara Cível do Tribunal de Justiça de Pernambuco, à unanimidade, em NEGAR PROVIMENTO ao Recurso de Apelação, tudo em conformidade com os votos e o relatório proferidos neste julgamento.




Recife, data da assinatura digital.




Des. Cândido J F Saraiva de Moraes




Relator




 




 










Proclamação da decisão:




À unanimidade de votos, negou-se provimento ao recurso, nos termos do voto da Relatoria.










Magistrados: [CANDIDO JOSE DA FONTE SARAIVA DE MORAES, RUY TREZENA PATU JÚNIOR, CARLOS FREDERICO GONCALVES DE MORAES]
















RECIFE, 31 de julho de 2026




 




 




 




 




 




 




 




Magistrado


      
DOCUMENTO 5  
Acompanhamento Processual
Resultado sem Formatação
Imprimir
ACÓRDÃO
PROCESSO
0000596-30.2024.8.17.3320 
CLASSE CNJ
198 APELAÇÃO CÍVEL
ASSUNTO CNJ
10445 Esbulho / Turbação / Ameaça
RELATOR(A)
CANDIDO JOSE DA FONTE SARAIVA DE MORAES
ÓRGÃO JULGADOR
Gabinete do Des. Cândido José da Fonte Saraiva de Moraes
DATA DE JULGAMENTO
31/07/2026
DATA DA PUBLICAÇÃO/FONTE
31/07/2026
MEIO DE TRAMITAÇÃO
ELETRONICO
EMENTA

        

 




Tribunal de Justiça de Pernambuco
 Poder Judiciário
Gabinete do Des. Cândido José da Fonte Saraiva de Moraes




2ª CÂMARA CÍVEL










14 (i) - APELAÇÃO 0000596-30.2024.8.17.3320




RELATOR:     DES. CÂNDIDO J F SARAIVA DE MORAES




APELANTE:  ELISANGELA LIMA DOS SANTOS SILVA




APELADA:    ANGELINA MARIA DA SILVA CLEMENTE




 




EMENTA: DIREITO CIVIL. APELAÇÃO CÍVEL. AÇÃO DE REINTEGRAÇÃO DE POSSE. COMODATO VERBAL. POSSE PRECÁRIA. EX-NORA QUE PERMANECE NO IMÓVEL APÓS O TÉRMINO DO CASAMENTO COM O FILHO DA AUTORA. AUSÊNCIA DE COMPROVAÇÃO DE DOAÇÃO. ESBULHO POSSESSÓRIO CONFIGURADO. USUCAPIÃO ALEGADA EM MATÉRIA DE DEFESA. BENFEITORIAS NÃO COMPROVADAS. MANUTENÇÃO DA SENTENÇA. DESPROVIMENTO DO RECURSO.




I. Caso em exame.




Apelação cível interposta contra sentença que julgou parcialmente procedente ação de reintegração de posse para confirmar tutela de urgência e determinar a reintegração da autora na posse do imóvel ocupado pela ex-nora, reconhecendo que a ocupação decorreu de comodato verbal e que a recusa em desocupá-lo, após a extinção da autorização de uso, caracterizou esbulho possessório. Rejeitado o pedido de indenização por danos materiais por ausência de prova.




II. Questões em discussão.




As questões em discussão consistem em: (i) verificar se a autora comprovou os requisitos previstos no art. 561 do Código de Processo Civil para a reintegração de posse; (ii) definir se a ocupação exercida pela apelante decorreu de posse própria ou de mera permissão de uso; (iii) analisar a viabilidade da alegação de doação verbal e da usucapião como matéria de defesa; e (iv) verificar a existência de direito à retenção ou indenização pelas alegadas benfeitorias.




III. Razões de decidir.




O conjunto probatório demonstra que a autora exerceu posse indireta sobre o imóvel, sendo a ocupação da apelante originária de mera permissão concedida durante o casamento desta com o filho da demandante, configurando comodato verbal e posse precária, incapaz de gerar animus domini.




A alegada doação verbal de imóvel não encontra respaldo jurídico, diante da exigência de forma escrita prevista no art. 541 do Código Civil, não sendo a prova testemunhal suficiente para suprir requisito legal de validade do negócio jurídico.




A recusa da apelante em restituir o imóvel após a solicitação de desocupação caracterizou o esbulho possessório, preenchendo os requisitos do art. 561 do Código de Processo Civil e legitimando a reintegração da posse.




A posse precária decorrente de comodato verbal impede o reconhecimento da usucapião, ausente demonstração de inequívoca inversão do título possessório. Igualmente, não há prova suficiente das alegadas benfeitorias que autorize direito de retenção ou indenização.




IV. Dispositivo e tese.




Recurso desprovido.




Tese de julgamento: "1. A ocupação de imóvel por ex-nora, autorizada pelos proprietários para residência durante o casamento com o filho da autora, caracteriza comodato verbal e posse precária, insuscetível de aquisição por usucapião enquanto não demonstrada inequívoca inversão do título possessório. 2. A recusa do ocupante em restituir o imóvel após a revogação da autorização configura esbulho possessório, legitimando a reintegração da posse. 3. A alegação de doação verbal de imóvel não prevalece diante da exigência de forma escrita prevista no art. 541 do Código Civil. 4. Inexistindo prova das benfeitorias alegadas, descabe reconhecer direito de retenção ou indenização."




Dispositivos relevantes citados: CPC, arts. 373, II, 561 e 85, § 11; CC, arts. 541 e 1.208.










A C Ó R D Ã O










Vistos, relatados e discutidos estes autos de Apelação Cível nº 0000596-30.2024.8.17.3320, em que figuram como partes as acima nominadas, ACORDAM os Desembargadores integrantes da 2ª Câmara Cível do Tribunal de Justiça de Pernambuco, à unanimidade, em NEGAR PROVIMENTO À APELAÇÃO, mantendo integralmente a sentença recorrida, por seus próprios e jurídicos fundamentos.




Sala de Sessões, data da assinatura digital.




Des. Cândido J F Saraiva de Moraes




Relator




 




 


      
ACÓRDÃO

        















Tribunal de Justiça de Pernambuco
 Poder Judiciário





2ª Câmara Cível - Recife




Praça da República, S/N, 1º andar, Santo Antônio, RECIFE - PE - CEP: 50010-040  - F:(  ) 




Processo nº 0000596-30.2024.8.17.3320




APELANTE: ELISANGELA LIMA DOS SANTOS SILVA




APELADO(A): ANGELINA MARIA DA SILVA CLEMENTE









INTEIRO TEOR









Relator: 
CANDIDO JOSE DA FONTE SARAIVA DE MORAES










Relatório:




 




2ª CÂMARA CÍVEL




 




14 (i) – APELAÇÃO 0000596-30.2024.8.17.3320




RELATOR:     DES. CÂNDIDO J F SARAIVA DE MORAES




APELANTE:  ELISANGELA LIMA DOS SANTOS SILVA




APELADA:    ANGELINA MARIA DA SILVA CLEMENTE




 




R E L A T Ó R I O










Trata-se de recurso de apelação interposto por ELISANGELA LIMA DOS SANTOS SILVA contra sentença proferida pelo Juízo da Vara Única da Comarca de São José da Coroa Grande, que, nos autos da Ação de Reintegração de Posse c/c Interdito Proibitório, Perdas e Danos e Pedido de Tutela de Urgência, ajuizada por ANGELINA MARIA DA SILVA CLEMENTE, julgou parcialmente procedentes os pedidos iniciais para confirmar a tutela de urgência anteriormente deferida e determinar a reintegração da autora na posse do imóvel objeto da lide, condenando a ré ao pagamento das custas processuais e honorários advocatícios fixados em 10% sobre o valor da condenação, cuja exigibilidade ficou suspensa em razão da concessão da gratuidade da justiça. O pedido indenizatório por danos materiais foi julgado improcedente por ausência de comprovação dos prejuízos alegados.




 




Na origem, a autora alegou ser possuidora do imóvel situado no Loteamento Ana Luiza, em São José da Coroa Grande/PE, adquirido juntamente com seu falecido esposo, Jonas Mariano. Sustentou que, durante o casamento de seu filho com a demandada, permitiu que ambos residissem no imóvel a título de mera liberalidade. Após a dissolução da união do casal, requereu extrajudicialmente a desocupação do bem, o que foi recusado pela requerida, a qual permaneceu no imóvel e iniciou obras consideradas irregulares. Diante desse quadro, pleiteou tutela de urgência para paralisação das construções, reintegração de posse e, subsidiariamente, indenização correspondente ao valor das edificações ou sua incorporação ao patrimônio da autora.




 




Regularmente citada, a ré apresentou contestação, na qual impugnou inicialmente a concessão da justiça gratuita deferida à autora. No mérito, sustentou que o imóvel teria sido objeto de doação verbal realizada pelo falecido esposo da autora em favor dela e de seu então marido, filho da demandante, quando do casamento celebrado em 2004. Alegou que exerce posse há aproximadamente vinte anos, período em que construiu residência e estabeleceu seu núcleo familiar, afirmando que, após a separação conjugal, foi celebrado acordo extrajudicial na Defensoria Pública atribuindo-lhe a residência para moradia própria e de seus filhos. Defendeu a inexistência de esbulho possessório, requereu a revogação da tutela de urgência e a improcedência integral da ação.




 




Após instrução processual, com produção de prova documental e testemunhal, o magistrado concluiu que a autora comprovou a posse indireta do imóvel mediante recibo de compra e venda e comprovantes de IPTU em nome de seu falecido esposo. Entendeu que a ocupação exercida pela ré decorreu de comodato verbal, caracterizando mera permissão de uso durante o casamento, circunstância que não lhe conferia posse com animus domini. Destacou que a alegada doação verbal de imóvel não encontra amparo jurídico, diante da exigência legal de instrumento escrito prevista no art. 541 do Código Civil, e que a recusa da requerida em desocupar o bem após notificação caracterizou esbulho possessório, preenchendo os requisitos do art. 561 do Código de Processo Civil. Também consignou que a posse precária inviabiliza a aquisição por usucapião. Quanto ao pedido indenizatório, reconheceu a inexistência de prova suficiente dos danos materiais alegados, razão pela qual o rejeitou.




 




Inconformada, a requerida interpôs recurso de apelação, requerendo inicialmente o recebimento do recurso com efeito suspensivo, ao argumento de que reside no imóvel há mais de vinte anos, onde constituiu seu núcleo familiar, sendo aquela a única residência sua e de seus filhos. Sustenta preencher os requisitos para a concessão da justiça gratuita.




 




No mérito recursal, afirma que a sentença merece reforma por ausência dos requisitos legais da ação possessória, sustentando que a autora não comprovou efetivamente o esbulho nem a perda da posse exigidos pelo art. 561 do Código de Processo Civil. Aduz que sua permanência no imóvel decorreu de longa convivência familiar, consolidada por quase duas décadas, exercendo posse contínua, mansa, pacífica e de boa-fé, com inequívoco animus domini. Argumenta que o imóvel sequer possui regularização registral, existindo apenas contrato particular de compra e venda e documentos fiscais em nome do falecido esposo da autora. Defende que realizou diversas benfeitorias e acessões, inclusive construção da residência, reformas estruturais e melhorias permanentes, circunstâncias que demonstrariam a consolidação de sua posse.




 




Prossegue sustentando que a sentença deixou de valorar adequadamente a prova oral produzida em audiência, especialmente depoimento testemunhal que teria confirmado a existência de doação verbal realizada pelo falecido proprietário em favor do casal formado pela apelante e pelo filho da autora. Alega ainda violação ao direito fundamental à moradia, à função social da posse e à proteção da família, afirmando que a retirada da apelante do imóvel implicará graves prejuízos aos seus filhos. Defende a necessidade de maior dilação probatória para aferição das benfeitorias realizadas e da consolidação possessória. Subsidiariamente, requer o reconhecimento do direito de retenção e indenização pelas benfeitorias úteis e necessárias realizadas no imóvel, com fundamento nos arts. 1.219 e 1.255 do Código Civil.




 




A apelante também suscita a possibilidade de reconhecimento da usucapião como matéria de defesa, invocando a Súmula 237 do Supremo Tribunal Federal e precedentes do Superior Tribunal de Justiça que admitem a alegação incidental da prescrição aquisitiva em ações possessórias. Sustenta, ainda, afronta aos princípios da isonomia, segurança jurídica e coerência das decisões judiciais, afirmando que a Vara de origem teria proferido decisões em processos análogos reconhecendo direitos possessórios em situações semelhantes, juntando aos autos cópias de sentenças proferidas em outros feitos como paradigma. Ao final, requer o conhecimento e provimento da apelação para reformar integralmente a sentença e julgar improcedentes os pedidos iniciais ou, subsidiariamente, assegurar o direito de retenção e indenização pelas benfeitorias realizadas.




 




Em contrarrazões, a autora pugna pela manutenção integral da sentença. Sustenta que restou amplamente demonstrado nos autos que a ocupação do imóvel pela apelante decorreu exclusivamente de comodato verbal concedido durante o casamento desta com o filho da autora, inexistindo qualquer prova idônea de alegada doação. Defende que a posse da recorrente sempre foi precária, sendo corretamente reconhecido o esbulho após a recusa em devolver o imóvel quando formalmente solicitada. Argumenta que a prova testemunhal não possui aptidão para suprir a exigência legal de forma escrita para a doação de imóvel e que a alegação de usucapião não prospera, justamente porque a posse originou-se de mera permissão, incompatível com animus domini. Afirma, ainda, que inexistem provas das alegadas benfeitorias indenizáveis e que os precedentes invocados pela apelante não guardam identidade fática com a presente demanda, requerendo, ao final, o desprovimento integral do recurso e a manutenção da sentença em todos os seus termos.




É o relatório. Inclua-se em pauta.




Recife, data da assinatura digital.




Des. Cândido J F Saraiva de Moraes




Relator




 










Voto vencedor:




 




2ª CÂMARA CÍVEL










14 (i) - APELAÇÃO 0000596-30.2024.8.17.3320




RELATOR:      CÂNDIDO J F SARAIVA DE MORAES




APELANTE:   ELISANGELA LIMA DOS SANTOS SILVA




APELADA:     ANGELINA MARIA DA SILVA CLEMENTE




 




V O T O










A controvérsia devolvida a esta instância recursal consiste em verificar se a sentença merece reforma ao reconhecer a ocorrência de esbulho possessório e determinar a reintegração da autora na posse do imóvel objeto da lide ou se, ao contrário, a permanência da apelante no bem decorre do exercício de posse própria, apta a afastar a proteção possessória conferida à autora.




 




Após detida análise dos autos, concluo que a sentença recorrida examinou adequadamente o conjunto probatório, aplicando corretamente o direito à espécie, não havendo fundamento jurídico apto a justificar sua reforma.




 




Com efeito, a ação de reintegração de posse exige a demonstração cumulativa dos requisitos previstos no artigo 561 do Código de Processo Civil, quais sejam: a posse exercida pelo autor, a ocorrência do esbulho, a data do esbulho e a consequente perda da posse.




 




No caso concreto, tais requisitos restaram suficientemente comprovados.




 




A autora demonstrou exercer posse indireta sobre o imóvel mediante a apresentação do recibo de compra e venda firmado em nome de seu falecido esposo, bem como comprovantes de IPTU relativos ao imóvel, elementos que evidenciam a origem legítima da posse exercida pelo núcleo familiar. Além disso, a prova oral produzida em audiência corroborou a narrativa de que a ocupação do imóvel pela apelante decorreu de mera autorização concedida ao casal formado pela recorrente e pelo filho da autora para que ali estabelecessem residência durante a constância do casamento.




 




A própria versão apresentada pela apelante confirma que sua entrada no imóvel ocorreu em razão do vínculo familiar então existente, circunstância incompatível com o alegado exercício originário de posse própria.




 




Nesse contexto, correta a conclusão do Juízo de origem ao reconhecer que a ocupação do imóvel teve início por mera permissão dos possuidores indiretos, caracterizando verdadeiro comodato verbal.




 




Nos termos do artigo 1.208 do Código Civil, os atos de mera permissão ou tolerância não induzem posse apta à aquisição de direitos possessórios em face daquele que autorizou a ocupação do bem.




 




Enquanto subsiste a autorização concedida pelo possuidor indireto, inexiste posse qualificada pelo animus domini, permanecendo o ocupante na condição de detentor da coisa.




 




No presente caso, restou demonstrado que, após o término do relacionamento entre a apelante e o filho da autora, houve solicitação expressa para devolução do imóvel, recusando-se a recorrente a promover sua desocupação.




 




É justamente a partir dessa negativa que se configura o esbulho possessório, uma vez que a permanência no imóvel deixou de decorrer da tolerância anteriormente existente, convertendo-se em ocupação injusta perante a legítima possuidora indireta.




 




Não prospera a alegação de que teria havido doação verbal do imóvel.




 




Conforme corretamente consignado na sentença, a doação de bem imóvel constitui negócio jurídico solene, submetido às exigências previstas no artigo 541 do Código Civil, que impõe a celebração por escritura pública ou instrumento particular, conforme o caso.




 




A inexistência de qualquer documento formalizando a alegada liberalidade impede o reconhecimento jurídico da tese sustentada pela apelante.




 




Ainda que testemunhas tenham afirmado possuir conhecimento de que o falecido esposo da autora teria manifestado intenção de destinar o imóvel ao casal, tal circunstância não supre a exigência legal de forma para validade do negócio jurídico.




 




A prova testemunhal, por si só, não possui aptidão para substituir requisito formal expressamente estabelecido em lei.




 




Também não merece acolhida a alegação de que o longo período de permanência no imóvel teria convertido a detenção originária em posse apta a impedir a reintegração.




 




A ocupação do bem decorreu, desde sua origem, de relação de confiança existente entre os membros da mesma família.




 




O simples decurso do tempo não altera, automaticamente, a natureza jurídica da detenção decorrente de comodato verbal ou de mera permissão de uso.




 




A jurisprudência e a doutrina são firmes ao reconhecer que a precariedade da posse não se transmuda em posse ad usucapionem sem a demonstração inequívoca de alteração do título possessório, acompanhada de oposição clara e ostensiva ao possuidor indireto.




 




No presente feito, inexiste qualquer elemento capaz de demonstrar que tenha ocorrido tal modificação.




 




Ao contrário, a resistência da apelante somente surgiu após a solicitação de devolução do imóvel, precisamente quando já extinta a causa que justificava sua permanência no local.




 




Também não procede a alegação de que a matéria deveria ser solucionada sob a ótica do direito fundamental à moradia.




 




É inegável a relevância constitucional da proteção à moradia, especialmente em demandas que envolvem núcleos familiares consolidados.




 




Todavia, referido direito não possui caráter absoluto nem autoriza a supressão do direito possessório legitimamente exercido por terceiro.




 




O conflito entre direitos fundamentais exige harmonização segundo as circunstâncias do caso concreto.




 




Na hipótese dos autos, a permanência da apelante no imóvel não decorre de situação jurídica autônoma, mas de autorização concedida pelos legítimos possuidores, posteriormente revogada.




 




Não se pode admitir que a proteção constitucional à moradia transforme situação inicialmente precária em direito possessório definitivo, sob pena de esvaziar a tutela jurídica conferida ao possuidor.




 




A apelante sustenta, ainda, que teria realizado expressivas benfeitorias no imóvel e, por essa razão, faria jus ao direito de retenção e à correspondente indenização.




 




Entretanto, tal pretensão igualmente não merece prosperar.




 




Além de inexistir prova robusta acerca da efetiva realização das alegadas benfeitorias, tampouco foram produzidos elementos aptos a individualizar sua natureza, necessidade, utilidade ou respectivos valores.




 




O ônus probatório incumbia à recorrente, nos termos do artigo 373, inciso II, do Código de Processo Civil.




 




Não bastasse isso, a própria sentença registrou que não foram produzidas provas suficientes quanto aos alegados investimentos realizados, conclusão que permanece íntegra diante do conjunto probatório submetido à apreciação desta Corte.




 




Igualmente improcede a alegação de usucapião suscitada como matéria de defesa.




 




Embora seja admissível, em determinadas hipóteses, a arguição incidental da usucapião, tal tese pressupõe a demonstração de posse exercida com animus domini durante todo o lapso temporal exigido pela legislação pertinente.




 




Entretanto, conforme já exposto, a ocupação exercida pela apelante originou-se de mera permissão concedida pelos possuidores indiretos, circunstância incompatível com a posse qualificada necessária ao reconhecimento da prescrição aquisitiva.




 




Ausente a demonstração da inversão do título possessório, não há falar em aquisição da propriedade pela usucapião.




 




Também não merece acolhida a alegação de afronta aos princípios da isonomia, da segurança jurídica e da coerência das decisões judiciais em razão da existência de outros processos julgados pela Vara de origem.




 




As decisões judiciais devem observar as particularidades fáticas de cada caso concreto.




 




Os processos indicados pela recorrente não possuem efeito vinculante e não se verifica identidade absoluta entre os respectivos contextos fáticos e o presente feito.




 




A mera existência de demandas envolvendo relações familiares semelhantes não impõe solução idêntica quando distintos os elementos probatórios produzidos em cada processo.




 




Por fim, cumpre destacar que a fundamentação desenvolvida pelo magistrado sentenciante enfrentou adequadamente todas as questões relevantes ao deslinde da controvérsia, apreciando de forma coerente a prova documental e testemunhal produzida, inexistindo qualquer vício que autorize sua reforma.




 




Assim, diante da prova produzida nos autos, resta evidenciado que a autora comprovou sua posse indireta sobre o imóvel, demonstrou a origem precária da ocupação exercida pela apelante, bem como a ocorrência do esbulho após a recusa injustificada em devolver o bem, preenchendo integralmente os requisitos previstos no artigo 561 do Código de Processo Civil.




 




Desse modo, impõe-se a manutenção integral da sentença recorrida.




 




Diante do exposto, NEGO PROVIMENTO à Apelação, mantendo integralmente a sentença recorrida por seus próprios e jurídicos fundamentos. Nos termos do artigo 85, § 11, do Código de Processo Civil, majoro os honorários advocatícios para 15% sobre a base de cálculo fixada na sentença, permanecendo suspensa sua exigibilidade em razão da gratuidade da justiça deferida à apelante.




É como voto.




Recife,




Des. Cândido J F Saraiva de Moraes




Relator




 










 




Demais votos:




 










Ementa:




 




 




Tribunal de Justiça de Pernambuco
 Poder Judiciário
Gabinete do Des. Cândido José da Fonte Saraiva de Moraes




2ª CÂMARA CÍVEL










14 (i) - APELAÇÃO 0000596-30.2024.8.17.3320




RELATOR:     DES. CÂNDIDO J F SARAIVA DE MORAES




APELANTE:  ELISANGELA LIMA DOS SANTOS SILVA




APELADA:    ANGELINA MARIA DA SILVA CLEMENTE




 




EMENTA: DIREITO CIVIL. APELAÇÃO CÍVEL. AÇÃO DE REINTEGRAÇÃO DE POSSE. COMODATO VERBAL. POSSE PRECÁRIA. EX-NORA QUE PERMANECE NO IMÓVEL APÓS O TÉRMINO DO CASAMENTO COM O FILHO DA AUTORA. AUSÊNCIA DE COMPROVAÇÃO DE DOAÇÃO. ESBULHO POSSESSÓRIO CONFIGURADO. USUCAPIÃO ALEGADA EM MATÉRIA DE DEFESA. BENFEITORIAS NÃO COMPROVADAS. MANUTENÇÃO DA SENTENÇA. DESPROVIMENTO DO RECURSO.




I. Caso em exame.




Apelação cível interposta contra sentença que julgou parcialmente procedente ação de reintegração de posse para confirmar tutela de urgência e determinar a reintegração da autora na posse do imóvel ocupado pela ex-nora, reconhecendo que a ocupação decorreu de comodato verbal e que a recusa em desocupá-lo, após a extinção da autorização de uso, caracterizou esbulho possessório. Rejeitado o pedido de indenização por danos materiais por ausência de prova.




II. Questões em discussão.




As questões em discussão consistem em: (i) verificar se a autora comprovou os requisitos previstos no art. 561 do Código de Processo Civil para a reintegração de posse; (ii) definir se a ocupação exercida pela apelante decorreu de posse própria ou de mera permissão de uso; (iii) analisar a viabilidade da alegação de doação verbal e da usucapião como matéria de defesa; e (iv) verificar a existência de direito à retenção ou indenização pelas alegadas benfeitorias.




III. Razões de decidir.




O conjunto probatório demonstra que a autora exerceu posse indireta sobre o imóvel, sendo a ocupação da apelante originária de mera permissão concedida durante o casamento desta com o filho da demandante, configurando comodato verbal e posse precária, incapaz de gerar animus domini.




A alegada doação verbal de imóvel não encontra respaldo jurídico, diante da exigência de forma escrita prevista no art. 541 do Código Civil, não sendo a prova testemunhal suficiente para suprir requisito legal de validade do negócio jurídico.




A recusa da apelante em restituir o imóvel após a solicitação de desocupação caracterizou o esbulho possessório, preenchendo os requisitos do art. 561 do Código de Processo Civil e legitimando a reintegração da posse.




A posse precária decorrente de comodato verbal impede o reconhecimento da usucapião, ausente demonstração de inequívoca inversão do título possessório. Igualmente, não há prova suficiente das alegadas benfeitorias que autorize direito de retenção ou indenização.




IV. Dispositivo e tese.




Recurso desprovido.




Tese de julgamento: "1. A ocupação de imóvel por ex-nora, autorizada pelos proprietários para residência durante o casamento com o filho da autora, caracteriza comodato verbal e posse precária, insuscetível de aquisição por usucapião enquanto não demonstrada inequívoca inversão do título possessório. 2. A recusa do ocupante em restituir o imóvel após a revogação da autorização configura esbulho possessório, legitimando a reintegração da posse. 3. A alegação de doação verbal de imóvel não prevalece diante da exigência de forma escrita prevista no art. 541 do Código Civil. 4. Inexistindo prova das benfeitorias alegadas, descabe reconhecer direito de retenção ou indenização."




Dispositivos relevantes citados: CPC, arts. 373, II, 561 e 85, § 11; CC, arts. 541 e 1.208.










A C Ó R D Ã O










Vistos, relatados e discutidos estes autos de Apelação Cível nº 0000596-30.2024.8.17.3320, em que figuram como partes as acima nominadas, ACORDAM os Desembargadores integrantes da 2ª Câmara Cível do Tribunal de Justiça de Pernambuco, à unanimidade, em NEGAR PROVIMENTO À APELAÇÃO, mantendo integralmente a sentença recorrida, por seus próprios e jurídicos fundamentos.




Sala de Sessões, data da assinatura digital.




Des. Cândido J F Saraiva de Moraes




Relator




 




 




 










Proclamação da decisão:




À unanimidade de votos, negou-se provimento ao recurso, nos termos do voto da Relatoria.










Magistrados: [CANDIDO JOSE DA FONTE SARAIVA DE MORAES, RUY TREZENA PATU JÚNIOR, CARLOS FREDERICO GONCALVES DE MORAES]
















RECIFE, 31 de julho de 2026




 




 




 




 




 




 




 




Magistrado


      
DOCUMENTO 6  
Acompanhamento Processual
Resultado sem Formatação
Imprimir
ACÓRDÃO
PROCESSO
0023929-58.2013.8.17.0810 
CLASSE CNJ
198 APELAÇÃO CÍVEL
ASSUNTO CNJ
10457 Usucapião Especial (Constitucional)
RELATOR(A)
RAIMUNDO NONATO DE SOUZA BRAID FILHO
ÓRGÃO JULGADOR
Gabinete do Des. Stênio José de Sousa Neiva Coêlho (Processos Vinculados - 4ª CC)
DATA DE JULGAMENTO
31/07/2026
DATA DA PUBLICAÇÃO/FONTE
31/07/2026
MEIO DE TRAMITAÇÃO
ELETRONICO
EMENTA

        

 




Tribunal de Justiça de Pernambuco
 Poder Judiciário
Gabinete do Des. Stênio José de Sousa Neiva Coêlho (Processos Vinculados - 4ª CC)




 




APELAÇÃO CÍVEL (198) nº 0023929-58.2013.8.17.0810




APELANTE: IOLANDA MARIA DE ALMEIDA




 APELADO(A): PAULO FERNANDO DE MELO NUNES




 










EMENTA: DIREITO CIVIL E PROCESSUAL CIVIL. APELAÇÃO CÍVEL. AÇÃO DE USUCAPIÃO ESPECIAL URBANA. EXTINÇÃO SEM RESOLUÇÃO DO MÉRITO. DECISÃO SURPRESA. NECESSIDADE DE OBSERVÂNCIA DO CONTRADITÓRIO SUBSTANCIAL E DA PRIMAZIA DO JULGAMENTO DO MÉRITO. SENTENÇA DESCONSTITUÍDA.




I. Caso em exame




1. Apelação cível interposta contra sentença que extinguiu, sem resolução do mérito, ação de usucapião especial urbana, sob o fundamento de ausência de cumprimento integral das determinações de emenda à inicial, especialmente quanto à apresentação de planta do imóvel subscrita por profissional habilitado, contrato escrito de promessa de compra e venda e regularização do polo ativo da demanda.




II. Questão em discussão




2. Há três questões em discussão: (i) saber se a ausência de regular habilitação dos sucessores do réu falecido impede o prosseguimento do feito; (ii) saber se houve deserção recursal diante da alegada ausência de preparo; e (iii) saber se a extinção do processo sem resolução do mérito observou os princípios do contraditório substancial, da cooperação processual e da primazia da resolução do mérito.




III. Razões de decidir




3. A inércia dos sucessores do réu falecido, regularmente intimados para habilitação processual, não impede o prosseguimento do feito, sobretudo diante da estabilização da relação processual e da incidência do art. 76, §1º, II, do CPC, autorizando o prosseguimento à revelia dos sucessores.




4. Rejeita-se a preliminar de deserção, pois a apelante litiga sob o pálio da gratuidade da justiça regularmente deferida, inexistindo decisão revogatória ou elementos aptos a afastar a presunção de hipossuficiência prevista no art. 99, §3º, do CPC.




5. A extinção do feito configurou decisão surpresa, em afronta aos arts. 9º e 10 do CPC, uma vez que, após a apresentação de petição de emenda à inicial acompanhada de documentos, o Juízo de origem extinguiu abruptamente a demanda sem oportunizar nova manifestação específica acerca das supostas irregularidades remanescentes.




6. Os princípios da cooperação processual e da primazia da resolução do mérito impõem ao magistrado o dever de oportunizar efetivo saneamento das irregularidades processuais antes da extinção prematura da demanda, especialmente quando demonstrada intenção da parte em regularizar o feito.




7. A ausência de contrato escrito de promessa de compra e venda não impede o processamento da ação de usucapião especial urbana, por se tratar de modo originário de aquisição da propriedade, sendo admissível a comprovação da posse e da negociação alegada por outros meios probatórios, inclusive testemunhal.




8. Não se mostra juridicamente exigível a outorga marital ou a inclusão do ex-cônjuge no polo ativo da demanda, diante da natureza originária da aquisição por usucapião e da inexistência de demonstração de direito possessório ou dominial concorrente sobre o imóvel.




IV. Dispositivo e tese




9. Recurso de apelação provido para desconstituir a sentença e determinar o retorno dos autos ao Juízo de origem para regular prosseguimento da instrução processual.




Tese de julgamento: “1. Configura decisão surpresa a extinção do processo sem resolução do mérito após apresentação de emenda à inicial, sem prévia intimação específica da parte para saneamento das supostas irregularidades remanescentes. 2. A ausência de contrato escrito de promessa de compra e venda não impede o processamento de ação de usucapião especial urbana, diante da natureza originária da aquisição da propriedade. 3. A inércia dos sucessores regularmente intimados para habilitação processual não obsta o prosseguimento do feito, autorizando-se o andamento do processo à revelia.”










Dispositivos relevantes citados: CF/1988, art. 183; CPC, arts. 9º, 10, 76, §1º, II, 98, 99, §3º, 321, parágrafo único, e 485, IV; CC, art. 1.240.




Jurisprudência relevante citada: STJ, AgInt no REsp 2.102.097/RN, Rel. Min. Mauro Campbell Marques, Segunda Turma, j. 08.04.2024; STJ, AgInt nos EDcl no AREsp 2.049.625/SP, Rel. Min. Ricardo Villas Bôas Cueva, Terceira Turma, j. 22.05.2023.










ACÓRDÃO










Vistos, relatados e discutidos os presentes autos da Apelação Cível nº 0023929-58.2013.8.17.0810, ACORDAM os Desembargadores que integram a Quarta Câmara Cível do Egrégio Tribunal de Justiça do Estado de Pernambuco, à unanimidade, em conhecer e DAR PROVIMENTO ao recurso, na conformidade do relatório e dos votos proferidos neste julgamento.










Recife, na data da assinatura eletrônica.










Juiz Silvio Romero Beltrão




 Desembargador substituto






      
ACÓRDÃO

        

Tribunal de Justiça de Pernambuco
 Poder Judiciário


4ª Câmara Cível - Recife

  - F:(  ) 

Processo nº 0023929-58.2013.8.17.0810

APELANTE: IOLANDA MARIA DE ALMEIDA

APELADO(A): PAULO FERNANDO DE MELO NUNES




INTEIRO TEOR




Relator: 
STENIO JOSE DE SOUSA NEIVA COELHO




Relatório:

PODER JUDICIÁRIO




TRIBUNAL DE JUSTIÇA DO ESTADO DE PERNAMBUCO




4ª CÂMARA CÍVEL




APELAÇÃO CÍVEL: 0023929-58.2013.8.17.0810***




APELANTE: IOLANDA MARIA DE ALMEIDA




APELADO: PAULO FERNANDO DE MELO NUNES




Gabinete Des. Stênio José de Sousa Neiva Coêlho










RELATÓRIO










Apelação Cível: Trata-se de recurso de apelação interposto por IOLANDA MARIA DE ALMEIDA em face da sentença proferida pelo Juízo da 3ª Vara Cível da Comarca de Jaboatão dos Guararapes/PE, que extinguiu, sem resolução do mérito, a Ação de Usucapião Especial Urbana ajuizada em desfavor de PAULO FERNANDO DE MELO NUNES, nos termos dos arts. 485, inciso IV, e 321, parágrafo único, do Código de Processo Civil. (S23)










Objeto da lide: Almeja a parte autora o reconhecimento da aquisição, por usucapião especial urbana, do apartamento nº 301, bloco “H”, do Conjunto Residencial Praia Sul, localizado na Rua Andaraí, nº 403, bairro de Piedade, Jaboatão dos Guararapes/PE. Aduz a demandante que exerce posse mansa, pacífica e ininterrupta sobre o imóvel desde o ano de 2000, afirmando tê-lo adquirido da Sra. Maria Auxiliadora de Melo Nunes mediante contrato verbal de promessa de compra e venda, utilizando o bem para sua moradia e de sua família, sem oposição do proprietário registral. Requereu, ainda, os benefícios da justiça gratuita, bem como a procedência do pedido para declaração do domínio em seu favor. 










Sentença de 1º grau: O Juízo de origem consignou que a autora, embora intimada para emendar a inicial e cumprir 12 exigências necessárias à regularização da ação de usucapião, não apresentou integralmente os documentos indispensáveis ao regular prosseguimento do feito, deixando de juntar planta do imóvel assinada por profissional habilitado, contrato de promessa de compra e venda e de regularizar o polo ativo, diante do interesse jurídico do cônjuge. Destacou, ainda, a ausência de certidões negativas de débitos fiscais do imóvel. Assim, reconheceu a inexistência de pressuposto de constituição e desenvolvimento válido e regular do processo, extinguindo o feito sem resolução do mérito, com fundamento nos arts. 485, IV, e 321, parágrafo único, do CPC, condenando a autora ao pagamento das custas processuais, com exigibilidade suspensa em razão da gratuidade judiciária, sem fixação de honorários advocatícios.










Fundamentos do Recurso de Apelação: Em suas razões recursais, sustenta a apelante, em síntese: (i) nulidade da sentença por violação aos arts. 9º e 10 do CPC, ao argumento de que teria ocorrido “decisão surpresa”, uma vez que o Juízo extinguiu o processo sem previamente oportunizar manifestação específica acerca do suposto descumprimento das exigências determinadas na decisão de emenda à inicial; (ii) que todas as 12 (doze) exigências constantes do despacho de fl. 70 teriam sido devidamente cumpridas por meio da petição e documentos juntados às fls. 100/131; (iii) que o imóvel estaria suficientemente individualizado mediante certidão municipal acostada aos autos, inexistindo necessidade de apresentação de planta subscrita por profissional habilitado; (iv) que inexistiria contrato escrito de promessa de compra e venda, pois a negociação teria ocorrido verbalmente, circunstância que poderia ser comprovada mediante prova testemunhal; (v) que seria desnecessária a outorga marital ou a inclusão do ex-cônjuge no polo ativo da demanda, por se tratar de ação de usucapião, a qual visa aquisição originária da propriedade e não alienação de bem imóvel; (vi) que o próprio conjunto probatório produzido na ação conexa de reintegração de posse nº 0006105-52.2014.8.17.0810 demonstraria o exercício de posse mansa, pacífica, contínua e sem oposição desde o ano de 2001, inclusive mediante depoimentos testemunhais colhidos em audiência de justificação prévia; (vii) que teria preenchido todos os requisitos previstos no art. 183 da Constituição Federal e no art. 1.240 do Código Civil para aquisição da propriedade por usucapião especial urbana; (viii) pugna, preliminarmente, pela anulação da sentença, com retorno dos autos à origem para regular instrução processual; subsidiariamente, requer o provimento do recurso para reformar integralmente a sentença e julgar procedente o pedido de usucapião, determinando-se a expedição de mandado ao Registro Geral de Imóveis para inscrição da propriedade em seu favor. 










Contrarrazões: Em contrarrazões, o apelado suscita, preliminarmente, a deserção do recurso, ao argumento de que a gratuidade da justiça deferida na sentença limitou-se ao ajuizamento da ação, não abrangendo o preparo recursal, requerendo a intimação da apelante para recolhimento das custas em dobro, nos termos do art. 1.007, §4º, do CPC. No mérito, sustenta que a autora não cumpriu as determinações judiciais necessárias à regularização da ação de usucapião, deixando de apresentar documentos essenciais. Afirma, ainda, inexistir decisão surpresa, pois a apelante foi regularmente intimada para emendar a inicial, bem como defende a impossibilidade de reconhecimento de contrato verbal como justo título, a necessidade de adequada individualização do imóvel e a obrigatoriedade de participação do cônjuge da autora na demanda. Ao final, requer o não conhecimento do recurso ou, subsidiariamente, seu desprovimento, com manutenção integral da sentença. 










Falecimento do réu: Diante da notícia do falecimento da parte ré nos autos da ação de reintegração de posse conexa nº 0006105-52.2014.8.17.0810, determinou-se a intimação pessoal dos herdeiros para promoverem sua habilitação processual, os quais, embora devidamente intimados (ID 51933508), permaneceram inertes, deixando de se manifestar nos autos.










É o relatório.










Inclua-se em pauta conjuntamente com o processo conexo de nº 0006105-52.2014.8.17.0810.










Recife, data da certificação digital.










Juiz Silvio Romero Beltrão




 Desembargador Substituto









Voto vencedor:

VOTO










De início, verifica-se que o presente recurso preenche os pressupostos de admissibilidade, razão pela qual deve ser conhecido.










Do falecimento do réu/apelado e habilitação dos sucessores










No curso do processamento do presente recurso, sobreveio notícia do falecimento do réu/apelado PAULO FERNANDO DE MELO NUNES, circunstância que ensejou a suspensão do feito, com determinação de intimação pessoal dos respectivos sucessores para fins de regular habilitação processual, nos termos do art. 110 do Código de Processo Civil.










Conforme se verifica dos autos, os herdeiros do falecido foram regularmente intimados, inclusive mediante carta com aviso de recebimento positivo (ID 51933508), para que informassem eventual abertura de inventário ou promovessem sua habilitação nos autos, seja por intermédio do espólio, seja na qualidade de sucessores processuais. Todavia, transcorrido o prazo assinalado, permaneceram absolutamente inertes, deixando de apresentar qualquer manifestação.










Nessa hipótese, a inércia dos sucessores regularmente intimados não impede o prosseguimento do feito, sobretudo porque já havia defesa regularmente apresentada pelo réu falecido em primeiro grau, com efetiva estabilização da relação processual e plena observância ao contraditório e à ampla defesa.










Com efeito, a ausência de manifestação dos herdeiros nestes autos, após regular ciência do incidente de habilitação instaurado no âmbito deste Tribunal, autoriza a presunção de anuência tácita quanto ao ingresso no polo passivo da demanda, sobretudo porque os sucessores demonstraram inequívoca ciência da existência e do objeto da presente controvérsia ao promoverem habilitação nos autos conexos da ação de reintegração de posse nº 0006105-52.2014.8.17.0810. Assim, devem ser considerados habilitados para todos os efeitos processuais, passando a figurar como sucessores do apelado no presente feito.










Ademais, a ausência de regularização da representação processual pelos sucessores, após regular intimação judicial, atrai a incidência do art. 76, §1º, II, do CPC, segundo o qual, descumprida a determinação de saneamento do vício processual, “o réu será considerado revel, se a providência lhe couber”. Desse modo, a inércia dos herdeiros não possui o condão de obstar indefinidamente o regular andamento do processo, autorizando o prosseguimento do feito à revelia dos sucessores, sem prejuízo da apreciação das teses defensivas anteriormente deduzidas pelo réu falecido.










Nesse sentido:










AGRAVO DE INSTRUMENTO - CUMPRIMENTO DE SENTENÇA - PRÉVIA LIQUIDAÇÃO - IRREGULARIDADE DE REPRESENTAÇÃO DO RÉU NÃO SANADA - REVELIA - INTELIGÊNCIA DO ART. 76, § 1º, II DO CPC - LAUDO PERICIAL HOMOLOGADO - IMPUGNAÇÃO AO CUMPRIMENTO DE SENTENÇA - REDISCUSSÃO ACERCA DO VALOR DO DÉBITO - IMPOSSIBILIDADE - PRECLUSÃO. Não tendo a parte ré regularizado sua representação processual, apesar da oportunidade que lhe foi concedida, impõe-se o prosseguimento do feito à sua revelia, sem que isto implique na ocorrência de quaisquer nulidades processuais. [...]




(TJ-MG - Agravo de Instrumento: 19525635220248130000, Relator.: Des.(a) Arnaldo Maciel, Data de Julgamento: 27/08/2024, Câmaras Cíveis / 7ª CÂMARA CÍVEL, Data de Publicação: 30/08/2024)










Assim, superada a suspensão processual decorrente do óbito da parte, retoma o processo seu regular curso, prosseguindo-se no julgamento do recurso com apreciação das teses defensivas anteriormente apresentadas pelo recorrido falecido. 










Da alegada ausência de preparo










Não merece acolhimento a preliminar de deserção suscitada em contrarrazões.










Isso porque a apelante litiga sob o pálio da gratuidade da justiça, benefício que lhe foi expressamente deferido nos autos originários, inexistindo elementos concretos capazes de infirmar a presunção de hipossuficiência econômica da parte beneficiária.










Nos termos do art. 98 do Código de Processo Civil:










Art. 98. A pessoa natural ou jurídica, brasileira ou estrangeira, com insuficiência de recursos para pagar as custas, as despesas processuais e os honorários advocatícios tem direito à gratuidade da justiça, na forma da lei.










De igual modo, dispõe o art. 99, §3º, do CPC: Presume-se verdadeira a alegação de insuficiência deduzida exclusivamente por pessoa natural.










Nesse contexto, ausente demonstração concreta da capacidade econômica da apelante ou decisão válida de revogação do benefício, deve ser rejeitada a preliminar de deserção suscitada pelo recorrido, reputando-se dispensado o recolhimento do preparo recursal.










Do indeferimento a inicial










A sentença recorrida extinguiu o feito sem resolução do mérito, ao fundamento de que a autora não teria cumprido integralmente as exigências formuladas no despacho de emenda à inicial, especialmente quanto à juntada de planta do imóvel assinada por profissional habilitado, apresentação de contrato de promessa de compra e venda e regularização do polo ativo da demanda.










Todavia, observa-se dos autos que a demandante apresentou petição de emenda à inicial, acompanhada de documentos, buscando atender às determinações judiciais então formuladas. Apesar disso, o Juízo singular, após longo lapso temporal transcorrido entre o protocolo da manifestação da parte e a prolação da sentença extintiva, deixou de oportunizar nova intimação específica para esclarecimento ou complementação dos pontos reputados insuficientemente cumpridos, extinguindo abruptamente o feito.










Tal proceder configura verdadeira decisão surpresa, em afronta aos arts. 9º e 10 do Código de Processo Civil, os quais consagram o contraditório substancial e vedam pronunciamentos judiciais fundados em questões sobre as quais não tenha sido oportunizada manifestação prévia das partes.










Com efeito, diante da inequívoca tentativa da autora de atender ao comando judicial, incumbia ao magistrado singular indicar, de forma clara e específica, quais exigências remanesciam pendentes ou reputava insuficientemente cumpridas, sobretudo diante do extenso lapso temporal transcorrido entre a juntada da petição de emenda e a prolação da sentença extintiva.










Não se mostra consentâneo com os princípios da cooperação processual, da primazia da resolução do mérito e do contraditório substancial extinguir a demanda sem prévia oportunidade efetiva de saneamento, especialmente em hipóteses nas quais a parte demonstra intenção de regularizar o feito.










Além disso, a parte não pode ser penalizada pela própria demora da máquina judiciária. A morosidade no exame da petição de emenda à inicial não pode servir de fundamento para posterior extinção do processo sem que seja oportunizada nova manifestação da demandante acerca dos supostos vícios remanescentes.




Nesse sentido: 










[...] A decisão de origem está em conformidade com o que tem decidido este Superior Tribunal: "Na hipótese há de ser aplicada tal orientação jurisprudencial tendo em vista que o art. 10 do novo Código de Processo Civil estabelece que o juiz não pode decidir, em grau algum de jurisdição, com base em fundamento a respeito do qual não se tenha dado às partes oportunidade de se manifestar, ainda que se trate de matéria sobre a qual deva decidir de ofício." (AgInt no AREsp n. 1.743.765/SP, relator Ministro Og Fernandes, Segunda Turma, julgado em 16/11/2021, DJe de 13/12/2021). [...]




(STJ - AgInt no REsp: 2102097 RN 2023/0371503-3, Relator: Ministro MAURO CAMPBELL MARQUES, Data de Julgamento: 08/04/2024, T2 - SEGUNDA TURMA, Data de Publicação: DJe 11/04/2024)










[...] É nula a decisão que não observa as garantias da segurança jurídica, do contraditório e do devido processo legal. Todas as partes processuais, interessadas no resultado do feito, devem ter efetiva oportunidade de participar do debate a respeito dos fundamentos relevantes para a formação do convencimento do julgador. Vedação à decisão surpresa (arts. 10 e 933, caput, do CPC). [...]




(STJ - AgInt nos EDcl no AREsp: 2049625 SP 2022/0003397-2, Relator: RICARDO VILLAS BÔAS CUEVA, Data de Julgamento: 22/05/2023, T3 - TERCEIRA TURMA, Data de Publicação: DJe 25/05/2023)










De igual sorte já se manifestou este E. Tribunal de Justiça de Pernambuco:










[...] O art. 321, parágrafo único, do CPC autoriza o indeferimento da petição inicial apenas quando o autor não cumpre a diligência determinada, isto é, quando permanece absolutamente inerte no prazo assinalado. A norma não ampara o indeferimento imediato na hipótese em que a parte se manifesta, ainda que de forma incompleta ou insatisfatória ao juízo, pois nesse caso não há inércia, pressuposto indispensável para a extinção. 4. A distinção entre inércia e cumprimento insuficiente é juridicamente relevante: quando a parte se manifesta, incumbe ao juízo intimá-la novamente, com indicação precisa das deficiências remanescentes, para que possa saná-las; somente após nova intimação, e persistindo o descumprimento, estará o juízo autorizado a indeferir a inicial. 5. A extinção do processo sem prévia advertência sobre as insuficiências verificadas na manifestação da Apelante configura decisão surpresa, expressamente vedada pelo art. 10 do CPC, pois a parte foi privada de conhecer, com antecedência, o fundamento que embasaria a decisão desfavorável, sendo-lhe tolhida a oportunidade de influir na formação do pronunciamento judicial. 6. O princípio da primazia do julgamento do mérito, positivado nos arts. 4º e 6º do CPC, impõe que o processo seja orientado para a resolução definitiva do conflito, repudiando-se o formalismo excessivo que sacrifica o mérito diante de irregularidades sanáveis, especialmente quando fundado em exigência documental não prevista como requisito essencial da petição inicial no art. 319 do CPC. [...]




(TJ-PE - APELAÇÃO CÍVEL: 00123479720258172990, Relator: FABIO EUGENIO DANTAS DE OLIVEIRA LIMA, Data de Julgamento: 13/04/2026, Gabinete do Des. Luiz Gustavo Mendonça de Araújo (5ª CC))










Ademais, verifica-se que os fundamentos utilizados para o indeferimento da inicial igualmente não se sustentam.










A usucapião especial urbana possui assento constitucional no art. 183 da Constituição Federal, reproduzido no art. 1.240 do Código Civil, exigindo, para sua configuração: (i) posse mansa, pacífica e ininterrupta, com animus domini, pelo prazo mínimo de 5 (cinco) anos; (ii) utilização do imóvel para moradia própria ou familiar; (iii) área urbana não superior a 250m²; (iv) inexistência de propriedade de outro imóvel urbano ou rural; e (v) que o benefício não tenha sido anteriormente concedido ao possuidor.










No tocante à alegada ausência de planta do imóvel assinada por profissional habilitado, não subsiste o fundamento sentencial, porquanto referido documento foi devidamente acostado aos autos sob o ID 40400336, em observância à determinação de emenda à inicial. 










Não há, ademais, exigência legal de apresentação de contrato escrito de compra e venda como requisito de admissibilidade da ação de usucapião especial urbana.










No caso concreto, a autora afirmou expressamente que a negociação ocorreu mediante contrato verbal de promessa de compra e venda, circunstância cuja comprovação pode ocorrer mediante dilação probatória, inclusive testemunhal. Assim, não poderia o magistrado extinguir prematuramente o feito sob fundamento de ausência de contrato escrito, documento manifestamente incompatível com a própria pretensão e narrativa deduzida na inicial.










Corroborando com essa posição colaciono o seguinte aresto:










[...] A usucapião especial urbana não exige justo título ou boa-fé, bastando a comprovação da posse qualificada pelo período legal em imóvel urbano com área limitada, utilizado para moradia e sem propriedade de outro imóvel. Caso dos autos em que, apesar da posse inicial ser fundada em título particular de compra emitido por uma das herdeiras em nome dos demais, não há dúvidas de que o autor mora no local por mais de 15 anos, preenchendo os requisitos da usucapião. [...]




(TJ-SP - Apelação Cível: 10328899320148260100 São Paulo, Relator: Fatima Cristina Ruppert Mazzo, Data de Julgamento: 09/02/2026, 4ª Câmara de Direito Privado, Data de Publicação: 09/02/2026)










Do mesmo modo, igualmente não subsiste o fundamento relativo à necessidade de outorga marital ou inclusão do ex-cônjuge no polo ativo da demanda.










Cuida-se de ação de usucapião proposta em 2013, por pessoa divorciada, fundada em alegação de aquisição originária da propriedade decorrente do exercício de posse qualificada pelos últimos 05 anos.










Conforme se verifica dos autos, o vínculo matrimonial da autora foi dissolvido no ano de 2003, conforme documentação acostada sob ID 40400336, inexistindo qualquer indicação de inclusão do imóvel objeto da lide na partilha decorrente da ação de divórcio.










Ao contrário, o ex-marido da demandante foi expressamente arrolado como testemunha para comprovar a alegada negociação verbal envolvendo o imóvel usucapiendo, reforçando, inclusive, a inexistência de pretensão possessória ou dominial concorrente sobre o bem.










Nessa perspectiva, não se mostra juridicamente exigível a outorga marital ou a inclusão do ex-cônjuge no polo ativo da demanda, especialmente diante da natureza originária da aquisição por usucapião.










Assim, considerando a ocorrência de decisão surpresa, a ausência de oportunidade efetiva para saneamento dos supostos vícios remanescentes e a inadequação dos fundamentos utilizados para extinguir prematuramente a demanda, impõe-se a desconstituição da sentença recorrida, com retorno dos autos à origem para regular prosseguimento do feito e instrução processual.










Do dispositivo










Ante o exposto, voto no sentido de DAR PROVIMENTO ao recurso de apelação, para desconstituir a sentença recorrida e determinar o retorno dos autos ao Juízo de origem, a fim de que seja oportunizada à parte autora a regular complementação documental eventualmente reputada necessária, prosseguindo-se com a regular instrução processual e julgamento do mérito da demanda, em observância aos princípios do contraditório substancial, da cooperação processual e da primazia da resolução do mérito.










É como voto.










Recife, data da realização da sessão.










Juiz Silvio Romero Beltrão




 Desembargador Substituto









 

Demais votos:




Ementa:

 




Tribunal de Justiça de Pernambuco
 Poder Judiciário
Gabinete do Des. Stênio José de Sousa Neiva Coêlho (Processos Vinculados - 4ª CC)




 




APELAÇÃO CÍVEL (198) nº 0023929-58.2013.8.17.0810




APELANTE: IOLANDA MARIA DE ALMEIDA




 APELADO(A): PAULO FERNANDO DE MELO NUNES




 










EMENTA: DIREITO CIVIL E PROCESSUAL CIVIL. APELAÇÃO CÍVEL. AÇÃO DE USUCAPIÃO ESPECIAL URBANA. EXTINÇÃO SEM RESOLUÇÃO DO MÉRITO. DECISÃO SURPRESA. NECESSIDADE DE OBSERVÂNCIA DO CONTRADITÓRIO SUBSTANCIAL E DA PRIMAZIA DO JULGAMENTO DO MÉRITO. SENTENÇA DESCONSTITUÍDA.




I. Caso em exame




1. Apelação cível interposta contra sentença que extinguiu, sem resolução do mérito, ação de usucapião especial urbana, sob o fundamento de ausência de cumprimento integral das determinações de emenda à inicial, especialmente quanto à apresentação de planta do imóvel subscrita por profissional habilitado, contrato escrito de promessa de compra e venda e regularização do polo ativo da demanda.




II. Questão em discussão




2. Há três questões em discussão: (i) saber se a ausência de regular habilitação dos sucessores do réu falecido impede o prosseguimento do feito; (ii) saber se houve deserção recursal diante da alegada ausência de preparo; e (iii) saber se a extinção do processo sem resolução do mérito observou os princípios do contraditório substancial, da cooperação processual e da primazia da resolução do mérito.




III. Razões de decidir




3. A inércia dos sucessores do réu falecido, regularmente intimados para habilitação processual, não impede o prosseguimento do feito, sobretudo diante da estabilização da relação processual e da incidência do art. 76, §1º, II, do CPC, autorizando o prosseguimento à revelia dos sucessores.




4. Rejeita-se a preliminar de deserção, pois a apelante litiga sob o pálio da gratuidade da justiça regularmente deferida, inexistindo decisão revogatória ou elementos aptos a afastar a presunção de hipossuficiência prevista no art. 99, §3º, do CPC.




5. A extinção do feito configurou decisão surpresa, em afronta aos arts. 9º e 10 do CPC, uma vez que, após a apresentação de petição de emenda à inicial acompanhada de documentos, o Juízo de origem extinguiu abruptamente a demanda sem oportunizar nova manifestação específica acerca das supostas irregularidades remanescentes.




6. Os princípios da cooperação processual e da primazia da resolução do mérito impõem ao magistrado o dever de oportunizar efetivo saneamento das irregularidades processuais antes da extinção prematura da demanda, especialmente quando demonstrada intenção da parte em regularizar o feito.




7. A ausência de contrato escrito de promessa de compra e venda não impede o processamento da ação de usucapião especial urbana, por se tratar de modo originário de aquisição da propriedade, sendo admissível a comprovação da posse e da negociação alegada por outros meios probatórios, inclusive testemunhal.




8. Não se mostra juridicamente exigível a outorga marital ou a inclusão do ex-cônjuge no polo ativo da demanda, diante da natureza originária da aquisição por usucapião e da inexistência de demonstração de direito possessório ou dominial concorrente sobre o imóvel.




IV. Dispositivo e tese




9. Recurso de apelação provido para desconstituir a sentença e determinar o retorno dos autos ao Juízo de origem para regular prosseguimento da instrução processual.




Tese de julgamento: “1. Configura decisão surpresa a extinção do processo sem resolução do mérito após apresentação de emenda à inicial, sem prévia intimação específica da parte para saneamento das supostas irregularidades remanescentes. 2. A ausência de contrato escrito de promessa de compra e venda não impede o processamento de ação de usucapião especial urbana, diante da natureza originária da aquisição da propriedade. 3. A inércia dos sucessores regularmente intimados para habilitação processual não obsta o prosseguimento do feito, autorizando-se o andamento do processo à revelia.”










Dispositivos relevantes citados: CF/1988, art. 183; CPC, arts. 9º, 10, 76, §1º, II, 98, 99, §3º, 321, parágrafo único, e 485, IV; CC, art. 1.240.




Jurisprudência relevante citada: STJ, AgInt no REsp 2.102.097/RN, Rel. Min. Mauro Campbell Marques, Segunda Turma, j. 08.04.2024; STJ, AgInt nos EDcl no AREsp 2.049.625/SP, Rel. Min. Ricardo Villas Bôas Cueva, Terceira Turma, j. 22.05.2023.










ACÓRDÃO










Vistos, relatados e discutidos os presentes autos da Apelação Cível nº 0023929-58.2013.8.17.0810, ACORDAM os Desembargadores que integram a Quarta Câmara Cível do Egrégio Tribunal de Justiça do Estado de Pernambuco, à unanimidade, em conhecer e DAR PROVIMENTO ao recurso, na conformidade do relatório e dos votos proferidos neste julgamento.










Recife, na data da assinatura eletrônica.










Juiz Silvio Romero Beltrão




 Desembargador substituto









Proclamação da decisão:

À unanimidade de votos, deu-se provimento ao recurso, nos termos do voto da Relatoria.




Magistrados: [STENIO JOSE DE SOUSA NEIVA COELHO, ADALBERTO DE OLIVEIRA MELO, HUMBERTO COSTA VASCONCELOS JUNIOR]







, 31 de julho de 2026

 

 

 

 

 

 

 

Magistrado


      
DOCUMENTO 7  
Acompanhamento Processual
Resultado sem Formatação
Imprimir
ACÓRDÃO
PROCESSO
0007419-81.2026.8.17.9000 
CLASSE CNJ
12357 PEDIDO DE EFEITO SUSPENSIVO À APELAÇÃO
ASSUNTO CNJ
12160 Requerimento de Reintegração de Posse
RELATOR(A)
ADALBERTO DE OLIVEIRA MELO
ÓRGÃO JULGADOR
Gabinete do Des. Raimundo Nonato de Souza Braid Filho (6ª CC)
DATA DE JULGAMENTO
31/07/2026
DATA DA PUBLICAÇÃO/FONTE
31/07/2026
MEIO DE TRAMITAÇÃO
ELETRONICO
EMENTA

        




Tribunal de Justiça de Pernambuco
 Poder Judiciário
Gabinete do Des. Raimundo Nonato de Souza Braid Filho (6ª CC)




 - F:(  ) 




 




6ª CÂMARA CÍVEL




APELAÇÃO CÍVEL nº 0007419-81.2026.8.17.9000




APELANTE: ERIC IDNEI FREITAS DA SILVA CARDOSO




APELADO: JOSE AUGUSTO FILHO




RELATOR: Des. Raimundo Nonato de Souza Braid Filho




EMENTA




DIREITO CIVIL. DIREITO PROCESSUAL CIVIL. APELAÇÃO CÍVEL. AÇÃO DE REINTEGRAÇÃO DE POSSE. AGRAVO INTERNO INTERPOSTO CONTRA DECISÃO QUE INDEFERIU PEDIDO DE EFEITO SUSPENSIVO À APELAÇÃO. PERDA SUPERVENIENTE DO OBJETO. PREJUDICIALIDADE. CERCEAMENTO DE DEFESA NÃO CONFIGURADO. JULGAMENTO ANTECIPADO DA LIDE. ARTIGOS 355, I, E 370, PARÁGRAFO ÚNICO, DO CPC. EXCEÇÃO DE USUCAPIÃO. AUSÊNCIA DE COMPROVAÇÃO DOS REQUISITOS DA PRESCRIÇÃO AQUISITIVA. POSSE ANTERIOR E ESBULHO DEMONSTRADOS. ART. 561 DO CPC. DIREITO DE RETENÇÃO POR BENFEITORIAS. POSSE DE MÁ-FÉ. INAPLICABILIDADE DO ART. 1.219 DO CÓDIGO CIVIL. SENTENÇA MANTIDA. RECURSO DESPROVIDO.




I. Caso em exame




1.   Apelação cível interposta contra sentença que julgou procedente ação de reintegração de posse, confirmando tutela provisória anteriormente deferida e determinando a reintegração do autor na posse do imóvel litigioso.




2.   O recorrente sustenta nulidade da sentença por cerceamento de defesa, em razão do indeferimento de prova testemunhal e pericial, bem como erro de julgamento decorrente da não apreciação adequada da exceção de usucapião arguida em defesa.




II. Questão em discussão




3.   As questões submetidas a julgamento consistem em verificar: (i) se houve cerceamento de defesa pelo julgamento antecipado da lide; (ii) se a alegação de exceção de usucapião afasta a pretensão possessória; (iii) se restaram comprovados os requisitos da ação de reintegração de posse; e (iv) se o recorrente faz jus ao direito de retenção por benfeitorias.




III. Razões de decidir




4.   O Agravo Interno interposto contra a decisão que indeferiu o pedido de efeito suspensivo à apelação resta prejudicado em razão da perda superveniente do objeto, diante do julgamento do próprio recurso principal.




5.   Não configura cerceamento de defesa o julgamento antecipado da lide quando o magistrado fundamenta adequadamente a suficiência do conjunto probatório e o indeferimento das provas requeridas, nos termos dos arts. 355, I, e 370, parágrafo único, do CPC.




6.   A exceção de usucapião pode ser arguida como matéria de defesa, nos termos da Súmula 237 do STF, mas exige demonstração efetiva dos requisitos da posse ad usucapionem, o que não ocorreu na hipótese dos autos.




7.   Restaram demonstrados os requisitos previstos no art. 561 do CPC, consistentes na posse anterior do autor, no esbulho praticado pelos réus, na perda da posse e na contemporaneidade dos fatos possessórios.




8.   Reconhecida a posse de má-fé decorrente de esbulho, inexiste direito de retenção por benfeitorias, nos termos dos arts. 1.219 e 1.220 do Código Civil.




IV. Dispositivo e tese




9.   Agravo Interno prejudicado.




10.               Apelação Cível desprovida.




ACÓRDÃO 




Vistos, relatados e discutidos os presentes autos, ACORDAM os Desembargadores integrantes da 6ª Câmara Cível do Tribunal de Justiça do Estado de Pernambuco, à unanimidade, em NEGAR PROVIMENTO AO RECURSO DE APELAÇÃO, mantendo integralmente a sentença recorrida, nos termos do voto do Relator, que integra este julgado para todos os fins de direito.




Recife-PE, data registrada no sistema.




Des. Raimundo Nonato de Souza Braid Filho
 Relator




 




 


      
ACÓRDÃO

        















Tribunal de Justiça de Pernambuco
 Poder Judiciário





6ª Câmara Cível - Recife




 - F:(  ) 




Processo nº 0007419-81.2026.8.17.9000




REQUERENTE: ERIC IDNEI FREITAS DA SILVA CARDOSO




REQUERIDO(A): JOSE AUGUSTO FILHO









INTEIRO TEOR









Relator: 
RAIMUNDO NONATO DE SOUZA BRAID FILHO










Relatório:




 




 




PODER JUDICIÁRIO




TRIBUNAL DE JUSTIÇA DO ESTADO DE PERNAMBUCO




6ª CÂMARA CÍVEL




APELAÇÃO CÍVEL nº 0007419-81.2026.8.17.9000




APELANTE: ERIC IDNEI FREITAS DA SILVA CARDOSO




APELADO: JOSE AUGUSTO FILHO




RELATOR: Des. Raimundo Nonato de Souza Braid Filho




RELATÓRIO 




Trata-se de Apelação Cível interposta por ERIC IDNEI FREITAS DA SILVA CARDOSO em face da sentença proferida pelo Juízo da 2ª Vara Cível da Comarca de Camaragibe/PE, nos autos da Ação de Reintegração de Posse ajuizada por JOSE AUGUSTO FILHO.




Narra o autor que exercia a posse do imóvel objeto da demanda, tendo sido vítima de esbulho praticado pelos réus, os quais ingressaram indevidamente no bem, passando a ocupá-lo sem autorização. Requereu, assim, a reintegração de posse, com fundamento nos arts. 560 e seguintes do Código de Processo Civil.




Regularmente processado o feito, foi deferida tutela provisória em favor do autor.




Ao final, sobreveio sentença de procedência, por meio da qual o magistrado de origem confirmou a tutela de urgência anteriormente deferida e julgou procedente o pedido reintegratório, reconhecendo estarem demonstrados os requisitos previstos no art. 561 do Código de Processo Civil. Consignou que a posse anterior do autor encontrava respaldo em elementos documentais robustos, inclusive em decisões judiciais anteriormente proferidas em ações de usucapião e oposição, e que os demandados praticaram esbulho possessório recente. Afastou, ainda, a alegação de exceção de usucapião suscitada pela defesa e indeferiu o pedido de retenção por benfeitorias, por entender configurada posse de má-fé.




Irresignado, o réu ERIC IDNEI FREITAS DA SILVA CARDOSO interpôs Apelação Cível. Em suas razões recursais, suscita, preliminarmente, nulidade da sentença por cerceamento de defesa, sustentando que o julgamento antecipado da lide inviabilizou a produção de prova testemunhal indispensável à demonstração da posse alegadamente exercida por sua sogra, VERA LUCIA MARIA DE MELO, e à comprovação da exceção de usucapião arguida em contestação. No mérito, afirma que a sentença incorreu em erro de julgamento ao desconsiderar a posse qualificada exercida pelos ocupantes do imóvel e ao atribuir excessivo valor probatório ao boletim de ocorrência apresentado pelo autor. Requer a cassação da sentença para reabertura da instrução processual ou, subsidiariamente, sua reforma para julgar improcedente o pedido reintegratório.




Paralelamente à interposição da apelação, o recorrente formulou pedido de atribuição de efeito suspensivo ao recurso, autuado sob o nº 0007419-81.2026.8.17.9000.




Por decisão monocrática, foi indeferido o pedido liminar de suspensão da eficácia da sentença, ao fundamento de ausência dos requisitos previstos no art. 1.012, §4º, do Código de Processo Civil, especialmente diante da inexistência de probabilidade qualificada de provimento do recurso e da insuficiência do perigo de dano alegado.




Contra essa decisão foi interposto Agravo Interno, no qual o recorrente reiterou as alegações de cerceamento de defesa, erro de julgamento e risco de dano decorrente da execução da sentença possessória.




Apresentadas contrarrazões ao Agravo Interno, o agravado pugnou pela manutenção integral da decisão monocrática, sustentando a inexistência dos requisitos legais para concessão do efeito suspensivo e defendendo a correção da sentença recorrida.




É o relatório.




Inclua-se em pauta.




Recife-PE, data registrada no sistema.




Des. Raimundo Nonato de Souza Braid Filho




Relator



 



 




 










Voto vencedor:




 




 




PODER JUDICIÁRIO




TRIBUNAL DE JUSTIÇA DO ESTADO DE PERNAMBUCO




6ª CÂMARA CÍVEL




APELAÇÃO CÍVEL nº 0007419-81.2026.8.17.9000




APELANTE: ERIC IDNEI FREITAS DA SILVA CARDOSO




APELADO: JOSE AUGUSTO FILHO




RELATOR: Des. Raimundo Nonato de Souza Braid Filho



VOTO









De antemão, observo que o presente recurso preenche os requisitos processuais correlatos, razão pela qual entendo pelo seu conhecimento.




Inicialmente, registro que o Agravo Interno interposto pelo apelante contra a decisão monocrática que indeferiu o pedido de atribuição de efeito suspensivo à apelação resta prejudicado.




Com efeito, o referido recurso voltou-se exclusivamente contra decisão proferida em sede de tutela provisória recursal, cuja finalidade consistia em suspender os efeitos da sentença até o julgamento definitivo da apelação.




Ocorre que o presente julgamento enfrenta o próprio mérito do recurso de apelação, circunstância que absorve integralmente a controvérsia relativa à tutela provisória anteriormente requerida.




Dessa forma, reconheço a perda superveniente do objeto do Agravo Interno, julgando-o prejudicado.




Passo ao exame da Apelação.




A controvérsia devolvida a esta instância recursal consiste em verificar:




(i) se a sentença incorreu em cerceamento de defesa ao julgar antecipadamente a lide e indeferir a produção de prova testemunhal e pericial;




(ii) se restaram demonstrados os requisitos da ação de reintegração de posse previstos no art. 561 do Código de Processo Civil;




(iii) se a alegação de exceção de usucapião deduzida pelo apelante possui aptidão para afastar a tutela possessória deferida ao autor;




(iv) se assiste ao recorrente direito de retenção por benfeitorias.




A sentença julgou procedente a ação de reintegração de posse proposta por JOSE AUGUSTO FILHO, reconhecendo a posse anterior do autor, a ocorrência de esbulho praticado pelos demandados e determinando sua imediata reintegração na posse do imóvel localizado na Rua Castro, nº 200, Camaragibe/PE. 




Insurge-se o apelante alegando nulidade da sentença por cerceamento de defesa, sustentando que a prova oral seria imprescindível à demonstração da posse exercida por VERA LUCIA MARIA DE MELO e à comprovação da alegada exceção de usucapião. Afirma, ainda, que a sentença teria atribuído valor excessivo ao boletim de ocorrência juntado aos autos e desconsiderado a posse qualificada exercida pela corré e pelo próprio recorrente. 




Sem razão.




A preliminar não merece acolhimento.




Nos termos do art. 355, inciso I, do Código de Processo Civil:




"Art. 355. O juiz julgará antecipadamente o pedido, proferindo sentença com resolução de mérito, quando:




I - não houver necessidade de produção de outras provas."




Por sua vez:




"Art. 370. Caberá ao juiz, de ofício ou a requerimento da parte, determinar as provas necessárias ao julgamento do mérito.




Parágrafo único. O juiz indeferirá, em decisão fundamentada, as diligências inúteis ou meramente protelatórias."




A leitura da sentença evidencia que o magistrado não indeferiu arbitrariamente a instrução probatória.




Ao contrário, fundamentou de forma detalhada a desnecessidade da prova oral e da prova pericial, consignando que a matéria relativa à alegada posse de VERA LUCIA MARIA DE MELO já havia sido objeto de cognição exauriente na Oposição nº 0001356-56.2018.8.17.0420, ocasião em que se reconheceu a ausência de posse da referida corré. 




Da mesma forma, a sentença registrou que a perícia destinada à apuração de benfeitorias mostrava-se inútil para fins de retenção, porquanto a ocupação identificada nos autos decorreu de esbulho praticado mediante arrombamento, circunstância incompatível com a posse de boa-fé exigida pelo art. 1.219 do Código Civil. 




O Superior Tribunal de Justiça possui entendimento consolidado no sentido de que inexiste cerceamento de defesa quando o magistrado, de forma fundamentada, considera suficiente o conjunto probatório existente.




Nesse sentido:




“Não configura cerceamento de defesa o julgamento antecipado da lide quando o magistrado entende suficientemente instruído o feito e fundamenta a desnecessidade das provas requeridas. ” (STJ, AgInt no AREsp 2.255.397/SP, Rel. Min. Marco Buzzi, Quarta Turma, DJe 29/08/2023).




No caso concreto, a prova pretendida pelo recorrente não se destinava a esclarecer fato novo ou controvertido ainda não examinado, mas sim a rediscutir situação jurídica já apreciada em processos anteriores expressamente considerados pelo Juízo de origem.




Não há, portanto, qualquer nulidade a ser reconhecida.




A ação de reintegração de posse exige a comprovação dos requisitos previstos no art. 561 do CPC:




"Art. 561. Incumbe ao autor provar:




I - a sua posse;




II - a turbação ou o esbulho praticado pelo réu;




III - a data da turbação ou do esbulho;




IV - a continuação da posse, embora turbada, na ação de manutenção, ou a perda da posse, na ação de reintegração."




Os elementos constantes dos autos demonstram que tais requisitos foram satisfatoriamente comprovados.




A sentença consignou que a posse histórica exercida por JOSE AUGUSTO FILHO foi reconhecida em ação de usucapião anteriormente julgada, circunstância que serviu de fundamento para o reconhecimento da proteção possessória em seu favor. 




Além disso, registrou que a oposição manejada por VERA LUCIA MARIA DE MELO foi extinta, oportunidade em que se concluiu pela inexistência de posse exercida pela corré sobre o imóvel. 




Quanto ao esbulho, o Juízo de origem reconheceu sua ocorrência com base no conjunto documental produzido, inclusive boletim de ocorrência, fotografias e demais elementos indicativos do ingresso dos demandados no imóvel mediante arrombamento. 




Ao contrário do que sustenta o recorrente, a sentença não se fundamentou exclusivamente em boletim de ocorrência.




O decisum amparou-se em um conjunto probatório muito mais amplo, integrado por decisões judiciais anteriores, documentos públicos e elementos contemporâneos ao esbulho narrado. 




A conclusão alcançada pelo magistrado mostra-se plenamente compatível com a prova produzida.




Igualmente não merece prosperar a insurgência recursal fundada na denominada exceção de usucapião.




É assente na jurisprudência que a usucapião pode ser alegada como matéria de defesa em ações possessórias e petitórias, independentemente do ajuizamento de ação autônoma, consoante entendimento consolidado na Súmula nº 237 do Supremo Tribunal Federal:




“A usucapião pode ser arguida em defesa." 




Todavia, o simples manejo da exceção de usucapião não possui o condão de afastar, por si só, a pretensão possessória deduzida pela parte autora. A alegação defensiva deve vir acompanhada de elementos probatórios minimamente idôneos capazes de demonstrar a presença dos requisitos exigidos pela legislação civil para a aquisição originária da propriedade, especialmente a posse contínua, mansa, pacífica, pública, ininterrupta e exercida com animus domini durante o lapso temporal legalmente previsto.




No caso concreto, o apelante limita-se a sustentar que a posse exercida por VERA LUCIA MARIA DE MELO seria antiga e qualificada, afirmando que a prova testemunhal seria necessária para demonstrar a ocorrência da prescrição aquisitiva. Entretanto, os elementos documentais constantes dos autos caminham em direção oposta.




Com efeito, a sentença destacou que a alegada posse da corré já foi objeto de análise judicial nos autos da Oposição nº 0001356-56.2018.8.17.0420, oportunidade em que restou reconhecida a inexistência de prova da posse por ela alegada, consignando-se, inclusive, que residia em município diverso daquele onde situado o imóvel litigioso. 




Além disso, o Juízo de origem registrou que a própria defesa procura vincular a situação possessória do apelante à suposta posse anteriormente exercida por VERA LUCIA MARIA DE MELO, circunstância que evidencia a inexistência de quadro fático autônomo apto a demonstrar, de forma inequívoca, o preenchimento dos requisitos da usucapião. 




Cumpre observar que a discussão acerca da aquisição da propriedade por usucapião demanda cognição exauriente e prova robusta acerca do exercício da posse qualificada durante todo o período aquisitivo. Não basta a mera alegação de ocupação prolongada ou a existência de ações judiciais anteriormente ajuizadas com esse objeto.




Nesse sentido, o Superior Tribunal de Justiça tem afirmado que a usucapião exige prova segura e inequívoca dos seus requisitos constitutivos:




“A aquisição da propriedade por usucapião depende da comprovação efetiva dos requisitos legais, não sendo suficiente a mera alegação de posse prolongada. ” (STJ, AgInt no AREsp 2.067.637/SP, Rel. Min. Marco Aurélio Bellizze, Terceira Turma, DJe 20/09/2022).




No caso dos autos, longe de existir prova inequívoca de posse apta a conduzir ao reconhecimento da prescrição aquisitiva, o que se verifica é a existência de elementos documentais que corroboram a tese acolhida na sentença, segundo a qual o autor exercia a posse do imóvel e sofreu esbulho recentemente praticado pelos demandados. 




Desse modo, a alegação de exceção de usucapião não se revela apta a infirmar a conclusão alcançada pelo Juízo de origem, razão pela qual deve ser integralmente mantida a sentença recorrida também sob esse fundamento.






Parte superior do formulário








Parte inferior do formulário






Também correta a sentença ao afastar o direito de retenção.




Dispõe o Código Civil:                   




"Art. 1.219. O possuidor de boa-fé tem direito à indenização das benfeitorias necessárias e úteis, bem como, quanto às benfeitorias úteis, o direito de retenção."




Por outro lado:




"Art. 1.220. Ao possuidor de má-fé serão ressarcidas somente as benfeitorias necessárias; não lhe assiste o direito de retenção pela importância destas, nem o de levantar as voluptuárias."




A sentença concluiu que a ocupação identificada nos autos decorreu de esbulho praticado mediante arrombamento, circunstância incompatível com a boa-fé possessória. 




Diante desse quadro, mostra-se juridicamente correta a exclusão do direito de retenção.




Eventual pretensão indenizatória relativa às benfeitorias necessárias poderá ser discutida pelas vias adequadas, conforme expressamente consignado pelo magistrado sentenciante. 




A sentença examinou adequadamente a controvérsia, apreciou os requisitos da ação possessória, fundamentou o julgamento antecipado da lide e solucionou corretamente as questões relativas à posse, ao esbulho e às benfeitorias.




Não se verifica nulidade processual, tampouco erro de julgamento apto a justificar sua reforma.




Ante o exposto:




a) JULGO PREJUDICADO o Agravo Interno interposto por ERIC IDNEI FREITAS DA SILVA CARDOSO, em razão da perda superveniente de seu objeto; 




b) NEGO PROVIMENTO à Apelação Cível, mantendo integralmente a sentença recorrida; 




c) MAJORO os honorários advocatícios sucumbenciais para o patamar de 20% (vinte por cento) sobre o valor atualizado da causa, nos termos do art. 85, §11, do Código de Processo Civil, mantendo suspensa sua exigibilidade em razão da gratuidade judiciária deferida ao apelante. 




É como voto.




Recife-PE, data registrada no sistema.




Des. Raimundo Nonato de Souza Braid Filho
 Relator




 




 










 




Demais votos:




 










Ementa:




 







Tribunal de Justiça de Pernambuco
 Poder Judiciário
Gabinete do Des. Raimundo Nonato de Souza Braid Filho (6ª CC)




 - F:(  ) 




 




6ª CÂMARA CÍVEL




APELAÇÃO CÍVEL nº 0007419-81.2026.8.17.9000




APELANTE: ERIC IDNEI FREITAS DA SILVA CARDOSO




APELADO: JOSE AUGUSTO FILHO




RELATOR: Des. Raimundo Nonato de Souza Braid Filho




EMENTA




DIREITO CIVIL. DIREITO PROCESSUAL CIVIL. APELAÇÃO CÍVEL. AÇÃO DE REINTEGRAÇÃO DE POSSE. AGRAVO INTERNO INTERPOSTO CONTRA DECISÃO QUE INDEFERIU PEDIDO DE EFEITO SUSPENSIVO À APELAÇÃO. PERDA SUPERVENIENTE DO OBJETO. PREJUDICIALIDADE. CERCEAMENTO DE DEFESA NÃO CONFIGURADO. JULGAMENTO ANTECIPADO DA LIDE. ARTIGOS 355, I, E 370, PARÁGRAFO ÚNICO, DO CPC. EXCEÇÃO DE USUCAPIÃO. AUSÊNCIA DE COMPROVAÇÃO DOS REQUISITOS DA PRESCRIÇÃO AQUISITIVA. POSSE ANTERIOR E ESBULHO DEMONSTRADOS. ART. 561 DO CPC. DIREITO DE RETENÇÃO POR BENFEITORIAS. POSSE DE MÁ-FÉ. INAPLICABILIDADE DO ART. 1.219 DO CÓDIGO CIVIL. SENTENÇA MANTIDA. RECURSO DESPROVIDO.




I. Caso em exame




1.   Apelação cível interposta contra sentença que julgou procedente ação de reintegração de posse, confirmando tutela provisória anteriormente deferida e determinando a reintegração do autor na posse do imóvel litigioso.




2.   O recorrente sustenta nulidade da sentença por cerceamento de defesa, em razão do indeferimento de prova testemunhal e pericial, bem como erro de julgamento decorrente da não apreciação adequada da exceção de usucapião arguida em defesa.




II. Questão em discussão




3.   As questões submetidas a julgamento consistem em verificar: (i) se houve cerceamento de defesa pelo julgamento antecipado da lide; (ii) se a alegação de exceção de usucapião afasta a pretensão possessória; (iii) se restaram comprovados os requisitos da ação de reintegração de posse; e (iv) se o recorrente faz jus ao direito de retenção por benfeitorias.




III. Razões de decidir




4.   O Agravo Interno interposto contra a decisão que indeferiu o pedido de efeito suspensivo à apelação resta prejudicado em razão da perda superveniente do objeto, diante do julgamento do próprio recurso principal.




5.   Não configura cerceamento de defesa o julgamento antecipado da lide quando o magistrado fundamenta adequadamente a suficiência do conjunto probatório e o indeferimento das provas requeridas, nos termos dos arts. 355, I, e 370, parágrafo único, do CPC.




6.   A exceção de usucapião pode ser arguida como matéria de defesa, nos termos da Súmula 237 do STF, mas exige demonstração efetiva dos requisitos da posse ad usucapionem, o que não ocorreu na hipótese dos autos.




7.   Restaram demonstrados os requisitos previstos no art. 561 do CPC, consistentes na posse anterior do autor, no esbulho praticado pelos réus, na perda da posse e na contemporaneidade dos fatos possessórios.




8.   Reconhecida a posse de má-fé decorrente de esbulho, inexiste direito de retenção por benfeitorias, nos termos dos arts. 1.219 e 1.220 do Código Civil.




IV. Dispositivo e tese




9.   Agravo Interno prejudicado.




10.               Apelação Cível desprovida.




ACÓRDÃO 




Vistos, relatados e discutidos os presentes autos, ACORDAM os Desembargadores integrantes da 6ª Câmara Cível do Tribunal de Justiça do Estado de Pernambuco, à unanimidade, em NEGAR PROVIMENTO AO RECURSO DE APELAÇÃO, mantendo integralmente a sentença recorrida, nos termos do voto do Relator, que integra este julgado para todos os fins de direito.




Recife-PE, data registrada no sistema.




Des. Raimundo Nonato de Souza Braid Filho
 Relator




 




 




 










Proclamação da decisão:




À unanimidade de votos, negou-se provimento ao recurso, nos termos do voto da Relatoria.










Magistrados: [GABRIEL DE OLIVEIRA CAVALCANTI FILHO, RAIMUNDO NONATO DE SOUZA BRAID FILHO, SILVIO ROMERO BELTRAO]
















, 31 de julho de 2026




 




 




 




 




 




 




 




Magistrado


      
DOCUMENTO 8  
Acompanhamento Processual
Resultado sem Formatação
Imprimir
ACÓRDÃO
PROCESSO
0030936-70.2021.8.17.3090 
CLASSE CNJ
198 APELAÇÃO CÍVEL
ASSUNTO CNJ
10458 Usucapião Extraordinária
RELATOR(A)
ANDREA EPAMINONDAS TENORIO DE BRITO
ÓRGÃO JULGADOR
Gabinete da Desa. Andréa Epaminondas Tenório de Brito (3ª CC)
DATA DE JULGAMENTO
31/07/2026
DATA DA PUBLICAÇÃO/FONTE
31/07/2026
MEIO DE TRAMITAÇÃO
ELETRONICO
EMENTA

        

 






Tribunal de Justiça de Pernambuco         
Poder Judiciário         
Gabinete da Desa. Andréa Epaminondas Tenório de Brito     








  








3ª CÂMARA CÍVEL           








  








APELAÇÃO Nº 0030936-70.2021.8.17.3090           
APELANTE: ANA PAULA DE ARAÚJO LUCAS  
APELADO: MARCELO FREITAS CAZER RELATORA: DESA. ANDRÉA EPAMINONDAS TENÓRIO DE BRITO           








  








EMENTA 








  








Direito civil. Apelação cível. Ação de usucapião extraordinária. Ausência de posse mansa, pacífica e sem oposição. Existência de disputas judiciais e ciência da ocupante acerca da situação jurídica do imóvel. Recurso desprovido. 








I. Caso em exame 








Apelação interposta contra sentença que julgou improcedente ação de usucapião extraordinária, sob o fundamento de inexistência de posse mansa e pacífica pelo período legalmente exigido, bem como pela constatação de oposição e disputas relacionadas ao imóvel. 








II. Questão em discussão 
2. A questão em discussão consiste em saber se a apelante comprovou o exercício de posse contínua, ininterrupta, com ânimo de proprietária e sem oposição de terceiros durante o lapso temporal necessário à configuração da usucapião extraordinária. 








III. Razões de decidir 
3. A usucapião extraordinária exige demonstração de posse contínua, ininterrupta e sem oposição, conforme previsto no art. 1.238 do Código Civil. 
4. Os elementos probatórios indicam que o imóvel esteve submetido a sucessivas relações jurídicas envolvendo financiamento imobiliário e medidas judiciais destinadas à sua retomada, evidenciando resistência à ocupação exercida pela autora. 
5. Consta dos autos que a apelante possuía ciência acerca das pendências jurídicas do imóvel, inclusive participando de tratativas relacionadas ao financiamento e firmando instrumento de confissão de dívida em nome do adquirente contratual. 
6. A atuação da apelante mediante procuração do devedor do financiamento revela relação jurídica incompatível com o exercício de posse autônoma com animus domini. 
7. A existência de demandas judiciais e de medidas voltadas à recuperação do imóvel afasta o requisito da posse mansa e pacífica, inviabilizando o reconhecimento da prescrição aquisitiva. 








IV. Dispositivo e tese 
8. Recurso desprovido. 








Tese de julgamento: 
"1. O reconhecimento da usucapião extraordinária exige prova de posse contínua, ininterrupta e sem oposição durante o prazo legal. 
2. A existência de disputas judiciais, ciência do ocupante acerca da situação jurídica do imóvel e atuação vinculada ao devedor do financiamento afastam a caracterização da posse ad usucapionem." 








  








Dispositivos relevantes citados: CC, art. 1.238. 








Jurisprudência relevante citada: TJPE, AC nº 0000457-65.2010.8.17.0670, Rel. Des. José Severino Barbosa, j. 27.02.2025; TJPE, AC nº 0043827-64.2010.8.17.0001, Rel. Des. Gabriel de Oliveira Cavalcanti Filho, j. 20.12.2023. 








 








ACÓRDÃO 








Vistos, relatados e discutidos os presentes autos do Apelação Cível nº 0030936-70.2021.8.17.3090; Recorrente: Ana Paula de Araújo Lucas; Recorrido Marcelo Freitas Cazer: ACORDAM os Desembargadores que integram a 3ª Câmara Cível do Tribunal de Justiça de Pernambuco, à unanimidade, em conhecer e NEGAR PROVIMENTO AO RECURSO, na conformidade do relatório e dos votos proferidos neste julgamento. 








 




      
ACÓRDÃO

        















Tribunal de Justiça de Pernambuco
 Poder Judiciário





3ª Câmara Cível - Recife




 - F:(  ) 




Processo nº 0030936-70.2021.8.17.3090




APELANTE: ANA PAULA DE ARAUJO LUCAS




APELADO(A): MARCELO FREITAS CAZER









INTEIRO TEOR









Relator: 
ANDREA EPAMINONDAS TENORIO DE BRITO










Relatório:




 






Tribunal de Justiça de Pernambuco         
Poder Judiciário         
Gabinete da Desa. Andréa Epaminondas Tenório de Brito     








  








3ª CÂMARA CÍVEL           








  








APELAÇÃO Nº 0030936-70.2021.8.17.3090           
APELANTE: ANA PAULA DE ARAÚJO LUCAS  
APELADO: MARCELO FREITAS CAZER RELATORA: DESA. ANDRÉA EPAMINONDAS TENÓRIO DE BRITO           








  








RELATÓRIO 








  








Trata-se de recurso de apelação interposto por Ana Paula de Araújo Lucas contra sentença prolatada pelo Juízo da 1ª Vara Cível da Comarca de Paulista que, nos autos da ação de usucapião extraordinária ajuizada em face de Marcelo Freitas Cazer, julgou improcedente a pretensão deduzida na inicial, extinguindo o feito com resolução do mérito em relação à entidade interveniente APEPE – Associação Negócios Imobiliários e Administração de Bens de Pernambuco, e, quanto ao demandado originário, declarou a ausência de interesse processual, extinguindo o processo sem resolução do mérito.  








Em suas razões , sustenta a recorrente que a decisão deve ser invalidada ou reformada, alegando, em síntese: (i) a nulidade do decisum por ter sido proferido com fundamento em premissa fática equivocada; (ii) a ilegitimidade da APEPE para integrar a demanda, ao argumento de que a usucapião constitui modo originário de aquisição da propriedade e que o único legitimado passivo seria o titular registral do bem; (iii) a inexistência de oposição à posse exercida, afirmando que não houve ajuizamento de ações possessórias ou medidas judiciais aptas a interromper o lapso temporal da prescrição aquisitiva; (iv) a comprovação de posse contínua, mansa e com ânimo de proprietária por período superior ao exigido pela legislação civil; e (v) a inadequação da conclusão judicial quanto à suposta ciência prévia acerca da existência de financiamento e de disputas sobre o imóvel.  








Ao final, requer a declaração de nulidade da sentença, com o retorno dos autos à origem para novo julgamento, ou, subsidiariamente, o reconhecimento da procedência do pedido de usucapião.  








Apresentadas contrarrazões pela APEPE – Associação Negócios Imobiliários e Administração de Bens de Pernambuco, sustenta-se a manutenção integral da decisão impugnada, defendendo, em síntese: (i) a legitimidade da referida entidade para intervir no feito na condição de interessada, por ter figurado como agente financeiro e credora hipotecária do imóvel; (ii) a existência de histórico contratual envolvendo o bem, inicialmente financiado por Marcelo Freitas Cazer e posteriormente adjudicado pela instituição após execução hipotecária, com subsequente alienação a José Santino Tonel e Maria Rufino Santino; (iii) o conhecimento da recorrente acerca da situação jurídica do imóvel, inclusive por ter atuado mediante procuração em nome dos adquirentes e participado de negociação que culminou em confissão de dívida; (iv) a inexistência de posse ad usucapionem, porquanto a ocupação teria decorrido de relação autorizada, incompatível com o requisito da posse adversa; e (v) a ausência de prova idônea acerca da aquisição da posse, ressaltando que o recibo apresentado não demonstraria domínio ou posse legítima sobre o bem.  








Por fim, pugna pelo desprovimento do recurso. 








É o relatório. 








Inclua-se em pauta, nos termos do art. 934, do CPC. 








  








 
Recife, na data da assinatura eletrônica.        








 








ANDRÉA EPAMINONDAS TENÓRIO DE BRITO         
DESEMBARGADORA RELATORA   








 








  








 








 








 






 










Voto vencedor:









Tribunal de Justiça de Pernambuco         
Poder Judiciário         
Gabinete da Desa. Andréa Epaminondas Tenório de Brito     








  








3ª CÂMARA CÍVEL           








  








APELAÇÃO Nº 0030936-70.2021.8.17.3090           
APELANTE: ANA PAULA DE ARAÚJO LUCAS  
APELADO: MARCELO FREITAS CAZER RELATORA: DESA. ANDRÉA EPAMINONDAS TENÓRIO DE BRITO           








  








VOTO 








  








De início, observo que o presente recurso preenche os pressupostos de admissibilidade recursal, motivo pelo qual dele conheço. 








A controvérsia devolvida a este órgão colegiado se volta à verificação da presença dos requisitos legais necessários ao reconhecimento da usucapião extraordinária postulada por Ana Paula de Araújo Lucas, especificamente no que concerne à comprovação de posse contínua, ininterrupta, exercida com ânimo de proprietária e, sobretudo, desprovida de oposição de terceiros durante o lapso temporal exigido pela legislação civil. 








Nos termos do artigo 1.238 do Código Civil, a aquisição da propriedade imobiliária pela prescrição aquisitiva pressupõe o exercício de posse qualificada por determinado período, caracterizada pela continuidade, pela ausência de interrupção e pela inexistência de contestação eficaz por parte de terceiros interessados.  








Trata-se, portanto, de modalidade originária de aquisição dominial que exige, como elemento essencial, a demonstração de posse mansa e pacífica ao longo do prazo legalmente previsto. 








In casu, a análise acurada do acervo probatório revela que tal requisito não restou devidamente configurado. 








Isso porque, verifico que o imóvel objeto da controvérsia esteve inserido, por longo período, em sucessivas relações jurídicas envolvendo financiamento imobiliário e medidas destinadas à recuperação do bem, circunstância que evidencia a existência de resistência à permanência da ocupação exercida pela demandante.  








A prova documental demonstra que a entidade APEPE – Associação Negócios Imobiliários e Administração de Bens de Pernambuco vem, há anos, adotando providências destinadas à preservação de seu direito sobre o bem litigioso, circunstância incompatível com a alegada posse tranquila e incontestada. 








Além disso, a documentação constante dos autos evidencia que a apelante possuía inequívoco conhecimento acerca das negociações e das pendências relacionadas ao imóvel.  








Tal circunstância se encontra evidenciada, entre outros elementos, pelo protocolo identificado sob ID 32127745 e pelos avisos de recebimento constantes do ID 32127743, ambos subscritos pela própria interessada, os quais demonstram a ciência acerca das tratativas e comunicações relacionadas ao contrato de financiamento e às medidas adotadas pela instituição credora. 








Outro aspecto relevante que afasta a caracterização da posse qualificada reside no fato de que a própria apelante subscreveu instrumento de confissão de dívida em agosto de 2010, atuando mediante procuração outorgada pelo adquirente contratual do imóvel.  








Conforme se observa do documento identificado sob ID 32127741, a recorrente se comprometeu a quitar o saldo devedor referente ao financiamento imobiliário então existente.  








Não bastasse isso, também se extrai dos autos que a recorrente possuía ciência da existência de demanda judicial destinada à resolução do vínculo contratual relativo ao financiamento do imóvel, especificamente a ação de nº 0000858-69.2016.8.17.3090, proposta em desfavor do outorgante da procuração por ela utilizada.  








Retenha-se que esta Relatora não desconhece a tese de que a existência de ônus real de hipoteca sobre o imóvel não impede a sua aquisição por usucapião, porquanto esta é forma de aquisição originária da propriedade, que opera a extinção de todos os gravames e direitos reais que anteriormente recaíam sobre o bem. 








Ocorre que a autora atuava em nome do devedor, por meio de procuração, tendo firmado, inclusive, instrumento de confissão de dívida em nome daquele, circunstância que se mostra incompatível com a alegação de exercício de posse autônoma e independente com animus domini. 








Diante dessa situação, a própria apelante manejou embargos de terceiros no bojo daquela demanda, os quais foram julgados improcedentes, o que evidencia, mais uma vez, a existência de conflito possessório e a ausência de estabilidade na ocupação exercida. 








Diante desse contexto fático-probatório, mostra-se correta a conclusão alcançada pelo magistrado de primeiro grau ao afirmar que não se configurou posse contínua, pacífica e desprovida de oposição durante o período exigido pela legislação.  








Ao contrário, os elementos constantes dos autos demonstram que o bem vinha sendo objeto de reiteradas disputas e providências judiciais e extrajudiciais voltadas à sua retomada, circunstância que inviabiliza o reconhecimento da prescrição aquisitiva. 








Assim, ainda que a apelante tenha apresentado diversos argumentos em suas razões recursais, tenho e que o núcleo da controvérsia é singelo e se resume à inexistência de um dos pressupostos essenciais da usucapião, qual seja, a posse exercida sem oposição durante o lapso temporal exigido.  








Comprovado que havia resistência reiterada por parte da instituição interessada e que a própria ocupante tinha plena ciência da situação jurídica do imóvel, não há como reconhecer a aquisição da propriedade pela via da prescrição aquisitiva. 




Sobre a matéria colho jurisprudência desta Corte de Justiça:




"DIREITO CIVIL. APELAÇÃO CÍVEL. USUCAPIÃO EXTRAORDINÁRIA. AUSÊNCIA DE REQUISITOS LEGAIS. POSSE MANSA E PACÍFICA. NÃO COMPROVADA RECURSO DESPROVIDO. 




I. Caso em exame 1. Apelação cível interposta contra sentença que julgou improcedente pedido de usucapião extraordinária. 




II. Questão em discussão 2. A questão em discussão consiste em verificar se o apelante preencheu os requisitos para a usucapião extraordinária. 




III. Razões de decidir 3. Para a usucapião extraordinária, exige-se a posse mansa, pacífica, ininterrupta e sem oposição por 15 anos, conforme art. 1.238 do Código Civil , salvo exceções que permitam a redução do prazo para 10 anos mediante posse com residência ou obras no imóvel. 4. As provas juntadas pelo apelante, sobretudo as documentais e testemunhais, não foram suficientes para comprovar o preenchimento dos critérios para a usucapião, especialmente a posse mansa e pacífica. 




IV. Dispositivo e tese 6. Apelação desprovida. Sentença mantida integralmente. Tese de julgamento: "Para o reconhecimento da usucapião extraordinária, exige-se posse mansa, pacífica e contínua por 15 anos, salvo hipóteses legais de redução” (TJPE-1ª TCRC, AC0000457-65.2010.8.17.0670, rel. Des. José Severino Barbosa, julgada em 27/02/2025).




"CIVIL. APELAÇÕES CÍVEIS. AÇÃO DE USUCAPIÃO EXTRAORDINÁRIO. PRELIMINARES RECHAÇADAS. CC/1916. IMÓVEL QUE JÁ POSSUÍA PENHORA EM SUA MATRÍCULA. POSTERIOR ARREMATAÇÃO NA JUSTIÇA DO TRABALHO. LITIGIOSIDADE DO BEM. AUSÊNCIA DE POSSE MANSA E PACÍFICA. REFORMA DA SENTENÇA. IMPROCEDÊNCIA DA AÇÃO DE USUCAPIÃO. PROVIMENTO DO RECURSO DA RÉ. PREJUDICADO O RECURSO DO AUTOR. DECISÃO UNÂNIME. 




1. Preliminares arguidas devidamente rechaçadas na sentença recorrida. 




2. Aplica-se ao caso o Código Civil de 1916 , que instituiu a denominada usucapião extraordinária, prevista no art. 550 , a qual tinha como pressuposto temporal, inicialmente, a posse por 30 anos, sem interrupção ou oposição, com ânimo de dono. A Lei nº. 2.437 de 1955 reduziu o lapso temporal para 20 anos, mantendo os demais requisitos para aquisição do domínio. 




3. Quando da primeira aquisição do terreno, o imóvel já se encontrava com penhora averbada desde 20/08/1985 na matrícula, informação pública e notória. Verifica-se, ainda, que existiram sucessivas penhoras, culminando, por fim, em arrematação judicial na Justiça do Trabalho. 




4. A litigiosidade do imóvel afasta o requisito obrigatório da posse sem interrupção e nem oposição (posse mansa e pacífica) exercida pelo apelado. 




5. Deve-se respeitar e prestigiar as alienações judiciais que contam com a interveniência do Poder Judiciário nas vendas por leilões de bens penhorados, sob pena de inegável insegurança jurídica. 




6. Recurso da ré a que se dá provimento. Por consequência, resta prejudicado o recurso do autor" (TJPE-6ª C. Cível, AC 0043827-64.2010.8.17.0001, rel. Des. Gabriel de Oliveira Cavalcanti Filho, julgada em 20/12/2023).




 








Dessa forma, a sentença recorrida examinou adequadamente os elementos probatórios e aplicou corretamente o direito ao caso concreto, não se vislumbrando qualquer fundamento apto a justificar sua reforma. 








Ante o exposto, voto no sentido de NEGAR PROVIMENTO ao recurso. 




Em atenção ao disposto no art. 85, §11, do CPC, majoro em 5% os honorários devidos aos advogados da parte recorrida, suspensa sua exigibilidade em razão da gratuidade de justiça deferida na origem.








É como voto. 








   








Recife, na data da assinatura eletrônica.        








 








ANDRÉA EPAMINONDAS TENÓRIO DE BRITO         
DESEMBARGADORA RELATORA   








 






 










 




Demais votos:




 










Ementa:




 




 






Tribunal de Justiça de Pernambuco         
Poder Judiciário         
Gabinete da Desa. Andréa Epaminondas Tenório de Brito     








  








3ª CÂMARA CÍVEL           








  








APELAÇÃO Nº 0030936-70.2021.8.17.3090           
APELANTE: ANA PAULA DE ARAÚJO LUCAS  
APELADO: MARCELO FREITAS CAZER RELATORA: DESA. ANDRÉA EPAMINONDAS TENÓRIO DE BRITO           








  








EMENTA 








  








Direito civil. Apelação cível. Ação de usucapião extraordinária. Ausência de posse mansa, pacífica e sem oposição. Existência de disputas judiciais e ciência da ocupante acerca da situação jurídica do imóvel. Recurso desprovido. 








I. Caso em exame 








Apelação interposta contra sentença que julgou improcedente ação de usucapião extraordinária, sob o fundamento de inexistência de posse mansa e pacífica pelo período legalmente exigido, bem como pela constatação de oposição e disputas relacionadas ao imóvel. 








II. Questão em discussão 
2. A questão em discussão consiste em saber se a apelante comprovou o exercício de posse contínua, ininterrupta, com ânimo de proprietária e sem oposição de terceiros durante o lapso temporal necessário à configuração da usucapião extraordinária. 








III. Razões de decidir 
3. A usucapião extraordinária exige demonstração de posse contínua, ininterrupta e sem oposição, conforme previsto no art. 1.238 do Código Civil. 
4. Os elementos probatórios indicam que o imóvel esteve submetido a sucessivas relações jurídicas envolvendo financiamento imobiliário e medidas judiciais destinadas à sua retomada, evidenciando resistência à ocupação exercida pela autora. 
5. Consta dos autos que a apelante possuía ciência acerca das pendências jurídicas do imóvel, inclusive participando de tratativas relacionadas ao financiamento e firmando instrumento de confissão de dívida em nome do adquirente contratual. 
6. A atuação da apelante mediante procuração do devedor do financiamento revela relação jurídica incompatível com o exercício de posse autônoma com animus domini. 
7. A existência de demandas judiciais e de medidas voltadas à recuperação do imóvel afasta o requisito da posse mansa e pacífica, inviabilizando o reconhecimento da prescrição aquisitiva. 








IV. Dispositivo e tese 
8. Recurso desprovido. 








Tese de julgamento: 
"1. O reconhecimento da usucapião extraordinária exige prova de posse contínua, ininterrupta e sem oposição durante o prazo legal. 
2. A existência de disputas judiciais, ciência do ocupante acerca da situação jurídica do imóvel e atuação vinculada ao devedor do financiamento afastam a caracterização da posse ad usucapionem." 








  








Dispositivos relevantes citados: CC, art. 1.238. 








Jurisprudência relevante citada: TJPE, AC nº 0000457-65.2010.8.17.0670, Rel. Des. José Severino Barbosa, j. 27.02.2025; TJPE, AC nº 0043827-64.2010.8.17.0001, Rel. Des. Gabriel de Oliveira Cavalcanti Filho, j. 20.12.2023. 








 








ACÓRDÃO 








Vistos, relatados e discutidos os presentes autos do Apelação Cível nº 0030936-70.2021.8.17.3090; Recorrente: Ana Paula de Araújo Lucas; Recorrido Marcelo Freitas Cazer: ACORDAM os Desembargadores que integram a 3ª Câmara Cível do Tribunal de Justiça de Pernambuco, à unanimidade, em conhecer e NEGAR PROVIMENTO AO RECURSO, na conformidade do relatório e dos votos proferidos neste julgamento. 








 






 










Proclamação da decisão:




À unanimidade de votos, negou-se provimento ao recurso, nos termos do voto da Relatoria.










Magistrados: [ANDREA EPAMINONDAS TENORIO DE BRITO, VALERIA BEZERRA PEREIRA WANDERLEY, GABRIEL DE OLIVEIRA CAVALCANTI FILHO]
















, 31 de julho de 2026




 




 




 




 




 




 




 




Magistrado


      
DOCUMENTO 9  
Acompanhamento Processual
Resultado sem Formatação
Imprimir
ACÓRDÃO
PROCESSO
0050545-08.2021.8.17.2001 
CLASSE CNJ
198 APELAÇÃO CÍVEL
ASSUNTO CNJ
10671 Obrigação de Fazer / Não Fazer
RELATOR(A)
ANDREA EPAMINONDAS TENORIO DE BRITO
ÓRGÃO JULGADOR
Gabinete da Desa. Andréa Epaminondas Tenório de Brito (3ª CC)
DATA DE JULGAMENTO
31/07/2026
DATA DA PUBLICAÇÃO/FONTE
31/07/2026
MEIO DE TRAMITAÇÃO
ELETRONICO
EMENTA

        




Poder Judiciário




Tribunal de Justiça de Pernambuco




Gabinete da Desa. Andréa Epaminondas Tenório de Brito










3ª CÂMARA CÍVEL










APELAÇÃO CÍVEL Nº 0050545-08.2021.8.17.2001




APELANTE: JAQUELINE SERRA SOARES VIEIRA




APELADOS: MANOEL WASHINGTON DE FARIAS BARROS, MARGOT ELENA MERCADO DE OLIVEIRA e MARIA DAS GRAÇAS SILVA




RELATORA:  DESA. ANDRÉA EPAMINONDAS TENÓRIO DE BRITO












EMENTA











DIREITO CIVIL. APELAÇÃO CÍVEL. AÇÃO DE USUCAPIÃO EXTRAORDINÁRIA. POSSE ORIGINADA DE CONTRATO DE LOCAÇÃO. AUSÊNCIA DE ÂNIMO DE DONO. REQUISITOS NÃO PREENCHIDOS. DESPROVIMENTO.










I. CASO EM EXAME










1. O recurso. Apelação cível interposta contra sentença que julgou improcedente ação de usucapião extraordinária, por ausência de posse qualificada, e reconheceu a ilegitimidade passiva de parte dos demandados.










2. Fato relevante. Ocupação do imóvel fundada em relação locatícia mantida com uma das rés, com cobrança de aluguéis e inadimplência contratual.










3. As decisões anteriores. Sentença que afastou o ânimo de dono, reconheceu a natureza precária da posse e excluiu litisconsortes por ilegitimidade.










II. QUESTÃO EM DISCUSSÃO










4. A questão em discussão consiste em saber se a ocupação de imóvel originada de contrato de locação pode caracterizar posse mansa, pacífica, ininterrupta e exercida com ânimo de dono, apta à aquisição da propriedade por usucapião extraordinária.










III. RAZÕES DE DECIDIR










5. Na usucapião extraordinária, incumbe ao autor comprovar posse qualificada pelo ânimo de dono, exercida de forma mansa, pacífica e ininterrupta, pelo prazo previsto no art. 1.238 do Código Civil.










6. Documentos e prova testemunhal demonstram que a ocupação decorreu de relação locatícia, com cobrança de aluguéis e reconhecimento da condição de locatária, o que afasta o ânimo de dono.










7. A posse exercida em razão de contrato de locação possui natureza precária e é incompatível com a aquisição originária da propriedade por usucapião.










IV. DISPOSITIVO E TESE










8. Recurso conhecido e desprovido.










Tese de julgamento: “A posse originada de contrato de locação não configura ânimo de dono e impede o reconhecimento da usucapião extraordinária, ainda que exercida por longo período.”










Dispositivos relevantes citados: CC, art. 1.238.










Jurisprudência relevante citada: TJPE, Apelação Cível nº 0020958-06.2020.8.17.3090, Rel. Des. Subst. Sílvio Romero Beltrão, 4ª Câmara Cível, j. 01.10.2024.











ACÓRDÃO 











Vistos, relatados e discutidos os presentes autos de APELAÇÃO CÍVEL Nº 0050545-08.2021.8.17.2001: ACORDAM os Desembargadores que integram a 3ª Câmara Cível do Tribunal de Justiça de Pernambuco, à unanimidade, em conhecer e NEGAR PROVIMENTO ao recurso, na conformidade do relatório e dos votos proferidos neste julgamento.




 


      
ACÓRDÃO

        















Tribunal de Justiça de Pernambuco
 Poder Judiciário





3ª Câmara Cível - Recife




 - F:(  ) 




Processo nº 0050545-08.2021.8.17.2001




APELANTE: JAQUELINE SERRA SOARES VIEIRA




APELADO(A): MANOEL WASHINGTON DE FARIAS BARROS, MARGOT ELENA MERCADO DE OLIVEIRA, MARIA DAS GRACAS SILVA









INTEIRO TEOR









Relator: 
ANDREA EPAMINONDAS TENORIO DE BRITO










Relatório:




 







Poder Judiciário




Tribunal de Justiça de Pernambuco




Gabinete da Desa. Andréa Epaminondas Tenório de Brito










3ª CÂMARA CÍVEL










APELAÇÃO CÍVEL Nº 0050545-08.2021.8.17.2001




APELANTE: JAQUELINE SERRA SOARES VIEIRA




APELADOS: MANOEL WASHINGTON DE FARIAS BARROS, MARGOT ELENA MERCADO DE OLIVEIRA e MARIA DAS GRAÇAS SILVA




RELATORA:  DESA. ANDRÉA EPAMINONDAS TENÓRIO DE BRITO










RELATÓRIO






Trata-se de apelação cível interposta por JAQUELINE SERRA SOARES VIEIRA contra sentença proferida nestes autos que julgou improcedente o pedido formulado em ação de usucapião extraordinária, bem como extinguiu o feito sem resolução do mérito em relação a MANOEL WASHINGTON DE FARIAS BARROS e MARGOT ELENA MERCADO DE OLIVEIRA, por ilegitimidade passiva, mantendo MARIA DAS GRAÇAS SILVA no polo passivo.




Na decisão recorrida, o Juízo de origem acolheu a preliminar de ilegitimidade passiva arguida por MARIA DAS GRAÇAS SILVA e reconheceu que MANOEL WASHINGTON DE FARIAS BARROS e MARGOT ELENA MERCADO DE OLIVEIRA. Rejeitou a impugnação à gratuidade da justiça. No mérito, entendeu que não restaram comprovados os requisitos da usucapião extraordinária, notadamente o animus domini. Em consequência, julgou improcedentes os pedidos, condenando a apelante ao pagamento das custas e honorários advocatícios, fixados em vinte por cento sobre o valor da causa, com suspensão da exigibilidade em razão da gratuidade judiciária.




Em suas razões recursais, JAQUELINE SERRA SOARES VIEIRA defendeu que exerceu posse mansa, pacífica e ininterrupta sobre o imóvel por período superior ao exigido em lei, com intenção de dono, afirmando inexistir relação locatícia válida. Alegou, ainda, a ocorrência de litigância de má-fé por parte de MARIA DAS GRAÇAS SILVA e requereu a reforma integral da sentença, com o reconhecimento da usucapião e a inversão dos ônus sucumbenciais.




Em contrarrazões, MARIA DAS GRAÇAS SILVA pugnou pelo não provimento do recurso, defendendo a manutenção integral da sentença. 




É o relatório. 




Inclua-se em pauta, nos termos do artigo 934 do Código de Processo Civil.












Recife, data da certificação digital.










 ANDRÉA EPAMINONDAS TENÓRIO DE BRITO




DESEMBARGADORA RELATORA











 










Voto vencedor:




 







Poder Judiciário




Tribunal de Justiça de Pernambuco




Gabinete da Desa. Andréa Epaminondas Tenório de Brito










3ª CÂMARA CÍVEL










APELAÇÃO CÍVEL Nº 0050545-08.2021.8.17.2001




APELANTE: JAQUELINE SERRA SOARES VIEIRA




APELADOS: MANOEL WASHINGTON DE FARIAS BARROS, MARGOT ELENA MERCADO DE OLIVEIRA e MARIA DAS GRAÇAS SILVA




RELATORA:  DESA. ANDRÉA EPAMINONDAS TENÓRIO DE BRITO













VOTO DA RELATORA










Vistos, etc., 




O recurso merece conhecimento, uma vez presentes os pressupostos de admissibilidade, razão pela qual dele conheço.




No mérito, a controvérsia devolvida a esta instância cinge-se à verificação do preenchimento dos requisitos da usucapião extraordinária, diante da insurgência da apelante JAQUELINE SERRA SOARES VIEIRA contra a sentença que afastou a existência de posse com ânimo de dono e reconheceu que a ocupação do imóvel decorreu de relação locatícia mantida com a apelada MARIA DAS GRAÇAS SILVA, além de ter excluído do polo passivo MANOEL WASHINGTON DE FARIAS BARROS e MARGOT ELENA MERCADO DE OLIVEIRA por ilegitimidade.




Inicialmente, examino a alegação de nulidade do contrato de compra e venda apresentado por MARIA DAS GRAÇAS SILVA, sob o argumento de que o reconhecimento de firma teria ocorrido após o falecimento de MANOEL WASHINGTON DE FARIAS BARROS, por intermédio de procurador. 




Neste caso concreto, ainda que se admitisse a existência de irregularidade formal no reconhecimento de firma, tal circunstância, por si só, não conduziria ao acolhimento do rogo recursal. 




A eventual nulidade do reconhecimento não tem o condão automático de infirmar a conclusão do juízo de origem, devendo o documento ser apreciado em conjunto com todo o acervo probatório produzido nos autos.




Cumpre lembrar que se trata de ação de usucapião extraordinária, modalidade na qual, assim como nas demais espécies de usucapião, incumbe à apelante demonstrar o exercício de posse qualificada pelo ânimo de dono, de forma mansa, pacífica e ininterrupta, pelo lapso temporal previsto no artigo 1.238 do Código Civil.




O conjunto probatório, contudo, aponta em sentido diverso de forma consistente.




Com efeito, foram acostados aos autos documentos que evidenciam que a ocupação do imóvel pela apelante decorreu de relação locatícia mantida com a apelada MARIA DAS GRAÇAS SILVA. 




Destacam-se a ata notarial que registrou a troca de mensagens contendo, entre outros temas, a cobrança de aluguéis, bem como a notificação extrajudicial relativa à inadimplência do contrato de locação firmado entre as partes. 




Tais elementos afastam a caracterização do ânimo de dono e reforçam a natureza precária da posse exercida.




A prova testemunhal também converge para essa conclusão. 




O depoimento de JOSÉ ROBERTO DA SILVA, ao afirmar que recebia da apelante envelopes com valores destinados ao pagamento dos aluguéis à MARIA DAS GRAÇAS SILVA, corroborou a tese defensiva e fortaleceu a conclusão de que a posse teve origem contratual, incompatível com a usucapião.




Diante desse cenário, ausente prova inconteste da posse mansa, pacífica, ininterrupta e exercida com ânimo de dono pelo prazo legal, não se mostram preenchidos os requisitos para a declaração da usucapião extraordinária. 




Nesse sentido:




Tribunal de Justiça de Pernambuco Poder Judiciário Gabinete do Des. Stênio José de Sousa Neiva Coêlho (4ª CC) APELAÇÃO CÍVEL (198) nº 0020958-06.2020.8 .17.3090 APELANTE: LUCIANO INOCENCIO OLIVEIRA APELADO (A): COMPANHIA DE TECIDOS PAULISTA EMENTA: APELAÇÃO CÍVEL. AÇÃO DE USUCAPIÃO EXTRAORDINÁRIA. POSSE ORIGINADA DE CONTRATO DE LOCAÇÃO . AUSÊNCIA DE COMPROVAÇÃO DE POSSE MANSA, PACÍFICA E ININTERRUPTA COM ANIMUS DOMINI. IMPROCEDÊNCIA DO PEDIDO MANTIDA. RECURSO NÃO PROVIDO. 




1 . Para a configuração da usucapião extraordinária, conforme o art. 1.238 do Código Civil, é necessária a demonstração da posse mansa, pacífica, ininterrupta e com animus domini por um período mínimo de 15 anos. 




2 . A posse originada de contrato de locação não configura o animus domini, essencial para o reconhecimento da usucapião, uma vez que a posse é exercida em nome do proprietário, caracterizando posse direta e precária. Jurisprudência consolidada deste Egrégio Tribunal rechaça a pretensão de usucapião quando a posse se origina de relações contratuais que configuram posse direta. 




3. No caso em apreço, o apelante não conseguiu comprovar a posse nos termos exigidos pela legislação, sendo a improcedência do pedido devidamente fundamentada pelo juízo a quo . 




4. Sentença de improcedência mantida. Recurso de apelação não provido. ACÓRDÃO Vistos, relatados e discutidos os autos da apelação cível nº 0020958-06 .2020.8.17.3090, ACORDAM os Desembargadores que compõem a Quarta Câmara Cível do Egrégio Tribunal de Justiça do Estado de Pernambuco, à unanimidade de votos, em negar provimento ao recurso, tudo nos termos dos votos e notas taquigráficas anexas, que passam a fazer parte integrante deste julgamento . Recife, data do julgamento constante em ata. Juiz Silvio Romero Beltrão Desembargador Substituto (TJ-PE - Apelação Cível: 00209580620208173090, Relator.: SILVIO ROMERO BELTRÃO, Data de Julgamento: 01/10/2024, Gabinete do Des. Stênio José de Sousa Neiva Coêlho (4ª CC))




Tendo a ocupação origem em locação anterior, não há falar em aquisição originária da propriedade.




Assim, NEGO PROVIMENTO ao apelo de JAQUELINE SERRA SOARES VIEIRA, mantendo a sentença recorrida em sua integralidade. 




Deixo de majorar os honorários sucumbenciais, pois já fixados no patamar máximo, mantendo-se a suspensão da exigibilidade em razão da gratuidade judiciária deferida.




É como voto.











Recife, data da certificação digital.










 ANDRÉA EPAMINONDAS TENÓRIO DE BRITO




 




DESEMBARGADORA RELATORA








 










 




Demais votos:




 










Ementa:




 







Poder Judiciário




Tribunal de Justiça de Pernambuco




Gabinete da Desa. Andréa Epaminondas Tenório de Brito










3ª CÂMARA CÍVEL










APELAÇÃO CÍVEL Nº 0050545-08.2021.8.17.2001




APELANTE: JAQUELINE SERRA SOARES VIEIRA




APELADOS: MANOEL WASHINGTON DE FARIAS BARROS, MARGOT ELENA MERCADO DE OLIVEIRA e MARIA DAS GRAÇAS SILVA




RELATORA:  DESA. ANDRÉA EPAMINONDAS TENÓRIO DE BRITO












EMENTA











DIREITO CIVIL. APELAÇÃO CÍVEL. AÇÃO DE USUCAPIÃO EXTRAORDINÁRIA. POSSE ORIGINADA DE CONTRATO DE LOCAÇÃO. AUSÊNCIA DE ÂNIMO DE DONO. REQUISITOS NÃO PREENCHIDOS. DESPROVIMENTO.










I. CASO EM EXAME










1. O recurso. Apelação cível interposta contra sentença que julgou improcedente ação de usucapião extraordinária, por ausência de posse qualificada, e reconheceu a ilegitimidade passiva de parte dos demandados.










2. Fato relevante. Ocupação do imóvel fundada em relação locatícia mantida com uma das rés, com cobrança de aluguéis e inadimplência contratual.










3. As decisões anteriores. Sentença que afastou o ânimo de dono, reconheceu a natureza precária da posse e excluiu litisconsortes por ilegitimidade.










II. QUESTÃO EM DISCUSSÃO










4. A questão em discussão consiste em saber se a ocupação de imóvel originada de contrato de locação pode caracterizar posse mansa, pacífica, ininterrupta e exercida com ânimo de dono, apta à aquisição da propriedade por usucapião extraordinária.










III. RAZÕES DE DECIDIR










5. Na usucapião extraordinária, incumbe ao autor comprovar posse qualificada pelo ânimo de dono, exercida de forma mansa, pacífica e ininterrupta, pelo prazo previsto no art. 1.238 do Código Civil.










6. Documentos e prova testemunhal demonstram que a ocupação decorreu de relação locatícia, com cobrança de aluguéis e reconhecimento da condição de locatária, o que afasta o ânimo de dono.










7. A posse exercida em razão de contrato de locação possui natureza precária e é incompatível com a aquisição originária da propriedade por usucapião.










IV. DISPOSITIVO E TESE










8. Recurso conhecido e desprovido.










Tese de julgamento: “A posse originada de contrato de locação não configura ânimo de dono e impede o reconhecimento da usucapião extraordinária, ainda que exercida por longo período.”










Dispositivos relevantes citados: CC, art. 1.238.










Jurisprudência relevante citada: TJPE, Apelação Cível nº 0020958-06.2020.8.17.3090, Rel. Des. Subst. Sílvio Romero Beltrão, 4ª Câmara Cível, j. 01.10.2024.











ACÓRDÃO 











Vistos, relatados e discutidos os presentes autos de APELAÇÃO CÍVEL Nº 0050545-08.2021.8.17.2001: ACORDAM os Desembargadores que integram a 3ª Câmara Cível do Tribunal de Justiça de Pernambuco, à unanimidade, em conhecer e NEGAR PROVIMENTO ao recurso, na conformidade do relatório e dos votos proferidos neste julgamento.




 




 










Proclamação da decisão:




À unanimidade de votos, negou-se provimento ao recurso, nos termos do voto da Relatoria.










Magistrados: [ANDREA EPAMINONDAS TENORIO DE BRITO, VALERIA BEZERRA PEREIRA WANDERLEY, GABRIEL DE OLIVEIRA CAVALCANTI FILHO]
















, 31 de julho de 2026




 




 




 




 




 




 




 




Magistrado


      
DOCUMENTO 10  
Acompanhamento Processual
Resultado sem Formatação
Imprimir
MONOCRÁTICA
PROCESSO
0020608-29.2026.8.17.9000 
CLASSE CNJ
202 Agravo de Instrumento
ASSUNTO CNJ
9614 Benfeitorias
RELATOR(A)
CANDIDO JOSE DA FONTE SARAIVA DE MORAES
DATA DA PUBLICAÇÃO
31/07/2026
MEIO DE TRAMITAÇÃO
ELETRONICO
ÓRGÃO JULGADOR
Gabinete do Des. Stênio José de Sousa Neiva Coêlho (6ª CC)
DECISÃO

          




Tribunal de Justiça de Pernambuco
 Poder Judiciário
 Gabinete do Des. Stênio José de Sousa Neiva Coêlho (6ª CC)




 




AGRAVO DE INSTRUMENTO Nº - 0020608-29.2026.8.17.9000 





AGRAVANTE: SILVANA SOARES FERRAZ, JAIRON JOSE DE SOUZA  




 AGRAVADO: CONSTRUTORA E INCORPORADORA RR LTDA
 





DECISÃO TERMINATIVA




 




Trata-se de Agravo de Instrumento, com pedido de atribuição de efeito suspensivo, interposto por SILVANA SOARES FERRAZ e JAIRON JOSE DE SOUZA em face de decisão interlocutória (Id. nº 245738387) proferida nos autos da Ação de Cumprimento de Sentença nº 0007663-66.2011.8.17.0001, em tramitação perante o Juízo de Direito da Seção A da 22ª Vara Cível da Capital, movida pela CONSTRUTORA E INCORPORADORA RR LTDA., que determinou a renovação da expedição de mandado de desocupação do imóvel situado na Rua Guedes Pereira, Bairro Casa Amarela, Recife/PE, indeferindo o pedido de suspensão da medida até o acertamento de contas entre as partes. (S9).




A decisão agravada rejeitou a petição apresentada na origem por entender que o direito de retenção por benfeitorias e a restituição das parcelas pagas não mais poderiam ser apreciados naquela fase processual, por se tratarem de matérias que deveriam ter sido suscitadas oportunamente.




É o relatório. DECIDO.




Para a atribuição de efeito suspensivo ao agravo de instrumento, nos termos do art. 1.019, inciso I, do CPC, exige-se a demonstração concomitante do fumus boni iuris e do periculum in mora. 




No caso em exame, tais requisitos não se encontram suficientemente evidenciados. 




A presente controvérsia tem origem em relação contratual já amplamente judicializada entre as partes e definitivamente resolvida por decisão transitada em julgado. 




Em 15/02/2000, Jairon José de Souza e Silvana Soares Ferraz celebraram com a Construtora e Incorporadora RR Ltda. contrato de promessa de compra e venda do apartamento nº 1401 do Edifício Paula Dias, em Recife/PE, pelo valor de R$ 127.000,00. Os adquirentes/agravantes quitaram R$ 73.000,00 do preço ajustado, tornando-se inadimplentes a partir de agosto de 2002.




Em razão do inadimplemento, instaurou-se extensa litigiosidade entre as partes. A ação revisional ajuizada pelos compradores, ora agravantes, foi julgada improcedente. 




Na sequência, a construtora agravada propôs ação de rescisão contratual cumulada com reintegração de posse (Processo nº 0007663-66.2011.8.17.0001), na qual foi reconhecido o inadimplemento, decretada a rescisão do contrato e determinada a reintegração da posse do imóvel em favor da construtora. A decisão transitou em julgado e atualmente é executada em cumprimento de sentença, tendo originado diversos recursos apreciados por esta Corte.




Apesar da rescisão contratual definitiva, os compradores ajuizaram, em novembro de 2024, ação de usucapião sobre o mesmo imóvel (processo nº 0134798-21.2024.8.17.2001), sustentando exercer posse mansa, pacífica e contínua desde o ano de 2000, com animus domini, e defendendo que a posse inicialmente decorrente do contrato teria se convertido em posse apta à aquisição originária da propriedade.




O Juízo da Seção A, da 31ª Vara Cível da Capital extinguiu o processo sem resolução do mérito, por ausência de interesse processual (art. 485, VI, do CPC), ao reconhecer que a posse derivava de contrato posteriormente rescindido por inadimplemento, tratando-se de posse precária, incompatível com o animus domini exigido para a usucapião. Os embargos de declaração foram rejeitados.




Em apelação, os autores insistiram no reconhecimento da usucapião especial urbana e, subsidiariamente, da usucapião extraordinária, sustentando a transmutação da posse. O recurso, contudo, foi desprovido por esta 6ª Câmara Cível, que assentou, em consonância com a orientação do Superior Tribunal de Justiça (REsp nº 2.172.585/DF), que a posse decorrente de compromisso de compra e venda inadimplido, em regra, não se presta à usucapião, inexistindo, no caso, circunstâncias excepcionais capazes de caracterizar sua transmutação. Destacou-se, ainda, que a pretensão encontrava óbice na coisa julgada formada, especialmente na ação de rescisão contratual.




Posteriormente, os autores opuseram embargos de declaração alegando omissão no acórdão, os quais foram rejeitados, por unanimidade, ao fundamento de inexistirem os vícios previstos no art. 1.022 do CPC, tratando-se de mero inconformismo com o resultado do julgamento.




Segundo relatam os próprios agravantes, a decisão agravada rejeitou a petição por eles apresentada na origem sob o fundamento de que as matérias ali arguidas, notadamente o direito de retenção por benfeitorias e a necessidade de restituição das parcelas pagas, não seriam mais cabíveis de análise naquela fase processual. 




A decisão agravada foi proferida em fase de cumprimento de sentença de título já transitado em julgado, que reconheceu a rescisão do contrato de promessa de compra e venda e determinou a reintegração da parte exequente na posse do imóvel.




As questões relativas ao direito de retenção por benfeitorias e à restituição de parcelas pagas, ainda que relevantes, não foram acompanhadas, nesta fase recursal, de elementos de prova suficientes, tais como laudo pericial ou memória de cálculo discriminada, que permitam aferir, de plano, a existência e o valor das benfeitorias alegadas ou o quantum eventualmente devido a título de restituição, de modo a justificar, desde logo, a reforma da medida executiva. 




Ademais, a alegação de que tais matérias não seriam cognoscíveis na fase de cumprimento de sentença constitui questão que já foi objeto de exame por esta Corte, não constituindo elemento suficiente para infirmar a decisão de origem.




Tais circunstâncias reforçam a ausência de plausibilidade do direito invocado neste agravo, na medida em que a matéria de fundo já foi definitivamente apreciada por este Tribunal.




Diante da manifesta improcedência dos fundamentos recursais, em confronto com a jurisprudência já consolidada por este Tribunal sobre a mesma controvérsia fática e com o entendimento já firmado no âmbito desta relatoria, é de rigor a aplicação do art. 932, inciso IV, do Código de Processo Civil, que autoriza o relator a negar provimento monocraticamente ao recurso, dispensada a submissão ao colegiado.




Quanto à alegada vulnerabilidade da agravante SILVANA SOARES FERRAZ, em razão de idade avançada e de estado de saúde, a situação, embora mereça atenção, não veio acompanhada, nesta fase, de comprovação médica apta a demonstrar risco concreto e imediato que não possa aguardar o regular processamento da execução, sobretudo à luz do dever de efetividade da execução de título já definitivamente constituído.




Ante o exposto, com fundamento no art. 932, inciso IV, do CPC, CONHEÇO e NEGO PROVIMENTO MONOCRÁTICO ao Agravo de Instrumento.




Após, tornem os autos conclusos para julgamento.




Recife-PE, data registrada no sistema.




Juiz Silvio Romero Beltrão
 Desembargador Substituto




 


        
DOCUMENTO 11  
Acompanhamento Processual
Resultado sem Formatação
Imprimir
ACÓRDÃO
PROCESSO
0009825-28.2023.8.17.2001 
CLASSE CNJ
198 APELAÇÃO CÍVEL
ASSUNTO CNJ
9610 Despejo para Uso Próprio
RELATOR(A)
ANGELA CRISTINA DE NOROES LINS CAVALCANTI
ÓRGÃO JULGADOR
Gabinete da Desa. Ângela Cristina de Norões Lins Cavalcanti (2ª CC)
DATA DE JULGAMENTO
31/07/2026
DATA DA PUBLICAÇÃO/FONTE
31/07/2026
MEIO DE TRAMITAÇÃO
ELETRONICO
EMENTA

        




Tribunal de Justiça de Pernambuco
 Poder Judiciário
Gabinete da Desa. Ângela Cristina de Norões Lins Cavalcanti (2ª CC)




APELAÇÃO CÍVEL (198) nº 0009825-28.2023.8.17.2001




APELANTE: DAVID ERIC SILVA DE FREITAS




 APELADO(A): ALDINEIDE MONTEIRO DA SILVA




 








Ementa:  DIREITO PROCESSUAL CIVIL E DIREITO CIVIL. APELAÇÃO CÍVEL. AÇÃO DE  DESPEJO C/C COBRANÇA POR FALTA DE PAGAMENTO E RESCISÃO CONTRATUAL.  AUSÊNCIA DE COMPROVAÇÃO DA INTIMAÇÃO PARA AUDIÊNCIA DE INSTRUÇÃO E  JULGAMENTO. CERCEAMENTO DE DEFESA. NULIDADE DA SENTENÇA. RECURSO  PROVIDO. 








I. CASO EM EXAME 










Apelação  cível interposta contra sentença que julgou procedentes os pedidos  formulados em ação de despejo c/c cobrança por falta de pagamento e  rescisão contratual, decretando a rescisão de contrato verbal de  locação, o despejo do réu e a condenação ao pagamento de alugueres  vencidos e vincendos, encargos locatícios, custas processuais e  honorários advocatícios. 












O  apelante sustenta nulidade da sentença por cerceamento de defesa, em  razão da ausência de comprovação de sua regular intimação para  comparecimento à Audiência de Instrução e Julgamento, bem como pela  insuficiência da instrução probatória quanto à natureza da relação  jurídica estabelecida entre as partes e aos pagamentos realizados a  terceiros. 












A  sentença considerou que o réu deixou de comparecer à audiência  designada e concluiu pela ausência de comprovação dos fatos  modificativos alegados em defesa, julgando procedentes os pedidos  iniciais. 










II. QUESTÃO EM DISCUSSÃO 










Há  duas questões em discussão: (i) saber se a ausência de comprovação da  regular intimação do réu para comparecimento à Audiência de Instrução e  Julgamento configura cerceamento de defesa e enseja a nulidade da  sentença; e (ii)  saber se a instrução processual foi insuficiente para o adequado exame  das alegações defensivas relativas à natureza da posse exercida e aos  pagamentos realizados em favor de terceiros. 










III. RAZÕES DE DECIDIR 










Não  consta dos autos aviso de recebimento da carta de intimação expedida  para a Audiência de Instrução e Julgamento nem certidão que demonstre a  efetiva ciência do réu acerca da realização do ato processual. 












A  realização da audiência sem comprovação da regular intimação da parte  inviabilizou o exercício do contraditório e da ampla defesa,  especialmente porque houve requerimento de produção de prova oral e  testemunhal na contestação. 












A  ausência de demonstração da ciência inequívoca da parte impede a  aplicação de presunção de desinteresse na produção probatória e invalida  os atos processuais subsequentes que dela dependiam. 












A  sentença foi proferida sem a necessária instrução probatória acerca de  fatos relevantes alegados pela defesa, notadamente os pagamentos  realizados a terceiros e os elementos que poderiam indicar relação  jurídica diversa da locação verbal alegada na petição inicial. 












A  insuficiência da atividade instrutória e a ausência de regular  intimação da parte caracterizam vício processual apto a comprometer a  validade da prestação jurisdicional. 










IV. DISPOSITIVO E TESE 










Recurso  provido. Sentença anulada. Determinado o retorno dos autos ao juízo de  origem para reabertura da instrução processual, com regular intimação  das partes e produção das provas pertinentes. 










Tese de julgamento: “1. A ausência de comprovação da regular intimação da parte para  comparecimento à Audiência de Instrução e Julgamento configura  cerceamento de defesa e acarreta a nulidade da sentença. 2. É inválido o  julgamento realizado sem oportunizar à parte a produção das provas  previamente requeridas quando relevantes para a solução da controvérsia.  3. A insuficiência da instrução probatória sobre fatos essenciais ao  deslinde da causa impõe a anulação da sentença e o retorno dos autos à  origem para regular prosseguimento do feito.” 








  








  








ACÓRDÃO  








  Vistos, relatados e discutidos estes autos de nº 0009825-28.2023.8.17.2001, em  que são partes as acima indicadas, acordam os Desembargadores que  compõem a Segunda Câmara Cível do Tribunal de Justiça de Pernambuco, à  unanimidade, DAR PROVIMENTO AO APELO, nos termos do voto da Relatora. 








  








  








Recife, data conforme assinatura eletrônica. 








 










 








Desa. Ângela Cristina de Norões Lins Cavalcanti 








Relatora Substituta 






 


      
ACÓRDÃO

        

Tribunal de Justiça de Pernambuco
 Poder Judiciário


2ª Câmara Cível - Recife

  - F:(  ) 

Processo nº 0009825-28.2023.8.17.2001

APELANTE: DAVID ERIC SILVA DE FREITAS

APELADO(A): ALDINEIDE MONTEIRO DA SILVA




INTEIRO TEOR




Relator: 
ANGELA CRISTINA DE NOROES LINS CAVALCANTI




Relatório:




2ª CÂMARA CÍVEL 








APELAÇÃO CÍVEL: 0009825-28.2023.8.17.2001 








APELANTE: DAVID ERIC SILVA DE FREITAS 








APELADA: ALDINEIDE MONTEIRO DA SILVA 








RELATORA: DESA. ÂNGELA CRISTINA DE NORÕES LINS CAVALCANTI 








 








RELATÓRIO 








Trata-se de Apelação Cível interposta por DAVID ERIC SILVA DE FREITAS em face da sentença terminativa de mérito proferida pelo Juízo de  Direito da Seção A da 12ª Vara Cível da Capital, nos autos da Ação de Despejo c/c Cobrança por Falta de Pagamento c/c Rescisão Contratual proposta por ALDINEIDE MONTEIRO DA SILVA. 








A  decisão fustigada (Id. 37511912) julgou procedente a pretensão deduzida  na exordial, resolvendo o processo com esteio no art. 487, inciso I, do  Código de Processo Civil, e art. 9º, inciso III, da Lei nº 8.245/1991,  para confirmar a tutela antecipada outrora deferida, decretar a rescisão  do liame locatício verbal e determinar o consequente despejo do  réu/locatário, assinalando-lhe o prazo de 15 (quinze) dias para desocupação voluntária.  








Outrossim,  condenou o demandado ao pagamento dos encargos locatícios vencidos e  vincendos até a efetiva imissão da autora na posse do imóvel, corrigidos  monetariamente pela tabela ENCOGE e acrescidos de juros moratórios a  partir de cada vencimento. Fixou, a título de sucumbência, despesas  processuais e honorários advocatícios no patamar de 10% (dez por cento)  sobre o valor do débito.  








Em suas razões recursais (Id. 37511915), o apelante aduz, preliminarmente, a ocorrência de nítido cerceamento de defesa decorrente de error in procedendo. Sustenta, em síntese: 








(i)  a ausência de sua intimação pessoal acerca do despacho que designou a  Audiência de Instrução e Julgamento, ensejando a realização do ato  processual apenas com a presença da parte autora, o que inviabilizou a colheita de depoimentos e a produção de provas testemunhais tempestivamente requeridas; 








(ii)  ofensa literal aos princípios constitucionais do contraditório, da  ampla defesa e do devido processo legal, consubstanciados no art. 5º,  incisos LIV e LV, da Carta Magna; e 








(iii) no mérito, a existência de error in judicando por má valoração do acervo probatório, asseverando que a relação jurídica subjacente transmudou-se para uma promessa de compra e venda do imóvel, colacionando recibos e  documentos indicativos do negócio jurídico. Forte nesses argumentos,  pugna pelo acolhimento da matéria preliminar com a consequente anulação  do decisum primevo e a restituição dos autos ao juízo de origem para a devida instrução processual.  








Regularmente  intimada, a apelada ofereceu contrarrazões (Id. 37511917), aduzindo, em  sinopse, que: (i) o recorrente foi devidamente representado e que o  contrato verbal de locação residencial restou amplamente caracterizado  pelo inadimplemento de aproximadamente 5 (cinco) anos; (ii)  o documento colacionado pela defesa consiste em mero artifício  grosseiro, desprovido de preenchimento dos requisitos mínimos de  validade dos negócios jurídicos; e (iii)  a ausência do réu na audiência instrutória importou em renúncia tácita à  faculdade de provar o fato modificativo alegado, nos termos do art.  373, inciso II, do CPC. Propugna, ao fim, pelo total desprovimento do apelo 








É o que importa relatar. Inclua-se em pauta. 








Recife, data da assinatura eletrônica. 








 








Desa. Ângela Cristina de Norões Lins Cavalcanti  








Relatora Substituta  







Voto vencedor:




2ª CÂMARA CÍVEL 








APELAÇÃO CÍVEL: 0009825-28.2023.8.17.2001 








APELANTE: DAVID ERIC SILVA DE FREITAS 








APELADA: ALDINEIDE MONTEIRO DA SILVA 








RELATORA: DESA. ÂNGELA CRISTINA DE NORÕES LINS CAVALCANTI 








 








VOTO RELATOR 








Presentes  os requisitos extrínsecos e intrínsecos de admissibilidade recursal,  conheço do presente recurso de apelação, registrando que o recorrente é  beneficiário da gratuidade da justiça, conforme se depreende da análise  dos autos. 








Trata-se de Apelação Cível interposta por DAVID ERIC SILVA DE FREITAS em face da sentença terminativa de mérito proferida pelo Juízo de Direito da Seção A da 12ª Vara Cível da Capital (Id. 37511912), nos autos da Ação de Despejo c/c Cobrança por Falta de Pagamento c/c Rescisão Contratual proposta por ALDINEIDE MONTEIRO DA SILVA.  








A  rêmora sentencial julgou procedente a pretensão autoral, decretando a  rescisão do contrato verbal de locação e o consequente despejo  compulsório do réu, com fulcro no art. 487, inciso I, do Estatuto  Processual Civil, combinando com o art. 9º, inciso III, da Lei nº  8.245/1991, condenando o demandado aos alugueres vencidos e vincendos,  acrescidos de encargos, custas processuais e verba honorária  sucumbencial fixada em 10% (dez por cento) sobre o valor total do débito  locatício.  








Cinge-se  o objeto do recurso em analisar, prioritariamente, a preliminar de  nulidade da sentença por cerceamento de defesa, decorrente de vício de  atividade (error in procedendo), consubstanciado na falta de intimação pessoal do réu/apelante para comparecimento à Audiência de Instrução e Julgamento, bem como a insuficiência instrutória quanto à natureza do vínculo  jurídico material estabelecido entre as partes e os pagamentos efetuados  a terceiros. Ab initio, impõe-se o acolhimento da prejudicial procedimental arguida. 








O  exame detido e minucioso dos fólios revela anomalia processual  insanável, incompatível com as garantias constitucionais do Devido  Processo Legal, do Contraditório e da Ampla Defesa, positivadas no art.  5º, incisos LIV e LV, da Constituição Federal. Verifica-se que o  magistrado singular, mediante ato decisório preliminar, converteu o  julgamento em diligência e designou a realização de Audiência de  Instrução e Julgamento.  








Para a perfectibilização do ato, determinou a expedição de carta de intimação, formalizada sob o Id. 37511748. Nada obstante, não  consta dos autos o respectivo Aviso de Recebimento (AR) da referida  carta de intimação, tampouco certidão lavrada pela Diretoria Cível  competente atestando a regular e tempestiva cientificação do réu.  








Ignorando a ausência de pressuposto formal indispensável à validade do ato instrutório, o juízo a quo realizou a solenidade apenas com a presença da demandante, fazendo consignar em sentença que o locatário, ao não comparecer, teria  "renunciado à oportunidade de comprovação do fato modificativo  alegado". Com tal premissa equívoca, promoveu o julgamento antecipado da  lide, sob o pálio do art. 355, inciso I, do CPC.  








A  conduta procedimental adotada em primeira instância configura manifesto  cerceamento de defesa. A intimação da parte para comparecer à audiência  em que se faz necessária a produção de provas, mormente quando há expresso requerimento de depoimento pessoal e produção de prova testemunhal  (conforme protestado em sede de contestação), constitui ato solene cuja  regularidade deve ser cabalmente demonstrada nos autos antes de se  aplicar qualquer sanção processual ou presunção de desinteresse. 








O  Código de Processo Civil rege a matéria de forma estrita, exigindo que  os atos de comunicação garantam a ciência inequívoca dos litigantes. A  ausência de comprovação documental da entrega da correspondência (Aviso  de Recebimento) ou de certidão oficial que supra tal omissão nulifica os  atos subsequentes que dependiam daquela específica cientificação.  








A  jurisprudência pátria, consolidada no âmbito do Superior Tribunal de  Justiça e deste Tribunal de Justiça do Estado de Pernambuco,  sedimentou-se no sentido de que a ausência da necessária instrução probatória fulmina de nulidade o processo por evidente violação à ampla defesa: 








 








PROCESSO CIVIL. AÇÃO DE INDENIZAÇÃO MORAL E MATERIAL. CONTA-POUPANÇA. TRANSFERÊNCIA INDEVIDA. JULGAMENTO ANTECIPADO DA LIDE. AUSÊNCIA DA NECESSÁRIA INSTRUÇÃO PROBATÓRIA. CERCEAMENTO AO DIREITO DE DEFESA. MATÉRIA DE ORDEM PÚBLICA. ANULAÇÃO DE OFICIO DA SENTENÇA PELO ACÓRDÃO RECORRIDO. POSSIBILIDADE. RECURSO ESPECIAL A QUE SE NEGA PROVIMENTO. 1. Evidenciada a necessidade da produção de provas requeridas pela autora,  a tempo oportuno, constitui cerceamento de defesa o julgamento  antecipado da lide, com infração aos princípios constitucionais do  contraditório, ampla defesa e devido processo legal. 2. A violação a  tais princípios constitui matéria de ordem pública e pode ser conhecida  de ofício pelo órgão julgador. 3. Recurso especial não-provido. (STJ - REsp: 714467 PB 2005/0003958-5,  Relator.: Ministro LUIS FELIPE SALOMÃO, Data de Julgamento: 02/09/2010,  T4 - QUARTA TURMA, Data de Publicação: DJe 09/09/2010) 








 








DIREITO PROCESSUAL CIVIL. APELAÇÃO CÍVEL. CERCEAMENTO DE DEFESA. JULGAMENTO ANTECIPADO DA LIDE. DECISÃO SURPRESA. SENTENÇA ANULADA. RETORNO À ORIGEM PARA REGULAR PROCESSAMENTO. RECURSO PROVIDO. I. Caso em exame 1. Apelação interposta por Instituição Financeira contra sentença que  julgou procedente ação indenizatória fundada em supostos descontos  indevidos. II. Questão em discussão 2. A  questão em discussão consiste em verificar a ocorrência de cerceamento  de defesa, diante da ausência de intimação das partes para manifestação  sobre a produção de provas, antes do julgamento antecipado da lide . III. Razões de decidir 3. Verificou-se que, após réplica apresentada  pela parte autora, o juízo proferiu sentença sem prévia intimação das  partes sobre eventual necessidade de produção de provas. 4. A ausência de intimação caracteriza decisão surpresa, vedada pelo art.  10 do CPC, e cerceia o direito à ampla defesa e contraditório,  princípios assegurados constitucionalmente. 5. Ainda que o art . 355, I, do CPC permita o julgamento antecipado, este pressupõe o  oferecimento de oportunidade às partes para manifestação quanto à  instrução probatória, o que não ocorreu no caso concreto. IV.  Dispositivo e tese 6. Recurso provido . Sentença anulada. Tese de julgamento: "É nula a sentença proferida sem  prévia intimação das partes para falarem sobre a produção de provas,  configurando cerceamento de defesa e decisão surpresa, vedada pelo art.  10 do CPC." ACÓRDÃO Vistos, relatados e discutidos estes autos de  Apelação Cível nº 0004707-94.2024.8.17 .2370, em que figuram como  Apelante CREFISA S/A Crédito Financiamento e Investimentos e como  Apelado José Carlos Barreto, ACORDAM os Excelentíssimos Senhores  Desembargadores integrantes da Egrégia Quinta Câmara Cível do Tribunal  de Justiça do Estado de Pernambuco, à unanimidade de votos, em acolher a  preliminar para anular a sentença apelada e determinar a devolução dos  autos à instância de origem para regular processamento do feito, tudo  conforme a ementa e os votos que fazem parte integrante da presente  decisão. Recife, data da certificação digital. Luiz Gustavo Mendonça de  Araújo Desembargador Relator (TJ-PE - APELAÇÃO CÍVEL:  00047079420248172370, Relator: FABIO EUGENIO DANTAS DE OLIVEIRA LIMA,  Data de Julgamento: 20/08/2025, Gabinete do Des. Luiz Gustavo Mendonça  de Araújo (5ª CC) 








DIREITO PROCESSUAL CIVIL. APELAÇÃO CÍVEL. REINTEGRAÇÃO DE POSSE. NULIDADE PROCESSUAL. CERCEAMENTO DE DEFESA POR AUSÊNCIA DE INTIMAÇÃO VÁLIDA PARA RAZÕES FINAIS. SENTENÇA ANULADA. RETORNO DOS AUTOS À ORIGEM. I. CASO EM EXAME 1. Apelação cível interposta por Francisco Antônio  Gondim contra sentença que julgou procedente o pedido de reintegração de  posse formulado por Francisca Leônidas de Sá, atualmente representada  por seu espólio. O apelante alegou, preliminarmente, nulidade da  sentença por cerceamento de defesa, em razão da ausência de intimação  válida para apresentação de razões finais após a fase instrutória. Também requereu o benefício da gratuidade da justiça. II. QUESTÃO EM  DISCUSSÃO 2. Há duas questões em discussão: (i) deferir ou não o pedido  de gratuidade de justiça formulado pelo apelante; (ii)  definir se a ausência de intimação válida para apresentação de  alegações finais configura cerceamento de defesa e enseja a nulidade da sentença . III. RAZÕES DE DECIDIR 3. A ausência de decisão sobre o pedido de  gratuidade de justiça formulado na contestação autoriza sua análise pelo  Tribunal, sendo deferido o benefício com base no art. 98 do CPC e na  presunção de veracidade prevista no art . 99, § 7º, do CPC. 4. A intimação publicada no Diário de Justiça  Eletrônico não indicou o nome do advogado constituído pelo réu/apelante  nem o número de sua inscrição na OAB, em afronta ao art. 272, § 2º, do  CPC, o que configura nulidade do ato de comunicação . 5. A falta de intimação regular impediu o exercício do contraditório e  da ampla defesa, garantias asseguradas pelo art. 5º, LV, da CF/1988, e  pelos arts. 7º, 9º, 10 e 364, § 2º, do CPC . 6. A apresentação de razões finais é etapa essencial do devido processo  legal, sobretudo em litígios possessórios com alegações complexas, como  usucapião e benfeitorias, sendo o prejuízo processual presumido e  configurado no caso concreto. IV. DISPOSITIVO E TESE 7 . Preliminar acolhida. Sentença anulada. Autos remetidos ao juízo de origem. Tese de julgamento: 1 . A ausência de intimação válida para apresentação de razões finais, por  omissão do nome e da inscrição do advogado da parte na publicação  oficial, configura cerceamento de defesa e acarreta nulidade da  sentença. 2. A presunção de veracidade da declaração de hipossuficiência  autoriza a concessão da gratuidade da justiça quando ausente impugnação  e não demonstrada capacidade financeira nos autos. Dispositivos  relevantes citados: CF/1988, art . 5º, LV; CPC, arts. 98, 99, § 7º, 272, § 2º, 364, § 2º. Jurisprudência relevante citada: TJSP, AI nº 2086793-39.2022 .8.26.0000, Rel. Des . Paulo Ayrosa, j. 08.07.2022; TJMT, AI nº 1001653-47 .2017.811.0000, Rel. Des . Carlos Alberto Alves da Rocha, j. 03.05.2017; TJMG, AC nº 0006486-31 .2010.8.13.0028, Rel . Des. Luís Carlos Gambogi, j. 04.06 .2020; TJMA, AC nº 0002584-32.2011.8.10 .0024, Rel. Des. Cleones Carvalho Cunha, j. 28 .03.2019; TJMG, AC nº 2643131-52.2008.8 .13.0024, Rel. Des. Luciano Pinto, j . 07.11.2019. A C Ó R D Ã O Vistos, relatados e discutidos estes autos de  Apelação Cível nº 0000300-02 .2014.8.17.1560, em que figuram como  apelante Francisco Antônio Gondim e como apelado Espólio de Francisca  Leônidas de Sá, acordam os Desembargadores integrantes da Oitava Câmara  Cível do Tribunal de Justiça do Estado de Pernambuco, por unanimidade de  votos, em conhecer do recurso e acolher a preliminar de nulidade  processual por ausência de intimação válida para apresentação de  alegações finais, declarando nula a sentença e determinando o retorno  dos autos ao juízo de origem para regularização do ato processual, tudo  nos termos do voto do Relator . Recife, data da assinatura digital. Des.  Mozart Valadares Pires Relator (TJ-PE - APELAÇÃO CÍVEL:  00003000220148171560, Relator: AIRTON MOZART VALADARES VIEIRA PIRES,  Data de Julgamento: 04/06/2025, 8ª Câmara Cível Especializada - 3º  (8CCE-3º) 








 








Ademais,  sopesando o mérito fático-probatório sob a lente interpretativa, avulta  a deficiência da cognição exercida na instância originária. O  magistrado singular concluiu pela procedência integral assentando que o  réu não colacionou comprovantes idôneos relativos à alegada transmudação  da natureza contratual. Contudo, a sentença singular restou  absolutamente omissa quanto a fatos de alta relevância jurídica que  demandavam profunda dilação probatória. 








Com efeito, a decisão de primeiro grau omitira-se  por completo sobre a alegação de que o réu efetuou o pagamento do  montante expressivo de R$ 17.000,00 (dezessete mil reais) em favor do  senhor José Pereira. Paralelamente, constata-se a existência material nos autos de comprovante  de pagamento no valor de R$ 1.000,00 (um mil reais), devidamente  subscrito tanto pelo referido senhor José Pereira quanto pela senhora Aldeneide Félix da Silva. 








Esses  elementos indiciários documentais revelam-se fundamentais para  deslindar os contornos da relação jurídica material travada entre os  litigantes, pois sinalizam a probabilidade de execução de obrigações  estranhas ao simples contrato verbal de locação pura, o que poderia, em tese, amparar as teses defensivas de posse ad usucapionem ou de conversão do título possessório para promessa de compra e venda. 








A  desconsideração de tais elementos, somada ao atropelo das formas  procedimentais na condução da fase instrutória, fulmina a validade da  prestação jurisdicional entregue, caracterizando cristalino vício de  atividade (error in procedendo).  É imperioso reconhecer que o magistrado não pode abreviar o  procedimento em detrimento da busca da verdade real, sob pena de  proferir julgamento injusto e formalmente inválido. 








Firme  em tais premissas linguísticas e dogmáticas, a cassação do provimento  jurisdicional primitivo é medida que se impõe, a fim de que os autos  retornem à vara de origem para a reabertura da instrução probatória,  garantindo-se às partes a faculdade de produzir as provas oral,  documental e testemunhal que entenderem pertinentes, sob o manto do  devido processo legal. 








Ante o exposto, voto no sentido de ACOLHER a tese recursal alusiva à ocorrência de error in procedendo, para DECLARAR A NULIDADE DA SENTENÇA RECORRIDA, determinando a restituição dos autos ao Juízo a quo a fim de que se proceda à regular e escorreita instrução do feito, com a  escorreita intimação das partes para a realização da Audiência de  Instrução e Julgamento e aprofundamento das matérias de fato  remanescentes. Considerando o acolhimento do apelo com a consequente anulação do julgado e determinação de retorno dos  autos à instância originária, deixa-se de proceder à majoração dos  honorários recursais prevista no art. 85, § 11, do Código de Processo  Civil, haja vista a inexistência, neste momento, de sucumbência recursal  definitiva. 








É como voto. 








Recife, data da assinatura eletrônica. 








Desa. Ângela Cristina de Norões Lins Cavalcanti 








 Relatora Substituta 







 

Demais votos:




Ementa:




Tribunal de Justiça de Pernambuco
 Poder Judiciário
Gabinete da Desa. Ângela Cristina de Norões Lins Cavalcanti (2ª CC)




APELAÇÃO CÍVEL (198) nº 0009825-28.2023.8.17.2001




APELANTE: DAVID ERIC SILVA DE FREITAS




 APELADO(A): ALDINEIDE MONTEIRO DA SILVA




 








Ementa:  DIREITO PROCESSUAL CIVIL E DIREITO CIVIL. APELAÇÃO CÍVEL. AÇÃO DE  DESPEJO C/C COBRANÇA POR FALTA DE PAGAMENTO E RESCISÃO CONTRATUAL.  AUSÊNCIA DE COMPROVAÇÃO DA INTIMAÇÃO PARA AUDIÊNCIA DE INSTRUÇÃO E  JULGAMENTO. CERCEAMENTO DE DEFESA. NULIDADE DA SENTENÇA. RECURSO  PROVIDO. 








I. CASO EM EXAME 










Apelação  cível interposta contra sentença que julgou procedentes os pedidos  formulados em ação de despejo c/c cobrança por falta de pagamento e  rescisão contratual, decretando a rescisão de contrato verbal de  locação, o despejo do réu e a condenação ao pagamento de alugueres  vencidos e vincendos, encargos locatícios, custas processuais e  honorários advocatícios. 












O  apelante sustenta nulidade da sentença por cerceamento de defesa, em  razão da ausência de comprovação de sua regular intimação para  comparecimento à Audiência de Instrução e Julgamento, bem como pela  insuficiência da instrução probatória quanto à natureza da relação  jurídica estabelecida entre as partes e aos pagamentos realizados a  terceiros. 












A  sentença considerou que o réu deixou de comparecer à audiência  designada e concluiu pela ausência de comprovação dos fatos  modificativos alegados em defesa, julgando procedentes os pedidos  iniciais. 










II. QUESTÃO EM DISCUSSÃO 










Há  duas questões em discussão: (i) saber se a ausência de comprovação da  regular intimação do réu para comparecimento à Audiência de Instrução e  Julgamento configura cerceamento de defesa e enseja a nulidade da  sentença; e (ii)  saber se a instrução processual foi insuficiente para o adequado exame  das alegações defensivas relativas à natureza da posse exercida e aos  pagamentos realizados em favor de terceiros. 










III. RAZÕES DE DECIDIR 










Não  consta dos autos aviso de recebimento da carta de intimação expedida  para a Audiência de Instrução e Julgamento nem certidão que demonstre a  efetiva ciência do réu acerca da realização do ato processual. 












A  realização da audiência sem comprovação da regular intimação da parte  inviabilizou o exercício do contraditório e da ampla defesa,  especialmente porque houve requerimento de produção de prova oral e  testemunhal na contestação. 












A  ausência de demonstração da ciência inequívoca da parte impede a  aplicação de presunção de desinteresse na produção probatória e invalida  os atos processuais subsequentes que dela dependiam. 












A  sentença foi proferida sem a necessária instrução probatória acerca de  fatos relevantes alegados pela defesa, notadamente os pagamentos  realizados a terceiros e os elementos que poderiam indicar relação  jurídica diversa da locação verbal alegada na petição inicial. 












A  insuficiência da atividade instrutória e a ausência de regular  intimação da parte caracterizam vício processual apto a comprometer a  validade da prestação jurisdicional. 










IV. DISPOSITIVO E TESE 










Recurso  provido. Sentença anulada. Determinado o retorno dos autos ao juízo de  origem para reabertura da instrução processual, com regular intimação  das partes e produção das provas pertinentes. 










Tese de julgamento: “1. A ausência de comprovação da regular intimação da parte para  comparecimento à Audiência de Instrução e Julgamento configura  cerceamento de defesa e acarreta a nulidade da sentença. 2. É inválido o  julgamento realizado sem oportunizar à parte a produção das provas  previamente requeridas quando relevantes para a solução da controvérsia.  3. A insuficiência da instrução probatória sobre fatos essenciais ao  deslinde da causa impõe a anulação da sentença e o retorno dos autos à  origem para regular prosseguimento do feito.” 








  








  








ACÓRDÃO  








  Vistos, relatados e discutidos estes autos de nº 0009825-28.2023.8.17.2001, em  que são partes as acima indicadas, acordam os Desembargadores que  compõem a Segunda Câmara Cível do Tribunal de Justiça de Pernambuco, à  unanimidade, DAR PROVIMENTO AO APELO, nos termos do voto da Relatora. 








  








  








Recife, data conforme assinatura eletrônica. 








 










 








Desa. Ângela Cristina de Norões Lins Cavalcanti 








Relatora Substituta 






 




Proclamação da decisão:

À unanimidade de votos, deu-se provimento ao recurso, nos termos do voto da Relatoria.




Magistrados: [CANDIDO JOSE DA FONTE SARAIVA DE MORAES, RUY TREZENA PATU JÚNIOR, ANGELA CRISTINA DE NOROES LINS CAVALCANTI]







, 6 de julho de 2026

 

 

 

 

 

 

 

Magistrado


      
DOCUMENTO 12  
Acompanhamento Processual
Resultado sem Formatação
Imprimir
ACÓRDÃO
PROCESSO
0084815-29.2019.8.17.2001 
CLASSE CNJ
198 APELAÇÃO CÍVEL
ASSUNTO CNJ
10459 Usucapião Ordinária
RELATOR(A)
ANGELA CRISTINA DE NOROES LINS CAVALCANTI
ÓRGÃO JULGADOR
Gabinete da Desa. Ângela Cristina de Norões Lins Cavalcanti (2ª CC)
DATA DE JULGAMENTO
31/07/2026
DATA DA PUBLICAÇÃO/FONTE
31/07/2026
MEIO DE TRAMITAÇÃO
ELETRONICO
EMENTA

        




Tribunal de Justiça de Pernambuco
 Poder Judiciário
Gabinete da Desa. Ângela Cristina de Norões Lins Cavalcanti (2ª CC)




 




APELAÇÃO CÍVEL (198) nº 0084815-29.2019.8.17.2001




APELANTE: PRISCILA FABIOLA DO NASCIMENTO




 APELADO(A): PEDRO BRANDAO DE CASTRO CAVALCANTI




 




 




EMENTA:




DIREITO CIVIL E PROCESSUAL CIVIL. APELAÇÃO CÍVEL. AÇÃO DE REINTEGRAÇÃO DE POSSE. NULIDADE POR AUSÊNCIA DE CITAÇÃO DE CÔNJUGE. PRECLUSÃO. POSSE DO ESPÓLIO. PRINCÍPIO DA SAISINE. OCUPAÇÃO CLANDESTINA E PRECÁRIA. BENFEITORIAS. POSSE DE MÁ-FÉ. DESPROVIMENTO. 




I. CASO EM EXAME 




1.   Apelação cível interposta contra sentença que julgou procedente o pedido em ação de reintegração de posse ajuizada por espólio, determinando a retomada do imóvel e afastando o direito à indenização por benfeitorias.




2.   A parte ré sustenta nulidade do processo por ausência de citação de cônjuge e alega posse mansa e pacífica com intenção de usucapião.




3.   A sentença reconheceu o esbulho possessório e afastou o direito à indenização por benfeitorias, diante da caracterização de posse de má-fé.




II. QUESTÃO EM DISCUSSÃO 




2.   Há três questões em discussão: (i) saber se há nulidade processual pela ausência de citação de cônjuge; (ii) saber se o espólio possui legitimidade e comprova os requisitos da ação possessória; e (iii) saber se a ocupação da ré configura posse apta à proteção jurídica ou enseja direito à indenização por benfeitorias.




III. RAZÕES DE DECIDIR 




3.   A alegação de nulidade por ausência de citação de cônjuge preclui quando não arguida na primeira oportunidade, nos termos do art. 278 do CPC.




4.   A ausência de citação do cônjuge não gera nulidade automática em ação possessória, salvo prova de composse ou atuação conjunta, inexistente no caso.




5.   O espólio detém posse indireta do imóvel, transmitida aos herdeiros no momento da abertura da sucessão, conforme o princípio da saisine (art. 1.784 do CC).




6.   Restam comprovados os requisitos do art. 561 do CPC, autorizando a reintegração de posse.




7.   A ocupação sem título configura posse clandestina e precária, não apta à aquisição por usucapião, nos termos dos arts. 1.200 e 1.208 do CC.




8.   A permanência no imóvel após oposição do proprietário caracteriza esbulho possessório.




9.   A possuidora de má-fé faz jus apenas às benfeitorias necessárias, sem direito de retenção, nos termos do art. 1.220 do CC, inexistindo prova de despesas indenizáveis.




IV. DISPOSITIVO E TESE




10.               Recurso desprovido.




Tese de julgamento: “1. A ausência de citação de cônjuge em ação possessória não gera nulidade quando não arguida oportunamente e ausente prova de composse. 2. O espólio possui legitimidade para a proteção possessória, sendo suficiente a posse indireta decorrente da saisine. 3. A ocupação clandestina ou precária não induz posse apta à usucapião. 4. O possuidor de má-fé tem direito apenas às benfeitorias necessárias, sem retenção, desde que comprovadas.”




 




 




 ACÓRDÃO 




          Vistos, relatados e discutidos estes autos de nº 0084815-29.2019.8.17.2001 em que são partes as acima indicadas, acordam os Desembargadores que compõem a Segunda Câmara Cível do Tribunal de Justiça de Pernambuco, à unanimidade, NEGAR PROVIMENTO AO APELO, nos termos do voto do Relator. 




     




Recife, data conforme assinatura eletrônica.




 




 




Desa. Ângela Cristina de Norões Lins Cavalcanti




Relatora Substituta 




 




 


      
ACÓRDÃO

        

Tribunal de Justiça de Pernambuco
 Poder Judiciário


2ª Câmara Cível - Recife

  - F:(  ) 

Processo nº 0084815-29.2019.8.17.2001

APELANTE: PRISCILA FABIOLA DO NASCIMENTO REGISTRADO(A) CIVILMENTE COMO PRISCILA FABIOLA DO NASCIMENTO

APELADO(A): PEDRO BRANDAO DE CASTRO CAVALCANTI




INTEIRO TEOR




Relator: 
ANGELA CRISTINA DE NOROES LINS CAVALCANTI




Relatório:




 





2ª CÂMARA CÍVEL




EMBARGOS DE DECLARAÇÃO NA APELAÇÃO CÍVEL: Nº 0084815-29.2019.8.17.2001




EMBARGANTE: PRISCILA FABÍOLA DO NASCIMENTO




 EMBARGADO: PEDRO BRANDÃO DE CASTRO CAVALCANTI 




RELATORA: Desa. Ângela Cristina de Norões Lins Cavalcanti




 




RELATÓRIO




 




Tratam-se de Embargos de Declaração interpostos por PRISCILA FABÍOLA DO NASCIMENTO (Id. 59481987) contra o acórdão de Id. 58959859, lavrado por este Órgão Colegiado, o qual, por unanimidade de votos, conheceu e negou provimento ao recurso de apelação outrora manejado pela ora embargante, mantendo incólume a sentença terminativa de mérito proferida pelo juízo a quo que julgara procedente a Ação de Reintegração de Posse originária. A aludida sentença recorrida fixara a procedência do pleito possessório em favor do polo embargado e impusera à ré a condenação em custas e honorários sucumbenciais, estes elevados em sede recursal para o patamar de 20% (vinte por cento) sobre o valor atualizado da causa, com exigibilidade suspensa em razão da concessão dos benefícios da gratuidade da justiça, nos termos do art. 98, § 3º, do Código de Processo Civil.




Em suas razões aclaratórias, a embargante aduz a existência de graves vícios de omissão e contradição intrínsecos ao julgado colegiado. Sustenta, em síntese: (i) a caracterização de omissão quanto à análise detida da natureza de sua posse, insistindo que exerce posse mansa, pacífica e dotada de animus domini há mais de uma década sobre o imóvel objeto da lide, consubstanciando os requisitos para o reconhecimento da usucapião urbana como matéria de defesa; (ii) vício omissivo no que pertine ao pretenso direito de indenização e retenção por benfeitorias úteis e necessárias por ela introduzidas no imóvel, tais como o adimplemento reiterado de taxas condominiais e despesas de conservação, as quais teriam obstado o perecimento do bem diante do manifesto abandono dos proprietários registrais; e (iii) imperativa contradição no tocante à aplicação do princípio da saisine, arguindo que a transmissão automática da posse indireta aos herdeiros não poderia se sobrepor à sua posse direta e qualificada pelo decurso do tempo. Forte nesses argumentos, propugna pelo acolhimento integral dos embargos, com a atribuição de expressos efeitos modificativos (infringentes), para fins de reforma do acórdão e consequente improcedência da pretensão reintegratória.




Em contrarrazões devidamente colacionadas ao Id. 59826179, o ESPÓLIO DE IRACEMA SOARES DE CASTRO E THEREZA CHRISTINA BRANDÃO DE CASTRO, por intermédio de seu inventariante PEDRO BRANDÃO DE CASTRO CAVALCANTI, pugna pelo total desprovimento do recurso integrativo. Alega, em linhas firmes, o caráter manifestamente protelatório e dilatório do recurso, asseverando que a embargante busca por via transversa a mera rediscussão do mérito da causa, uma vez que todas as teses defensivas — especificamente a ausência de animus domini, a clandestinidade da ocupação e a ausência de comprovação de benfeitorias necessárias extraordinárias — foram exaustivamente enfrentadas e decididas no acórdão combatido. Requer, por conseguinte, a manutenção do decisum e a condenação da embargante à multa prevista no art. 1.026, § 2º, do Estatuto Processual Civil.




 É o que importa relatar. Inclua-se em pauta.




Recife, data da assinatura eletrônica.




Desa. Ângela Cristina de Norões Lins Cavalcanti 




Relatora Substituta




Voto vencedor:

2ª CÂMARA CÍVEL




EMBARGOS DE DECLARAÇÃO NA APELAÇÃO CÍVEL: Nº 0084815-29.2019.8.17.2001




EMBARGANTE: PRISCILA FABÍOLA DO NASCIMENTO




 EMBARGADO: PEDRO BRANDÃO DE CASTRO CAVALCANTI 




RELATORA: Desa. Ângela Cristina de Norões Lins Cavalcanti




 




VOTO DO RELATOR




Presentes os requisitos extrínsecos e intrínsecos de admissibilidade recursal, notadamente a tempestividade e a regularidade de representação, conheço dos Embargos de Declaração. 




 




Trata-se de Embargos de Declaração interpostos por PRISCILA FABÍOLA DO NASCIMENTO (Id. 59481987) em face do v. acórdão de Id. 58959859, o qual negou provimento ao seu apelo, confirmando a sentença de primeira instância que acolhera a pretensão de Reintegração de Posse deduzida pelo inventariante do ESPÓLIO DE IRACEMA SOARES DE CASTRO E THEREZA CHRISTINA BRANDÃO DE CASTRO, Pedro Brandão de Castro Cavalcanti.




O objeto do presente recurso cinge-se à verificação de supostos vícios de omissão e contradição no julgado embargado. As questões controvertidas residem em aferir se o acórdão incorreu em erro ou silêncio passível de correção por esta via integrativa no que tange: (a) à análise da natureza jurídica da posse exercida pela embargante e à tese de usucapião em defesa; (b) ao direito de indenização e retenção por benfeitorias e despesas correlatas ao imóvel; e (c) à correlação lógico-jurídica entre o direito de saisine dos herdeiros e a proteção possessória invocada.




Ab initio, impõe-se registrar que, à luz do disposto no artigo 1.022 do Código de Processo Civil, os embargos de declaração consubstanciam recurso de fundamentação vinculada, vocacionado exclusivamente a sanar eiva de obscuridade, contradição, omissão ou erro material que macule a integridade da decisão judicial. Não se prestam, portanto, como sucedâneo recursal destinado ao reexame de matéria fática ou à reforma do entendimento jurídico externado pelo órgão julgador.




Debruçando-me sobre as razões recursais formuladas pela embargante, constato, sem qualquer margem a hesitações, que as eivas apontadas revestem-se de caráter nitidamente infringente, traduzindo inconformismo subjetivo com a solução jurídica dada à lide e nítido propósito de rediscutir o mérito da causa.




No que tange à omissão quanto à natureza da posse e ao preenchimento dos requisitos da usucapião, o acórdão embargado enfrentou a matéria com minudência e clareza meridiana. Restou expressamente consignado no corpo do voto condutor que a ocupação exercida pela embargante carece do elemento anímico essencial qualificado como animus domini. A permanência da recorrente no imóvel residencial — apartamento 1308, bloco B, do edifício situado na Rua do Riachuelo, nº 453, Boa Vista, Recife — ocorreu de forma clandestina e precária, os quais, por expressa dicção do artigo 1.208 do Código Civil, não induzem posse ad usucapionem. 




Transcreve-se o aludido comando normativo material: 




"Art. 1.208. Não induzem posse os atos de mera permissão ou tolerância assim como não autorizam a sua aquisição os atos violentos, ou clandestinos, senão depois de cessar a violência ou a clandestinidade."




Conforme assentado pelo colegiado, a ocupação sem título legítimo configura posse eivada de clandestinidade e precariedade, vícios que contaminam a sua origem e impedem a transmudação em posse justa e mansa, independentemente do lapso temporal decorrido. Destarte, a tese defensiva fundada no artigo 1.240 do Código Civil e no artigo 183 da Constituição Federal foi expressamente rechaçada por absoluta incompatibilidade fático-jurídica, visto que a precariedade jamais convalesce.




De igual sorte, carece de estofo jurídico a alegação de omissão ou contradição no tocante ao pleito de indenização por benfeitorias. O acórdão foi enfático ao pontuar que, revestindo-se a ocupação da embargante de nítida má-fé a partir do momento em que teve plena ciência da oposição dos legítimos proprietários e herdeiros, incide na espécie a limitação imposta pelo artigo 1.220 do Código Civil. O texto legal é imperativo:




Art. 1.220. Ao possuidor de má-fé serão ressarcidas somente as benfeitorias necessárias; não lhe assiste o direito de retenção pela importância destas, nem o de levantar as voluptuárias."




Nesse diapasão, consignou-se que o pagamento de taxas condominiais, parcelas de IPTU e pequenas despesas de conservação rotineira não se amoldam ao conceito de benfeitorias necessárias extraordinárias indenizáveis, porquanto constituem obrigações propter rem e contraprestação natural e intrínseca pelo uso gratuito, exclusivo e prolongado do imóvel por parte da própria ocupante. 




Permitir o ressarcimento de tais despesas ordinárias implicaria inequívoco enriquecimento sem causa da invasora em detrimento do Espólio proprietário, que se viu privado da fruição do seu bem econômico. Não subsiste, portanto, direito de indenização e, menos ainda, direito de retenção.




Por fim, no tocante à aplicação da transmissão da posse por força do princípio da saisine, positivado no artigo 1.784 do Código Civil ("Aberta a sucessão, a herança transmite-se, desde logo, aos herdeiros legítimos e testamentários"), inexiste a contradição suscitada. A transmissão universal da herança compreende a posse indireta de todo o acervo patrimonial deixado pelas de cujus IRACEMA SOARES DE CASTRO e THEREZA CHRISTINA BRANDÃO DE CASTRO, transmitindo-se aos herdeiros com os mesmos caracteres com que foi adquirida, nos termos do artigo 1.206 do Código Civil. 




 




Desse modo, o Espólio, devidamente representado por seu inventariante PEDRO BRANDÃO DE CASTRO CAVALCANTI, detém plena legitimidade e interesse processual para invocar a proteção dos interditos possessórios contra terceiros ocupantes sem título, revelando-se escorreito o preenchimento dos pressupostos insculpidos no artigo 561 do Código de Processo Civil.




A jurisprudência pátria, capitaneada pelo Colendo Superior Tribunal de Justiça, sedimentou o entendimento de que os embargos declaratórios não constituem via apropriada para a revisão de fundamentos jurídicos quando a prestação jurisdicional foi entregue de forma completa e fundamentada. Calha colacionar o seguinte precedente paradigmático:




DIREITO PROCESSUAL CIVIL. EMBARGOS DE DECLARAÇÃO EM AGRAVO INTERNO. INEXISTÊNCIA DE OMISSÃO, CONTRADIÇÃO OU OBSCURIDADE. PRETENSÃO DE REDISCUSSÃO DO MÉRITO. IMPOSSIBILIDADE. REJEIÇÃO. I. CASO EM EXAME1. Embargos de declaração opostos contra acórdão proferido em agravo interno, sob a alegação de omissão e contradição na decisão embargada, especialmente quanto à fixação de honorários sucumbenciais em razão do acolhimento parcial de exceção de pré-executividade. II. QUESTÃO EM DISCUSSÃO2. A questão em discussão consiste em verificar se o acórdão embargado padece de omissão, contradição ou obscuridade que justifique a sua integração por meio dos embargos de declaração. III. RAZÕES DE DECIDIR3. Os embargos de declaração possuem caráter restrito e somente são cabíveis nas hipóteses do art. 1 .022 do CPC/2015, para sanar omissão, contradição, obscuridade ou corrigir erro material. 4. Não há omissão no acórdão embargado, pois a decisão enfrentou de forma fundamentada todas as questões suscitadas, incluindo a fixação de honorários sucumbenciais em decorrência do acolhimento parcial da exceção de pré-executividade. 5 . A irresignação da parte embargante revela, na verdade, a intenção de rediscutir o mérito da controvérsia, o que não se coaduna com a via estreita dos embargos declaratórios. 6. A jurisprudência consolidada do Superior Tribunal de Justiça estabelece que o acolhimento parcial de exceção de pré-executividade autoriza a fixação de honorários advocatícios, sendo inaplicável a apreciação equitativa nos casos em que o proveito econômico é elevado. 7 . A reanálise da conclusão do Tribunal de origem quanto à configuração de excesso de execução exigiria reexame de provas, providência vedada pelo óbice da Súmula 7 do STJ. 8. A oposição de embargos de declaração manifestamente protelatórios pode ensejar a aplicação da multa prevista no art. 1 .026, § 2º, do CPC/2015, mas, no caso concreto, não se verificou intenção meramente procrastinatória.IV. EMBARGOS DE DECLARAÇÃO REJEITADOS. (STJ - EDcl no AgInt no AREsp: 2697306 PR 2024/0270558-8, Relator.: Ministro CARLOS CINI MARCHIONATTI DESEMBARGADOR CONVOCADO TJRS, Data de Julgamento: 17/02/2025, T3 - TERCEIRA TURMA, Data de Publicação: DJEN 20/02/2025)




Verifica-se, destarte, que o acórdão embargado não padece de nenhum dos vícios catalogados no artigo 1.022 da lei adjetiva civil. A conduta da embargante, ao reiterar argumentos exaustivamente repelidos e deduzir pretensão manifestamente inviável nesta sede, evidencia o escopo protelatório do recurso, ensejando a aplicação da penalidade legal visando resguardar a celeridade e a dignidade da Justiça.




Ante ao exposto, REJEITO OS EMBARGOS DE DECLARAÇÃO, mantendo incólume em todos os seus termos o acórdão de Id. 58959859. Outrossim, com fulcro no artigo 1.026, § 2º, do Código de Processo Civil, condeno a embargante ao pagamento de multa fixada em 1% (um por cento) sobre o valor atualizado da causa, por restar caracterizado o caráter manifestamente protelatório do recurso.




É como voto.




Recife, data da assinatura eletrônica.




Desa. Ângela Cristina de Norões Lins Cavalcanti 




Relatora Substituta




 




 




 

Demais votos:




Ementa:




Tribunal de Justiça de Pernambuco
 Poder Judiciário
Gabinete da Desa. Ângela Cristina de Norões Lins Cavalcanti (2ª CC)




APELAÇÃO CÍVEL (198) nº 0084815-29.2019.8.17.2001




APELANTE: PRISCILA FABIOLA DO NASCIMENTO REGISTRADO(A) CIVILMENTE COMO PRISCILA FABIOLA DO NASCIMENTO




 APELADO(A): PEDRO BRANDAO DE CASTRO CAVALCANTI




 




EMENTA:




Ementa: DIREITO CIVIL E PROCESSUAL CIVIL. EMBARGOS DE DECLARAÇÃO. AÇÃO DE REINTEGRAÇÃO DE POSSE. ALEGAÇÃO DE OMISSÃO E CONTRADIÇÃO. REDISCUSSÃO DO MÉRITO. CARÁTER PROTELATÓRIO. EMBARGOS REJEITADOS.




I. CASO EM EXAME 




1.   Embargos de declaração opostos contra acórdão que negou provimento à apelação cível e manteve sentença de procedência em ação de reintegração de posse ajuizada por espólio, representado por inventariante, em face de ocupante de imóvel residencial.




2.   A embargante sustenta omissão e contradição no julgado quanto: (i) à natureza jurídica da posse exercida e à tese de usucapião; (ii) ao alegado direito de indenização e retenção por benfeitorias; e (iii) à aplicação do princípio da saisine para legitimar a proteção possessória do espólio.




II. QUESTÃO EM DISCUSSÃO 




3.   Há três questões em discussão: (i) saber se o acórdão incorreu em omissão ou contradição quanto à caracterização da posse exercida pela embargante e à inviabilidade da usucapião; (ii) saber se há omissão acerca do direito de indenização e retenção por benfeitorias e despesas incidentes sobre o imóvel; e (iii) saber se há incompatibilidade entre a transmissão possessória decorrente do princípio da saisine e a legitimidade possessória do espólio.




III. RAZÕES DE DECIDIR




4.   Os embargos de declaração possuem fundamentação vinculada e somente são cabíveis para sanar obscuridade, contradição, omissão ou erro material, nos termos do art. 1.022 do CPC.




5.   O acórdão embargado apreciou expressamente a alegação de usucapião e concluiu que a ocupação do imóvel ocorreu de forma clandestina e precária, sem animus domini, circunstância que impede o reconhecimento da posse apta à aquisição originária da propriedade, nos termos do art. 1.208 do CC.




6.   A decisão embargada também afastou o direito de indenização e retenção por benfeitorias, por reconhecer a má-fé da ocupante e consignar que despesas ordinárias, como taxas condominiais e IPTU, constituem obrigações inerentes ao uso exclusivo do imóvel, não configurando benfeitorias necessárias indenizáveis, conforme art. 1.220 do CC.




7.   O acórdão consignou que a abertura da sucessão transmite aos herdeiros a posse indireta do acervo hereditário, nos termos dos arts. 1.206 e 1.784 do CC, legitimando o espólio, representado pelo inventariante, ao ajuizamento de ação possessória.




8.   As alegações recursais revelam mero inconformismo com o entendimento adotado pelo colegiado e objetiva rediscussão do mérito da controvérsia, providência incompatível com a via estreita dos embargos declaratórios.




9.   Caracterizado o intuito manifestamente protelatório do recurso, impõe-se a aplicação da multa prevista no art. 1.026, § 2º, do CPC.




IV. DISPOSITIVO E TESE




10.               Embargos de declaração rejeitados, com aplicação de multa de 1% sobre o valor atualizado da causa.




Tese de julgamento: “1. Os embargos de declaração não se prestam à rediscussão do mérito da decisão judicial quando inexistentes os vícios previstos no art. 1.022 do CPC. 2. A posse clandestina e precária não induz usucapião e impede o reconhecimento de posse ad usucapionem. 3. O possuidor de má-fé não possui direito de retenção e somente faz jus à indenização por benfeitorias necessárias efetivamente comprovadas. 4. A abertura da sucessão transmite aos herdeiros a posse indireta do acervo hereditário, legitimando o espólio ao ajuizamento de ação possessória.”




                             




ACÓRDÃO




Vistos, relatados e discutidos estes autos de nº 0084815-29.2019.8.17.2001, acordam os Desembargadores que compõem a 2ª Câmara Cível da Capital, à unanimidade, REJEITAR INTEGRALMENTE OS EMBARGOS DE DECLARAÇÃO, tudo de conformidade com o Voto, Ata de Julgamento e demais peças processuais que passam a integrar este julgado. 




Recife, data conforme assinatura eletrônica.




Desa. Ângela Cristina de Norões Lins Cavalcanti




Relatora Substituta




 




po




 




 




Proclamação da decisão:

À unanimidade de votos, foram rejeitados os Embargos de Declaração, nos termos do voto da Relatoria.




Magistrados: [CANDIDO JOSE DA FONTE SARAIVA DE MORAES, RUY TREZENA PATU JÚNIOR, ANGELA CRISTINA DE NOROES LINS CAVALCANTI]







, 31 de julho de 2026

 

 

 

 

 

 

 

Magistrado


      
DOCUMENTO 13  
Acompanhamento Processual
Resultado sem Formatação
Imprimir
ACÓRDÃO
PROCESSO
0030490-34.2021.8.17.2810 
CLASSE CNJ
198 APELAÇÃO CÍVEL
ASSUNTO CNJ
10445 Esbulho / Turbação / Ameaça
RELATOR(A)
AGENOR FERREIRA DE LIMA FILHO
ÓRGÃO JULGADOR
Gabinete do Des. Agenor Ferreira de Lima Filho
DATA DE JULGAMENTO
31/07/2026
DATA DA PUBLICAÇÃO/FONTE
31/07/2026
MEIO DE TRAMITAÇÃO
ELETRONICO
EMENTA

        




Tribunal de Justiça de Pernambuco
 Poder Judiciário
Gabinete do Des. Agenor Ferreira de Lima Filho




Rua Imperador Dom Pedro II, 207, Fórum Paula Batista, Santo Antônio, RECIFE - PE - CEP: 50010-240    - F:(81) 31819113




  




QUINTA CÂMARA CÍVEL 




APELAÇÃO CÍVEL N° 0030490-34.2021.8.17.2810




JUÍZO DE ORIGEM:  2ª Vara Cível da Comarca de Jaboatão dos Guararapes




APELANTES: Eliane Maria de Sena Silva e Rinaldo Gomes da Silva




APELADOS: Eduardo Silva dos Santos; Cristiano Antônio dos Santos; Lindinalva Ferreira da Silva




RELATOR: Des. Agenor Ferreira de Lima Filho




 




Ementa: DIREITO CIVIL E PROCESSUAL CIVIL. APELAÇÃO CÍVEL. AÇÃO POSSESSÓRIA. REINTEGRAÇÃO DE POSSE. NECESSIDADE DE PROVA DA POSSE ANTERIOR E DO ESBULHO. INSUFICIÊNCIA PROBATÓRIA. IRRELEVÂNCIA DA REVELIA DE CORRÉU PARA SUPRIR AUSÊNCIA DE PROVA DOS FATOS CONSTITUTIVOS. OPÇÃO PELO JULGAMENTO ANTECIPADO. ASSUNÇÃO DO RISCO PROCESSUAL. RECURSO DESPROVIDO.




 




I. CASO EM EXAME 




1. Apelação cível interposta contra sentença que julgou improcedente pretensão possessória relativa a lotes descritos na petição inicial, ao fundamento de que os autores não comprovaram o exercício anterior da posse nem o alegado esbulho, buscando os recorrentes a reforma da decisão com base, entre outros pontos, na revelia de corréu vendedor e na documentação particular apresentada.










II. QUESTÃO EM DISCUSSÃO 




2. Há 3 questões em discussão: (i) definir se os autores comprovaram, de forma minimamente segura, a posse anterior, mansa, pública e ostensiva sobre os imóveis; (ii) estabelecer se houve demonstração idônea do alegado esbulho possessório; e (iii) determinar se a revelia de corréu e a opção dos autores pelo julgamento antecipado interferem na solução da controvérsia.




 




III. RAZÕES DE DECIDIR




3. A ação possessória protege a posse de fato, e não o domínio, razão pela qual a mera afirmação de propriedade ou a apresentação de escritura particular não substituem a prova concreta do exercício possessório anterior.




4. Os autores não apresentam documento minimamente apto a demonstrar o alegado esbulho nem produzem elemento material que evidencie atos concretos de cuidado, manutenção, vigilância ou frequência regular nos lotes.




5. A completa ausência de notificação, boletim de ocorrência, registro administrativo, fotografias datadas, recibos, correspondências ou qualquer outro suporte objetivo enfraquece a verossimilhança da narrativa inicial e inviabiliza o acolhimento da pretensão possessória.




6. O depoimento do informante, genro dos autores, recebe valoração limitada em razão de sua vinculação direta com a parte autora e, além disso, não descreve atos concretos e contínuos de posse aptos a comprovar ocupação efetiva e ostensiva dos imóveis.




7. A referência do informante a invasão ocorrida entre 2016 e 2017, sem indicação precisa da data do esbulho na inicial e diante do lapso de aproximadamente quatro a cinco anos até o ajuizamento da demanda, compromete a consistência cronológica da versão autoral.




8. A revelia do corréu vendedor não supre a deficiência probatória dos autores nem gera presunção automática dos fatos constitutivos do direito alegado, especialmente em matéria possessória, que exige prova segura da posse e da ofensa correspondente.




9. O juízo de origem oportuniza a produção de provas, mas os próprios autores requerem o julgamento antecipado, assumindo o risco processual decorrente da eventual insuficiência do acervo probatório então existente.




10. Incumbe à parte autora demonstrar os fatos constitutivos de seu direito, não sendo admissível transferir ao réu ou ao Judiciário o ônus de suprir a inércia probatória de quem reputou desnecessária a continuidade da instrução.




 




IV. DISPOSITIVO E TESE




11. Recurso desprovido. Tese de julgamento: “A procedência da ação possessória exige prova concreta da posse anterior e do esbulho ou turbação, não bastando título particular ou alegações unilaterais desacompanhadas de suporte probatório; A revelia de corréu não supre a ausência de prova dos fatos constitutivos do direito do autor em demanda possessória; A parte que, após oportunizada a instrução, requer o julgamento antecipado assume o risco processual decorrente da insuficiência das provas produzidas.”




 




A C Ó R D Ã O




 




Visto, discutido e votado este recurso, ACORDAM os Excelentíssimos Senhores Desembargadores integrantes da QUINTA Câmara Cível do Egrégio Tribunal de Justiça do Estado de Pernambuco, por unanimidade de votos, negar provimento ao recurso, tudo nos termos dos votos e notas taquigráficas, caso estas últimas sejam juntadas aos autos. 




Local, data e assinatura registrados no sistema.  




 




 




Des. Agenor Ferreira de Lima Filho




Relator




  
 
 




lm




 




 




 


      
ACÓRDÃO

        















Tribunal de Justiça de Pernambuco
 Poder Judiciário





5ª Câmara Cível - Recife




Rua Imperador Dom Pedro II, 207, Fórum Paula Batista, Santo Antônio, RECIFE - PE - CEP: 50010-240  - F:(81) 31819113




Processo nº 0030490-34.2021.8.17.2810




APELANTE: ELIANE MARIA DE SENA SILVA, RINALDO GOMES DA SILVA




APELADO(A): EDUARDO SILVA DOS SANTOS, CRISTIANO ANTONIO DOS SANTOS, LINDINALVA FERREIRA DA SILVA









INTEIRO TEOR









Relator: 
AGENOR FERREIRA DE LIMA FILHO










Relatório:




 




 




QUINTA CÂMARA CÍVEL 




EMBARGOS DE DECLARAÇÃO NA APELAÇÃO CÍVEL N° 0030490-34.2021.8.17.2810




JUÍZO DE ORIGEM: 2ª Vara Cível da Comarca de Jaboatão dos Guararapes 




EMBARGANTES/APELANTES: Eliane Maria de Sena Silva e Rinaldo Gomes da Silva 




EMBARGADOS/APELADOS: Eduardo Silva dos Santos; Cristiano Antônio dos Santos; Lindinalva Ferreira da Silva




RELATOR: Des. Agenor Ferreira de Lima Filho










 




RELATÓRIO




 




Trata-se de Embargos de Declaração na apelação cível opostos pela parte autora/apelante Eliane Maria de Sena Silva e Rinaldo Gomes da Silva, nos autos da ação de usucapião, processo n° 00030490-34.2021.8.17.2810, ajuizada contra Eduardo Silva dos Santos e Cristiano Antônio dos Santos, insurgindo-se contra acórdão proferido por esta 5ª Câmara Cível.




 




ACÓRDÃO EMBARGADO:




O acórdão recorrido, por unanimidade de votos, negou provimento ao recurso de Apelação Cível, mantendo a sentença recorrida, ao fundamento de que os autores não comprovaram minimamente o exercício da posse sobre os lotes de terreno 04 e 05, da Quadra D, da propriedade denominada Sítios Venda Grande e Duas Vendinhas, tampouco demonstraram o alegado esbulho possessório.










RAZÕES RECURSAIS:




Em suas razões, os Embargantes alegam omissão no acórdão quanto à análise da preliminar de nulidade processual suscitada na apelação, por meio da qual requereram a decretação da revelia de todos os apelados.




Sustentam que o acórdão embargado teria abordado apenas a situação processual do recorrido Eduardo Silva dos Santos, sem examinar expressamente o requerimento formulado em relação aos corréus Cristiano Antônio dos Santos e Lindinalva Ferreira da Silva, cujas defesas, segundo afirmam, teriam sido apresentadas fora do prazo legal.




Sob tais fundamentos, pugnam pelo acolhimento dos embargos de declaração para sanar a omissão apontada, atribuindo-se efeitos infringentes ao julgado. 




 




CONTRARRAZÕES:




Apesar de devidamente intimada, a parte a embargada não apresentou contrarrazões.




É o relatório. Inclua-se em pauta para julgamento.




Local, data e assinatura registrados no sistema.




 




 




Des. Agenor Ferreira de Lima Filho




Relator 




 




lm




 




 










Voto vencedor:




 




 




QUINTA CÂMARA CÍVEL 




EMBARGOS DE DECLARAÇÃO NA APELAÇÃO CÍVEL N° 0030490-34.2021.8.17.2810




JUÍZO DE ORIGEM: 2ª Vara Cível da Comarca de Jaboatão dos Guararapes




EMBARGANTES/APELANTES: Eliane Maria de Sena Silva e Rinaldo Gomes da Silva 




EMBARGADOS/APELADOS: Eduardo Silva dos Santos; Cristiano Antônio dos Santos; Lindinalva Ferreira da Silva




RELATOR: Des. Agenor Ferreira de Lima Filho




 




 




VOTO 




 




Presentes os pressupostos de admissibilidade recursal, conheço dos embargos de declaração. 




Trata-se de Embargos de Declaração opostos por ELIANE MARIA DE SENA SILVA e RINALDO GOMES DA SILVA, com fundamento no art. 1.022, II, do Código de Processo Civil, em face de acórdão desta Quinta Câmara Cível que negou provimento à Apelação Cível por eles interposta, mantendo a sentença de improcedência proferida nos autos da Ação de Reintegração de Posse. 




Os Embargantes alegam omissão no acórdão quanto à análise da preliminar de nulidade processual suscitada no recurso de apelação, por meio da qual requereram a decretação da revelia de todos os apelados. Sustentam, em síntese, que o voto condutor teria examinado apenas a situação do apelado Eduardo Silva dos Santos, sem se pronunciar expressamente sobre os corréus Cristiano Antônio dos Santos e Lindinalva Ferreira da Silva, cujas defesas, no entender dos recorrentes, teriam sido apresentadas fora do prazo legal. 




Assiste parcial razão aos Embargantes, apenas quanto à necessidade de integração do julgado. 




De fato, o acórdão embargado consignou ser irrelevante, para o deslinde da controvérsia, a revelia do Sr. Eduardo Silva dos Santos, destacando que sua inércia processual não teria o alcance de suprir a deficiência probatória da parte autora, nem de gerar presunção automática acerca dos fatos constitutivos do direito alegado, sobretudo em matéria possessória. 




Contudo, embora a fundamentação adotada tenha enfrentado o ponto essencial da controvérsia, qual seja, a insuficiência de prova da posse anterior e do esbulho possessório, não houve manifestação expressa e individualizada quanto ao pedido de decretação da revelia dos corréus Cristiano Antônio dos Santos e Lindinalva Ferreira da Silva, formulado em sede de preliminar na apelação. 




A omissão, portanto, deve ser sanada. 




Passo, assim, à integração do julgado. 




A preliminar de nulidade processual suscitada pelos apelantes, fundada na alegada apresentação intempestiva das defesas de Cristiano Antônio dos Santos e Lindinalva Ferreira da Silva, não tem aptidão para modificar a conclusão adotada no acórdão embargado. 




Ainda que se admitisse, apenas para fins argumentativos, a revelia dos referidos corréus, tal circunstância não conduziria, por si só, à procedência automática da pretensão possessória deduzida na origem. Isso porque a revelia não dispensa a parte autora de comprovar os fatos constitutivos de seu direito, especialmente quando se trata de ação possessória, em que se exige demonstração minimamente segura da posse anterior e da ofensa possessória alegada.




Nas ações possessórias, a controvérsia não se resolve pela simples ausência de defesa tempestiva, nem pela mera apresentação de documento particular relacionado ao imóvel. A proteção jurisdicional se dirige à posse, enquanto situação fática exteriorizada, concreta e objetivamente verificável. Por isso, incumbia aos autores demonstrar que exerciam poder de fato sobre os lotes litigiosos e que foram efetivamente privados dessa posse por ato dos demandados.




Foi precisamente essa prova que não se produziu.




O acórdão embargado assentou, de forma clara, que os autores não trouxeram aos autos elementos mínimos aptos a demonstrar o exercício da posse sobre os lotes de terreno 04 e 05, tampouco comprovaram o alegado esbulho. Também se registrou a ausência de documentos materiais, tais como cadastro municipal, faturas de serviços públicos, registros administrativos, comunicação formal, fotografias datadas ou qualquer outro elemento que conferisse suporte objetivo à narrativa inicial.




Além disso, a prova oral foi considerada insuficiente, pois o depoimento do informante Gleibson Wandson da Silva, genro dos autores, não descreveu atos concretos e contínuos de posse exercidos pelos demandantes, limitando-se a relato genérico, incapaz de comprovar ocupação efetiva, vigilância permanente, uso regular, realização de benfeitorias, cercamento ou exploração do imóvel. 




Também se destacou que os autores sequer indicaram a data do esbulho na petição inicial, circunstância relevante em demanda possessória, e que, embora oportunizada a produção de provas, os próprios autores pugnaram pelo julgamento antecipado da lide, assumindo o risco processual decorrente da fragilidade do acervo probatório então existente.




Nesse contexto, a eventual decretação de revelia de Cristiano Antônio dos Santos e Lindinalva Ferreira da Silva não alteraria o resultado do julgamento, pois permaneceria ausente prova minimamente segura dos requisitos indispensáveis ao acolhimento da reintegração de posse.




A presunção decorrente da revelia é relativa e não autoriza o acolhimento de pedido quando o conjunto dos autos não confirma os fatos constitutivos do direito alegado. Em matéria possessória, tal conclusão se impõe com ainda maior razão, pois a procedência da demanda depende da demonstração concreta da posse anterior e da perda injusta dessa posse, não bastando a presunção abstrata de veracidade das alegações autorais.




Assim, sanada a omissão apontada, conclui-se que a preliminar de nulidade processual suscitada na apelação deve ser rejeitada, pois a alegada revelia dos corréus Cristiano Antônio dos Santos e Lindinalva Ferreira da Silva, ainda que fosse reconhecida, não supriria a ausência de comprovação dos requisitos da proteção possessória.




Dessa forma, os embargos merecem parcial acolhimento apenas para integrar a fundamentação do acórdão, sem atribuição de efeitos modificativos.




Ante o exposto, voto no sentido de ACOLHER PARCIALMENTE os embargos de declaração, sem efeitos infringentes, apenas para sanar a omissão apontada e integrar o acórdão embargado, mantendo-se, em todos os seus termos, o resultado do julgamento que negou provimento à Apelação Cível.




É como voto.




Local, data e assinatura registrados no sistema.




 




 




Des. Agenor Ferreira de Lima Filho




Relator




lm




 




 










 




Demais votos:




 










Ementa:




 







Tribunal de Justiça de Pernambuco
 Poder Judiciário
Gabinete do Des. Agenor Ferreira de Lima Filho




Rua Imperador Dom Pedro II, 207, Fórum Paula Batista, Santo Antônio, RECIFE - PE - CEP: 50010-240    - F:(81) 31819113




 




 




QUINTA CÂMARA CÍVEL 




EMBARGOS DE DECLARAÇÃO NA APELAÇÃO CÍVEL N° 0030490-34.2021.8.17.2810




JUÍZO DE ORIGEM: 2ª Vara Cível da Comarca de Jaboatão dos Guararapes 




EMBARGANTES/APELANTES: Eliane Maria de Sena Silva e Rinaldo Gomes da Silva




EMBARGADOS/APELADOS: Eduardo Silva dos Santos; Cristiano Antônio dos Santos; Lindinalva Ferreira da Silva




RELATOR: Des. Agenor Ferreira de Lima Filho




 




Ementa: DIREITO PROCESSUAL CIVIL E DIREITO CIVIL. EMBARGOS DE DECLARAÇÃO. AÇÃO DE REINTEGRAÇÃO DE POSSE. OMISSÃO QUANTO À PRELIMINAR DE NULIDADE PROCESSUAL. PEDIDO DE DECRETAÇÃO DE REVELIA DE CORRÉUS. PRESUNÇÃO RELATIVA. INSUFICIÊNCIA DE PROVA DA POSSE ANTERIOR E DO ESBULHO. EMBARGOS PARCIALMENTE ACOLHIDOS, SEM EFEITOS INFRINGENTES.









I. CASO EM EXAME



1. Embargos de Declaração opostos por Eliane Maria de Sena Silva e Rinaldo Gomes da Silva, com fundamento no art. 1.022, II, do Código de Processo Civil, contra acórdão que negou provimento à Apelação Cível por eles interposta e manteve sentença de improcedência em Ação de Reintegração de Posse. Os embargantes alegaram omissão quanto à preliminar de nulidade processual suscitada na apelação, relativa ao pedido de decretação da revelia dos apelados, sustentando que o acórdão teria examinado apenas a situação de Eduardo Silva dos Santos, sem se pronunciar expressamente sobre os corréus Cristiano Antônio dos Santos e Lindinalva Ferreira da Silva. 



II. QUESTÃO EM DISCUSSÃO



2. Há duas questões em discussão: (i) definir se o acórdão embargado incorreu em omissão ao não se manifestar expressa e individualizada sobre o pedido de decretação da revelia dos corréus Cristiano Antônio dos Santos e Lindinalva Ferreira da Silva; (ii) estabelecer se a eventual revelia dos referidos corréus teria aptidão para modificar o julgamento de improcedência da Ação de Reintegração de Posse, diante da ausência de prova da posse anterior e do esbulho possessório. 



III. RAZÕES DE DECIDIR



3. O acórdão embargado enfrenta o ponto essencial da controvérsia ao reconhecer a insuficiência de prova da posse anterior e do esbulho possessório, mas deixa de se manifestar de forma expressa e individualizada sobre o pedido de decretação da revelia dos corréus Cristiano Antônio dos Santos e Lindinalva Ferreira da Silva, o que configura omissão sanável por embargos de declaração.




4. A eventual revelia dos corréus Cristiano Antônio dos Santos e Lindinalva Ferreira da Silva não conduz, por si só, à procedência automática da pretensão possessória, pois a revelia não dispensa a parte autora de comprovar os fatos constitutivos de seu direito.




5. Em ação possessória, a proteção jurisdicional dirige-se à posse enquanto situação fática exteriorizada, concreta e objetivamente verificável, de modo que incumbe aos autores demonstrar o exercício de poder de fato sobre os lotes litigiosos e a efetiva privação dessa posse por ato dos demandados.




6. Os autores não produzem elementos mínimos aptos a comprovar o exercício da posse sobre os lotes de terreno 04 e 05, nem o alegado esbulho, inexistindo documentos materiais, como cadastro municipal, faturas de serviços públicos, registros administrativos, comunicação formal, fotografias datadas ou outros elementos objetivos de suporte à narrativa inicial.




7. A prova oral não comprova atos concretos e contínuos de posse dos autores, pois o depoimento do informante Gleibson Wandson da Silva, genro dos demandantes, limita-se a relato genérico e não demonstra ocupação efetiva, vigilância permanente, uso regular, realização de benfeitorias, cercamento ou exploração do imóvel.




8. A ausência de indicação da data do esbulho na petição inicial fragiliza a pretensão possessória, especialmente porque os próprios autores, embora oportunizada a produção de provas, requereram o julgamento antecipado da lide e assumiram o risco processual decorrente da insuficiência do acervo probatório.




9. A presunção decorrente da revelia é relativa e não autoriza o acolhimento do pedido quando o conjunto dos autos não confirma os fatos constitutivos do direito alegado, sobretudo em matéria possessória, na qual se exige demonstração concreta da posse anterior e da perda injusta dessa posse.




10. Sanada a omissão, a preliminar de nulidade processual deve ser rejeitada, pois a alegada revelia dos corréus, ainda que reconhecida, não supriria a ausência de comprovação dos requisitos indispensáveis à reintegração de posse. 




 



IV. DISPOSITIVO E TESE



11. Embargos de declaração parcialmente acolhidos, sem efeitos infringentes. Tese de julgamento: “A omissão do acórdão quanto ao exame individualizado de preliminar recursal deve ser sanada por embargos de declaração quando houver ponto expressamente suscitado pela parte; A revelia em ação possessória produz presunção relativa e não dispensa a parte autora de comprovar a posse anterior e o esbulho; A ausência de prova minimamente segura do exercício concreto da posse e da ofensa possessória impede a procedência da reintegração de posse, ainda que se admita a revelia dos réus.”




______________________________




 




ACÓRDÃO




 




         Vistos, relatados e discutidos o presente recurso, acordam Excelentíssimos Desembargadores integrantes da Quinta Câmara Cível do Egrégio Tribunal de Justiça do Estado de Pernambuco, à unanimidade de votos, acolher parcialmente os embargos de declaração sem efeitos infrigentes, tudo nos termos do voto do Relator e Notas Taquigráficas, se houver, que passam a fazer parte integrante do presente aresto.




Local, data e assinatura registrados no sistema.




 




Des. Agenor Ferreira de Lima Filho




Relator




lm




 




 










Proclamação da decisão:




À unanimidade de votos, foram acolhidos parcialmente os Embargos de Declaração, nos termos do voto da Relatoria.










Magistrados: [AGENOR FERREIRA DE LIMA FILHO, SILVIO NEVES BAPTISTA FILHO, LUIZ GUSTAVO MENDONÇA DE ARAÚJO]
















RECIFE, 31 de julho de 2026




 




 




 




 




 




 




 




Magistrado


      
DOCUMENTO 14  
Acompanhamento Processual
Resultado sem Formatação
Imprimir
ACÓRDÃO
PROCESSO
0004757-96.2025.8.17.9480 
CLASSE CNJ
202 Agravo de Instrumento
ASSUNTO CNJ
8843 Assistência Judiciária Gratuita
RELATOR(A)
DAMIAO SEVERIANO DE SOUSA
ÓRGÃO JULGADOR
Gabinete do Des. José Severino Barbosa (1ª TCRC)
DATA DE JULGAMENTO
31/07/2026
DATA DA PUBLICAÇÃO/FONTE
31/07/2026
MEIO DE TRAMITAÇÃO
ELETRONICO
EMENTA

        

CÂMARA REGIONAL DE CARUARU – 1ª TURMA




AGRAVO DE INSTRUMENTO N° 0004757-96.2025.8.17.9480




JUÍZO DE ORIGEM: 1ª VARA DA COMARCA DE BEZERROS – PE




AGRAVANTE: MARIA MARLUCE DOS SANTOS SILVA




AGRAVADAS: LÍVIA BEZERRA DOS SANTOS SILVA, CLAUDIA BEZERRA GONZAGA DOS SANTOS, LUCIANA BEZERRA DOS SANTOS VASCONCELOS E SHEILA ALBUQUERQUE DOS SANTOS




RELATOR SUBSTITUTO: DES. PAULO VICTOR VASCONCELOS DE ALMEIDA




 




EMENTA: DIREITO PROCESSUAL CIVIL. AGRAVO DE INSTRUMENTO. QUERELA NULLITATIS. ALEGAÇÃO DE MATÉRIAS DE ORDEM PÚBLICA. AUSÊNCIA DE PROBABILIDADE DE PROVIMENTO. RECURSO DESPROVIDO.




I. Caso em exame




1. Agravo de instrumento interposto contra decisão que indeferiu requerimentos formulados pela ré em ação declaratória de inexistência de sentença (querela nullitatis), sob o fundamento de preclusão temporal. A agravante sustenta que as matérias suscitadas — legitimidade ad causam, interesse processual e ausência de litisconsórcio necessário — possuem natureza de ordem pública e podem ser apreciadas a qualquer tempo.




II. Questão em discussão




2. A questão em discussão consiste em saber se as matérias suscitadas pela agravante afastam a incidência da preclusão temporal e se estão presentes os requisitos para reforma da decisão recorrida.




III. Razões de decidir




3. A decisão agravada não impede a futura apreciação de eventuais nulidades absolutas, limitando-se ao indeferimento dos requerimentos apresentados fora do momento processual adequado.




4. Parte dos fundamentos invocados no recurso não foi submetida ao juízo de origem, configurando inovação recursal vedada nesta instância.




5. Em juízo de cognição sumária, verifica-se a presença de legitimidade e interesse processual das autoras da ação originária, inexistindo probabilidade de provimento do recurso ou risco concreto de dano grave.IV. Dispositivo e tese 




6. Recurso desprovido. Agravo interno prejudicado.




 




Tese de julgamento: "1. O indeferimento de requerimentos incidentais não impede a posterior apreciação de nulidades absolutas eventualmente reconhecíveis de ofício. 2. É vedada a inovação recursal mediante apresentação de fundamentos não submetidos previamente ao juízo de origem. 3. Ausente a demonstração da probabilidade de provimento do recurso e do perigo de dano, impõe-se a manutenção da decisão agravada."




 




Dispositivos relevantes citados: CPC, arts. 223, 300 e 507.




Jurisprudência relevante citada: TJSP, Apelação Cível nº 1008631-08.2019.8.26.0047, 4ª Câmara de Direito Privado, j. 07.10.2025.




 




ACÓRDÃO




Vistos, relatados e discutidos os presentes autos do Agravo de Instrumento nº 0004757-96.2025.8.17.9480; Recorrente: Maria Marluce dos Santos Silva; Recorrido: Lívia Bezerra dos Santos Silva, Cláudia Bezerra Gonzaga dos Santos, Luciana Bezerra dos Santos Vasconcelos e Sheila Albuquerque dos Santos: ACORDAM os Desembargadores que integram a 1ª Turma da Primeira Câmara Regional de Caruaru do Tribunal de Justiça de Pernambuco, à unanimidade, em conhecer e negar provimento ao recurso, julgando prejudicado o agravo interno, na conformidade do relatório e dos votos proferidos neste julgamento




 




Caruaru, data da assinatura eletrônica.




 




DES. PAULO VICTOR VASCONCELOS DE ALMEIDA




RELATOR SUBSTITUTO




(9)


      
ACÓRDÃO

        

Tribunal de Justiça de Pernambuco
 Poder Judiciário


Primeira Turma da Câmara Regional de Caruaru

  - F:(  ) 

Processo nº 0004757-96.2025.8.17.9480

AGRAVANTE: MARIA MARLUCE DOS SANTOS SILVA

AGRAVADO(A): LIVIA BEZERRA DOS SANTOS SILVA, CLAUDIA BEZERRA GONZAGA DOS SANTOS, LUCIANA BEZERRA DOS SANTOS VASCONCELOS, SHEILA ALBUQUERQUE DOS SANTOS




INTEIRO TEOR




Relator: 
PAULO VICTOR VASCONCELOS DE ALMEIDA




Relatório:

CÂMARA REGIONAL DE CARUARU – 1ª TURMA




AGRAVO DE INSTRUMENTO N° 0004757-96.2025.8.17.9480




JUÍZO DE ORIGEM: 1ª VARA DA COMARCA DE BEZERROS – PE




AGRAVANTE: MARIA MARLUCE DOS SANTOS SILVA




AGRAVADAS: LÍVIA BEZERRA DOS SANTOS SILVA, CLAUDIA BEZERRA GONZAGA DOS SANTOS, LUCIANA BEZERRA DOS SANTOS VASCONCELOS E SHEILA ALBUQUERQUE DOS SANTOS




RELATOR SUBSTITUTO: DES. PAULO VICTOR VASCONCELOS DE ALMEIDA




 




RELATÓRIO




 




Cuida-se de Agravo de Instrumento interposto por Maria Marluce dos Santos Silva em face de Lívia Bezerra dos Santos Silva, Cláudia Bezerra Gonzaga dos Santos, Luciana Bezerra dos Santos Vasconcelos e Sheila Albuquerque dos Santos, nos autos do processo originário de Ação Declaratória de Inexistência de Sentença (Querela Nullitatis), processo n° 0001604-92.2023.8.17.2280, em trâmite perante a 1ª Vara da Comarca de Bezerros – PE.




Na decisão proferida (ID 220120159), o juízo de origem indeferiu os requerimentos formulados pela parte ré nos IDs 178098141 e 186221140, ao fundamento de que as matérias ali suscitadas deveriam ter sido trazidas nas preliminares da contestação, aplicando-se, portanto, a preclusão temporal prevista nos arts. 223 e 507 do CPC.




Nas razões do recurso (ID 55068082), a parte agravante sustenta que:




 




a)    as matérias versadas nos referidos requerimentos tratam de questões de ordem pública, tais como legitimidade ad causam, interesse processual e nulidade por ausência de litisconsórcio necessário;




b)    referidas matérias não se submetem à preclusão temporal e podem ser conhecidas a qualquer tempo, inclusive de ofício;




c)    houve omissão do juízo de origem quanto à análise dessas questões;




d)    requer a concessão de efeito suspensivo para paralisar os efeitos da decisão de indeferimento e permitir o imediato reexame das questões suscitadas..




Em decisão liminar (ID 55965492), foi indeferido o pleito de suspensão dos efeitos da decisão impugnada e determinada a intimação para contrarrazões.




Nas contrarrazões (ID 56777994), a parte agravada alega que: 




a) deve ser indeferido ou revogado o benefício da gratuidade da justiça à agravante, alegando que não houve comprovação de hipossuficiência e que há sinais de capacidade financeira, como a execução de uma obra de alto valor; 




b) ocorreu a preclusão temporal e inovação recursal, pois as matérias de legitimidade e interesse processual não foram arguidas no momento oportuno da contestação; 




c) as agravadas possuem plena legitimidade ativa e interesse processual na querela nullitatis, na qualidade de herdeiras necessárias por representação do imóvel que pertencia à sua avó e deveria ter sido objeto de inventário; e 




d) o agravo deve ser desprovido para manter a suspensão da obra, visto que a ação de usucapião anterior é eivada de vícios insanáveis, notadamente a ausência de citação de herdeiros necessários e o uso de escritura de compra e venda simulada sem o consentimento dos demais descendentes.




A parte agravante interpôs agravo interno, em que defende: 




a) o direito à prioridade na tramitação do processo por sua condição de pessoa idosa; 




b) a existência de risco de dano grave e de difícil reparação, consubstanciado no agravamento de sua saúde física e mental e no falecimento de seu esposo em decorrência do embargo da obra de sua moradia, além do prejuízo financeiro causado pelo pagamento de aluguéis;




c) a ilegitimidade ativa das agravadas e a ocorrência de defeitos processuais insanáveis, como a ausência de litisconsortes necessários e a consolidação da propriedade por usucapião antes do falecimento do herdeiro, o que impõe a extinção do feito de origem sem resolução de mérito; e 




d) que a decisão monocrática deve ser reformada para conceder efeito suspensivo ao recurso, permitindo a continuidade da construção, uma vez que as questões de ordem pública suscitadas não precluem e demonstram a probabilidade do provimento recursal.




 




 




É o que importa relatar.




Inclua-se o feito em pauta.




Caruaru, data da assinatura eletrônica.




 




DES. PAULO VICTOR VASCONCELOS DE ALMEIDA




RELATOR SUBSTITUTO




(9)




Voto vencedor:

CÂMARA REGIONAL DE CARUARU – 1ª TURMA




AGRAVO DE INSTRUMENTO N° 0004757-96.2025.8.17.9480




JUÍZO DE ORIGEM: 1ª VARA DA COMARCA DE BEZERROS – PE




AGRAVANTE: MARIA MARLUCE DOS SANTOS SILVA




AGRAVADAS: LÍVIA BEZERRA DOS SANTOS SILVA, CLAUDIA BEZERRA GONZAGA DOS SANTOS, LUCIANA BEZERRA DOS SANTOS VASCONCELOS E SHEILA ALBUQUERQUE DOS SANTOS




RELATOR SUBSTITUTO: DES. PAULO VICTOR VASCONCELOS DE ALMEIDA




 




 




VOTO DO RELATOR




 




Conforme relatado, e presentes os pressupostos de admissibilidade, conheço do recurso e passo a apreciá-lo.




O cerne da presente questão diz respeito à possibilidade de reconhecimento e apreciação, em momento posterior à apresentação da contestação, de matérias alegadamente qualificadas como de ordem pública — notadamente a legitimidade ad causam, o interesse processual e a nulidade decorrente da ausência de litisconsórcio necessário — suscitadas pela ré em Ação Declaratória de Inexistência de Sentença (Querela Nullitatis), bem como à incidência ou não da preclusão temporal sobre tais questões.




Pois bem.




Ainda que a agravante invoque fundamentos respeitáveis no que se refere à inaplicabilidade da preclusão às matérias de ordem pública, é de se observar que a decisão agravada não impede a análise futura dos temas em momento processual oportuno, tampouco encerra a discussão sobre a existência de nulidades absolutas.




Ressalte-se, ademais, que os requerimentos protocolados nos IDs 178098141 e 186221140 não trataram de incompetência absoluta, cerceamento do direito de defesa ou violação a norma de direito público estruturante do processo, matérias estas que somente foram articuladas em sede recursal, caracterizando, portanto, inovação recursal, o que é vedado nesta instância.




Ainda que se reconheça que temas como legitimidade de parte e interesse processual sejam, em regra, matérias de ordem pública e possam ser objeto de apreciação ex officio, não se vislumbra, a princípio, ausência desses requisitos no caso em apreço. Os autores da ação originária são netos da falecida, e ingressaram com a ação por representação do pai pré-morto, fundamentando-se no direito sucessório previsto no ordenamento jurídico, o que, ao menos em juízo de delibação, indica a presença de legitimidade e interesse para agir.




Nesse sentido:




APELAÇÃO. AÇÃO DECLARATÓRIA DE NULIDADE DE SENTENÇA (QUERELA NULLITATIS). USUCAPIÃO. AUSÊNCIA DE CITAÇÃO VÁLIDA DE LITISCONSORTES NECESSÁRIOS . VÍCIO INSANÁVEL. Cabível a ação declaratória de nulidade de sentença (querela nullitatis insanabilis) quando demonstrada a existência de vício transrescisório, como a ausência de citação válida de litisconsorte necessário em Ação de Usucapião. Legitimidade ativa reconhecida, diante da comprovação documental de cadeia dominial e sucessão hereditária. Constatada a nulidade da citação de proprietário já falecido, sem habilitação do espólio, bem como da citação da coproprietária, recebida por terceiro estranho à lide . Vício que compromete a formação da relação processual e conduz à ineficácia da sentença de usucapião, passível de desconstituição a qualquer tempo. Sentença mantida. Recurso a que se NEGA PROVIMENTO.




(TJ-SP - Apelação Cível: 10086310820198260047 Assis, Relator.: Fatima Cristina Ruppert Mazzo, Data de Julgamento: 07/10/2025, 4ª Câmara de Direito Privado, Data de Publicação: 07/10/2025)




(Grifei)




 




Portanto, a insurgência da agravante, ainda que lastreada em argumentos técnicos, não evidencia, probabilidade suficiente de provimento do recurso




No tocante ao risco de dano grave e de difícil reparação, não restou demonstrado qualquer prejuízo concreto e imediato à parte agravante em razão do indeferimento das petições incidentais.




A decisão impugnada não encerra a discussão do mérito, tampouco prejudica a instrução da causa ou impede eventual rediscussão das matérias levantadas. Destarte, inexiste urgência que justifique a antecipação dos efeitos do recurso.




CONCLUSÃO




Ante o exposto, voto no sentido de NEGAR PROVIMENTO ao recurso de Agravo de Instrumento, mantendo a decisão em seus termos.




Agravo interno prejudicado.




É como voto.




 




Caruaru, na data da assinatura eletrônica.




 




DES. PAULO VICTOR VASCONCELOS DE ALMEIDA




RELATOR SUBSTITUTO




 (9)




 

Demais votos:




Ementa:

CÂMARA REGIONAL DE CARUARU – 1ª TURMA




AGRAVO DE INSTRUMENTO N° 0004757-96.2025.8.17.9480




JUÍZO DE ORIGEM: 1ª VARA DA COMARCA DE BEZERROS – PE




AGRAVANTE: MARIA MARLUCE DOS SANTOS SILVA




AGRAVADAS: LÍVIA BEZERRA DOS SANTOS SILVA, CLAUDIA BEZERRA GONZAGA DOS SANTOS, LUCIANA BEZERRA DOS SANTOS VASCONCELOS E SHEILA ALBUQUERQUE DOS SANTOS




RELATOR SUBSTITUTO: DES. PAULO VICTOR VASCONCELOS DE ALMEIDA




 




EMENTA: DIREITO PROCESSUAL CIVIL. AGRAVO DE INSTRUMENTO. QUERELA NULLITATIS. ALEGAÇÃO DE MATÉRIAS DE ORDEM PÚBLICA. AUSÊNCIA DE PROBABILIDADE DE PROVIMENTO. RECURSO DESPROVIDO.




I. Caso em exame




1. Agravo de instrumento interposto contra decisão que indeferiu requerimentos formulados pela ré em ação declaratória de inexistência de sentença (querela nullitatis), sob o fundamento de preclusão temporal. A agravante sustenta que as matérias suscitadas — legitimidade ad causam, interesse processual e ausência de litisconsórcio necessário — possuem natureza de ordem pública e podem ser apreciadas a qualquer tempo.




II. Questão em discussão




2. A questão em discussão consiste em saber se as matérias suscitadas pela agravante afastam a incidência da preclusão temporal e se estão presentes os requisitos para reforma da decisão recorrida.




III. Razões de decidir




3. A decisão agravada não impede a futura apreciação de eventuais nulidades absolutas, limitando-se ao indeferimento dos requerimentos apresentados fora do momento processual adequado.




4. Parte dos fundamentos invocados no recurso não foi submetida ao juízo de origem, configurando inovação recursal vedada nesta instância.




5. Em juízo de cognição sumária, verifica-se a presença de legitimidade e interesse processual das autoras da ação originária, inexistindo probabilidade de provimento do recurso ou risco concreto de dano grave.IV. Dispositivo e tese 




6. Recurso desprovido. Agravo interno prejudicado.




 




Tese de julgamento: "1. O indeferimento de requerimentos incidentais não impede a posterior apreciação de nulidades absolutas eventualmente reconhecíveis de ofício. 2. É vedada a inovação recursal mediante apresentação de fundamentos não submetidos previamente ao juízo de origem. 3. Ausente a demonstração da probabilidade de provimento do recurso e do perigo de dano, impõe-se a manutenção da decisão agravada."




 




Dispositivos relevantes citados: CPC, arts. 223, 300 e 507.




Jurisprudência relevante citada: TJSP, Apelação Cível nº 1008631-08.2019.8.26.0047, 4ª Câmara de Direito Privado, j. 07.10.2025.




 




ACÓRDÃO




Vistos, relatados e discutidos os presentes autos do Agravo de Instrumento nº 0004757-96.2025.8.17.9480; Recorrente: Maria Marluce dos Santos Silva; Recorrido: Lívia Bezerra dos Santos Silva, Cláudia Bezerra Gonzaga dos Santos, Luciana Bezerra dos Santos Vasconcelos e Sheila Albuquerque dos Santos: ACORDAM os Desembargadores que integram a 1ª Turma da Primeira Câmara Regional de Caruaru do Tribunal de Justiça de Pernambuco, à unanimidade, em conhecer e negar provimento ao recurso, julgando prejudicado o agravo interno, na conformidade do relatório e dos votos proferidos neste julgamento




 




Caruaru, data da assinatura eletrônica.




 




DES. PAULO VICTOR VASCONCELOS DE ALMEIDA




RELATOR SUBSTITUTO




(9)




Proclamação da decisão:

"À unanimidade de votos, julgou-se o processo nos termos do voto da relatoria".




Magistrados: [ALEXANDRE FREIRE PIMENTEL, LUCIANO DE CASTRO CAMPOS, PAULO VICTOR VASCONCELOS DE ALMEIDA]







, 31 de julho de 2026

 

 

 

 

 

 

 

Magistrado


      
DOCUMENTO 15  
Acompanhamento Processual
Resultado sem Formatação
Imprimir
ACÓRDÃO
PROCESSO
0002627-36.2025.8.17.9480 
CLASSE CNJ
202 Agravo de Instrumento
ASSUNTO CNJ
7687 Inventário e Partilha
RELATOR(A)
DAMIAO SEVERIANO DE SOUSA
ÓRGÃO JULGADOR
Gabinete do Des. José Severino Barbosa (1ª TCRC)
DATA DE JULGAMENTO
31/07/2026
DATA DA PUBLICAÇÃO/FONTE
31/07/2026
MEIO DE TRAMITAÇÃO
ELETRONICO
EMENTA

        

CÂMARA REGIONAL DE CARUARU – 1ª TURMA




AGRAVO DE INSTRUMENTO N° 0002627-36.2025.8.17.9480




JUÍZO DE ORIGEM: 6ª VARA CÍVEL DA COMARCA DE CARUARU




AGRAVANTE: SEVERINO JOSÉ DA SILVA




AGRAVADO: ESPÓLIO DE BEATRIZ SEVERINA DA SILVA




RELATOR SUBSTITUTO: DES. PAULO VICTOR VASCONCELOS DE ALMEIDA




 




EMENTA: DIREITO PROCESSUAL CIVIL. AGRAVO DE INSTRUMENTO. INVENTÁRIO E USUCAPIÃO. INEXISTÊNCIA DE CONEXÃO. SUSPENSÃO PARCIAL DO INVENTÁRIO. RECURSO DESPROVIDO.




I. Caso em exame




1. Agravo de instrumento interposto contra decisão que indeferiu o pedido de reunião da ação de inventário com ação de usucapião envolvendo imóvel integrante do espólio e determinou a suspensão do inventário apenas quanto ao bem litigioso até o trânsito em julgado da demanda possessória.




II. Questão em discussão




2. A questão em discussão consiste em saber: (i) se há conexão apta a justificar a reunião da ação de inventário com a ação de usucapião; e (ii) se é legítima a suspensão parcial do inventário em razão da prejudicialidade externa decorrente da ação de usucapião.




III. Razões de decidir




3. Não há conexão entre as ações de inventário e usucapião, por possuírem causas de pedir e pedidos distintos, sendo insuficiente a existência de herdeiros comuns ou a discussão sobre o mesmo imóvel.




4. A reunião dos processos prevista no art. 55, § 3º, do CPC constitui faculdade do julgador, sendo adequada a solução adotada pelo juízo de origem para evitar decisões potencialmente conflitantes acerca da titularidade do bem.




5. A suspensão parcial do inventário encontra amparo no art. 313, V, “a”, do CPC, diante da prejudicialidade externa da ação de usucapião, inexistindo demonstração de prejuízo concreto decorrente da medida.




IV. Dispositivo e tese 




6. Recurso desprovido.




Tese de julgamento: “1. Não há conexão entre ação de inventário e ação de usucapião quando distintos os pedidos e as causas de pedir. 2. A suspensão parcial do inventário quanto ao bem objeto de ação de usucapião é medida legítima para resguardar a segurança jurídica e evitar decisões conflitantes.”




 




Dispositivos relevantes citados: CPC, arts. 55, § 3º, 313, V, “a”, e 610; CC, arts. 1.239 e seguintes.




Jurisprudência relevante citada: TJPE, Conflito de Competência Cível nº 0001264-82.2023.8.17.9480, Rel. Des. Alexandre Freire Pimentel, j. 18.03.2024; TJPE, Conflito de Competência Cível nº 0011900-97.2020.8.17.9000, Rel. Des. Gabriel de Oliveira Cavalcanti Filho, j. 31.01.2024.




 




ACÓRDÃO




Vistos, relatados e discutidos os presentes autos do Agravo de Instrumento nº 0002627-36.2025.8.17.9480; Recorrente: Severino José da Silva; Recorrido: Espólio de Beatriz Severina da Silva: ACORDAM os Desembargadores que integram a 1ª Turma da Primeira Câmara Regional de Caruaru do Tribunal de Justiça de Pernambuco, à unanimidade, em conhecer e negar provimento ao recurso, na conformidade do relatório e dos votos proferidos neste julgamento.




 




Caruaru, data da assinatura eletrônica.




 




DES. PAULO VICTOR VASCONCELOS DE ALMEIDA




RELATOR SUBSTITUTO




(9)


      
ACÓRDÃO

        

Tribunal de Justiça de Pernambuco
 Poder Judiciário


Primeira Turma da Câmara Regional de Caruaru

  - F:(  ) 

Processo nº 0002627-36.2025.8.17.9480

AGRAVANTE: SEVERINO JOSE DA SILVA

ESPÓLIO - REQUERIDO: BEATRIZ SEVERINA DA SILVA

AGRAVADO(A): WAGNO JOSE DE LUCENA SILVA






INTEIRO TEOR




Relator: 
PAULO VICTOR VASCONCELOS DE ALMEIDA




Relatório:

CÂMARA REGIONAL DE CARUARU – 1ª TURMA




AGRAVO DE INSTRUMENTO N° 0002627-36.2025.8.17.9480




JUÍZO DE ORIGEM: 6ª VARA CÍVEL DA COMARCA DE CARUARU




AGRAVANTE: SEVERINO JOSÉ DA SILVA




AGRAVADO: ESPÓLIO DE BEATRIZ SEVERINA DA SILVA




RELATOR SUBSTITUTO: DES. PAULO VICTOR VASCONCELOS DE ALMEIDA




 




RELATÓRIO




 




Cuida-se de Agravo de Instrumento interposto por SEVERINO JOSÉ DA SILVA em face do ESPÓLIO DE BEATRIZ SEVERINA DA SILVA, nos autos do processo originário de AÇÃO DE INVENTÁRIO n° 0005883-35.2025.8.17.2480, em trâmite perante a 6ª Vara Cível da Comarca de Caruaru.




Na decisão proferida (ID nº 50254886), o juízo de origem indeferiu o pedido de reunião do Inventário com a Ação de Usucapião nº 0007864-75.2020.8.17.2480 e determinou a suspensão do inventário quanto ao bem objeto da referida ação possessória, até o trânsito em julgado desta última.




Nas razões do recurso (ID 50254880), a parte agravante sustenta que a existência de herdeiros comuns em ambas as ações, bem como a identidade do imóvel discutido exigiriam a reunião dos feitos para julgamento conjunto. 




Argumenta ainda que a suspensão do inventário implicaria morosidade excessiva, e que não haveria justificativa para aguardar o trânsito em julgado da ação possessória para dar prosseguimento ao inventário.




Em decisão liminar (ID 51079029), foi indeferido o pleito de suspensão dos efeitos da decisão impugnada e determinada a intimação para contrarrazões.




Sem contrarrazões.




É o que importa relatar.




Inclua-se o feito em pauta.




Caruaru, data da assinatura eletrônica.




 




DES. PAULO VICTOR VASCONCELOS DE ALMEIDA




 




RELATOR SUBSTITUTO




(9)




Voto vencedor:

CÂMARA REGIONAL DE CARUARU – 1ª TURMA




AGRAVO DE INSTRUMENTO N° 0002627-36.2025.8.17.9480




JUÍZO DE ORIGEM: 6ª VARA CÍVEL DA COMARCA DE CARUARU




AGRAVANTE: SEVERINO JOSÉ DA SILVA




AGRAVADO: ESPÓLIO DE BEATRIZ SEVERINA DA SILVA




RELATOR SUBSTITUTO: DES. PAULO VICTOR VASCONCELOS DE ALMEIDA




 




VOTO DO RELATOR




 




Conforme relatado, e presentes os pressupostos de admissibilidade, conheço do recurso e passo a apreciá-lo. 




Com efeito, não há conexão entre a Ação de Usucapião (art. 1.239 e seguintes do Código Civil) e a Ação de Inventário (art. 610 e seguintes do CPC/2015). A primeira se funda na posse contínua e ininterrupta com animus domini, objetivando a declaração de aquisição originária da propriedade. Já a Ação de Inventário visa à formalização da sucessão causa mortis e à partilha do patrimônio entre os herdeiros. São demandas com objetos e causas de pedir absolutamente distintos.




Nesse sentido:




EMENTA: CONFLITO DE COMPETÊNCIA CÍVEL. AÇÃO DE USUCAPIÃO ENVOLVENDO IMÓVEL OBJETO DE INVENTÁRIO E PARTILHA. INEXISTÊNCIA DE CONEXÃO . AUSÊNCIA DE RISCO DE DECISÕES CONFLITANTES. COMPETÊNCIA DO JUÍZO DE DIREITO DA 5ª VARA CÍVEL DA COMARCA DE CARUARU. 1. Análise dos autos e manifestação do Ministério Público evidenciando a ausência de conexão entre a ação de usucapião e as ações de inventário e partilha . 2. Aplicação do art. 55 do CPC e jurisprudência pertinente. 3 . Competência confirmada ao Juízo de Direito da 5ª Vara Cível da Comarca de Caruaru. (...)




(TJ-PE - Conflito de competência cível: 00012648220238179480, Relator.: ALEXANDRE FREIRE PIMENTEL, Data de Julgamento: 18/03/2024, Gabinete do Des. Alexandre Freire Pimentel (1ª TCRC))




 




EMENTA: PROCESSUAL CIVIL. CONFLITO NEGATIVO DE COMPETÊNCIA ENTRE O JUÍZO DE DIREITO DA 4ª VARA CÍVEL DA COMARCA DE PETROLINA. JUÍZO DE DIREITO DA 5ª VARA CÍVEL DA COMARCA DE PETROLINA . INEXISTÊNCIA DE CONEXÃO ENTRE A AÇÃO DE INVENTÁRIO E DE USUCAPIÃO. CONFLITO CONHECIDO PARA DECLARAR A COMPETÊNCIA DO JUÍZO SUSCITADO. DECISÃO UNÂNIME. 1 . Não se vislumbra a conexão entre a Ação de Usucapião (art. 1.239 e ss. do C .C) e a Ação de Inventário (art. 610 e ss. do CPC/2015), pois, a primeira funda-se na posse continua e ininterrupta de bem imóvel, sendo o seu objeto a declaração da prescrição aquisitiva, enquanto a segunda busca declarar os direitos dos herdeiros à transmissão patrimonial, sendo a sucessão patrimonial a própria causa de pedir. (...)




(TJ-PE - Conflito de competência cível: 00119009720208179000, Relator.: GABRIEL DE OLIVEIRA CAVALCANTI FILHO, Data de Julgamento: 31/01/2024, Gabinete do Des . Gabriel de Oliveira Cavalcanti Filho (6ª CC))




 




O fato de o autor da Ação de Usucapião ser herdeiro da pessoa falecida que figurava no polo passivo daquela ação não impõe, por si só, a obrigatoriedade de reunião dos processos. Tal circunstância, embora relevante, não altera a natureza jurídica de cada ação.




Além disso, embora o art. 55, §3º do CPC permita a reunião de feitos que possam gerar decisões conflitantes, essa é uma faculdade do julgador, e no caso em tela, a suspensão do inventário com relação ao bem discutido na usucapião já atende a esse objetivo: evitar que se delibere em duplicidade sobre a titularidade do mesmo bem.




Outrossim, a suspensão determinada está amparada no art. 313, V, “a”, do CPC/2015, que permite a paralisação do processo quando houver prejudicialidade externa. E, de fato, o desfecho da ação de usucapião pode afetar diretamente o acervo patrimonial a ser partilhado, sendo plausível, portanto, a decisão de primeiro grau.




Por fim, o agravante não logrou demonstrar que a suspensão parcial do inventário — apenas quanto ao bem litigioso — acarrete prejuízo concreto, atual e irreversível. Ao contrário, o prosseguimento da ação de usucapião permitirá o esclarecimento definitivo da titularidade do bem, evitando futuras nulidades na partilha.




Não se trata, pois, de paralisação de todo o inventário, mas de medida prudencial voltada à preservação da segurança jurídica.




Relembre-se também que tal suspensão evita decisões conflitantes, como já dito acima.




CONCLUSÃO




Ante o exposto, voto no sentido de NEGAR PROVIMENTO ao recurso, mantendo a decisão em seus termos.




É como voto.




 




Caruaru, na data da assinatura eletrônica.




 




DES. PAULO VICTOR VASCONCELOS DE ALMEIDA




 




RELATOR SUBSTITUTO




 (9)




 

Demais votos:




Ementa:

CÂMARA REGIONAL DE CARUARU – 1ª TURMA




AGRAVO DE INSTRUMENTO N° 0002627-36.2025.8.17.9480




JUÍZO DE ORIGEM: 6ª VARA CÍVEL DA COMARCA DE CARUARU




AGRAVANTE: SEVERINO JOSÉ DA SILVA




AGRAVADO: ESPÓLIO DE BEATRIZ SEVERINA DA SILVA




RELATOR SUBSTITUTO: DES. PAULO VICTOR VASCONCELOS DE ALMEIDA




 




EMENTA: DIREITO PROCESSUAL CIVIL. AGRAVO DE INSTRUMENTO. INVENTÁRIO E USUCAPIÃO. INEXISTÊNCIA DE CONEXÃO. SUSPENSÃO PARCIAL DO INVENTÁRIO. RECURSO DESPROVIDO.




I. Caso em exame




1. Agravo de instrumento interposto contra decisão que indeferiu o pedido de reunião da ação de inventário com ação de usucapião envolvendo imóvel integrante do espólio e determinou a suspensão do inventário apenas quanto ao bem litigioso até o trânsito em julgado da demanda possessória.




II. Questão em discussão




2. A questão em discussão consiste em saber: (i) se há conexão apta a justificar a reunião da ação de inventário com a ação de usucapião; e (ii) se é legítima a suspensão parcial do inventário em razão da prejudicialidade externa decorrente da ação de usucapião.




III. Razões de decidir




3. Não há conexão entre as ações de inventário e usucapião, por possuírem causas de pedir e pedidos distintos, sendo insuficiente a existência de herdeiros comuns ou a discussão sobre o mesmo imóvel.




4. A reunião dos processos prevista no art. 55, § 3º, do CPC constitui faculdade do julgador, sendo adequada a solução adotada pelo juízo de origem para evitar decisões potencialmente conflitantes acerca da titularidade do bem.




5. A suspensão parcial do inventário encontra amparo no art. 313, V, “a”, do CPC, diante da prejudicialidade externa da ação de usucapião, inexistindo demonstração de prejuízo concreto decorrente da medida.




IV. Dispositivo e tese 




6. Recurso desprovido.




Tese de julgamento: “1. Não há conexão entre ação de inventário e ação de usucapião quando distintos os pedidos e as causas de pedir. 2. A suspensão parcial do inventário quanto ao bem objeto de ação de usucapião é medida legítima para resguardar a segurança jurídica e evitar decisões conflitantes.”




 




Dispositivos relevantes citados: CPC, arts. 55, § 3º, 313, V, “a”, e 610; CC, arts. 1.239 e seguintes.




Jurisprudência relevante citada: TJPE, Conflito de Competência Cível nº 0001264-82.2023.8.17.9480, Rel. Des. Alexandre Freire Pimentel, j. 18.03.2024; TJPE, Conflito de Competência Cível nº 0011900-97.2020.8.17.9000, Rel. Des. Gabriel de Oliveira Cavalcanti Filho, j. 31.01.2024.




 




ACÓRDÃO




Vistos, relatados e discutidos os presentes autos do Agravo de Instrumento nº 0002627-36.2025.8.17.9480; Recorrente: Severino José da Silva; Recorrido: Espólio de Beatriz Severina da Silva: ACORDAM os Desembargadores que integram a 1ª Turma da Primeira Câmara Regional de Caruaru do Tribunal de Justiça de Pernambuco, à unanimidade, em conhecer e negar provimento ao recurso, na conformidade do relatório e dos votos proferidos neste julgamento.




 




Caruaru, data da assinatura eletrônica.




 




DES. PAULO VICTOR VASCONCELOS DE ALMEIDA




RELATOR SUBSTITUTO




(9)




Proclamação da decisão:

"À unanimidade de votos, julgou-se o processo nos termos do voto da relatoria".




Magistrados: [ALEXANDRE FREIRE PIMENTEL, LUCIANO DE CASTRO CAMPOS, PAULO VICTOR VASCONCELOS DE ALMEIDA]







, 31 de julho de 2026

 

 

 

 

 

 

 

Magistrado


      
DOCUMENTO 16  
Acompanhamento Processual
Resultado sem Formatação
Imprimir
ACÓRDÃO
PROCESSO
0004846-23.2024.8.17.8230 
CLASSE CNJ
460 Recurso Inominado Cível
ASSUNTO CNJ
7768 Rescisão do contrato e devolução do dinheiro
RELATOR(A)
ANA CAROLINA FERNANDES PAIVA
ÓRGÃO JULGADOR
3º Gabinete da Primeira Turma Recursal Juizados - JECRC - Caruaru
DATA DE JULGAMENTO
31/07/2026
DATA DA PUBLICAÇÃO/FONTE
31/07/2026
MEIO DE TRAMITAÇÃO
ELETRONICO
EMENTA

        
      
ACÓRDÃO

        

Tribunal de Justiça de Pernambuco
 Poder Judiciário


Primeira Turma Recursal - Caruaru

Avenida Portugal, 1234, Universitário, CARUARU - PE - CEP: 55016-400  - F:(  ) 

Processo nº 0004846-23.2024.8.17.8230

RECORRENTE: VALDEMIRA GOMES DE LIMA, JOSE DORGIVAL DE LIMA, FARIAS E SOUSA NEGOCIOS IMOBILIARIOS LTDA

RECORRIDO(A): LUBNI MORAIS FLORENCIO DE SOUZA




INTEIRO TEOR




Relator: 
LUIS VITAL DO CARMO FILHO




Relatório:

RELATÓRIO












Trata-se de Recurso Inominado interposto por JOSÉ DORGIVAL DE LIMA em face de sentença proferida pelo Juízo do Juizado Especial Cível e das Relações de Consumo de Caruaru, nos autos da Ação de Rescisão Contratual c/c Perdas e Danos c/c Danos Morais nº 0004846-23.2024.8.17.8230, ajuizada por LUBNI MORAIS FLORENCIO DE SOUZA.




A demanda originária, veiculada na Petição Inicial (ID 55249692), narra que o autor adquiriu, em 20 de dezembro de 2012, dos demandados Valdemira Gomes de Lima e José Dorgival de Lima, por intermédio da empresa Farias e Sousa Negócios Imobiliários Ltda – ME (Inaldo Imóveis), o lote nº 38, quadra D, do loteamento “Joca e Helena”, em Caruaru/PE, pelo valor de R$ 12.500,00, integralmente quitado em abril de 2016. Sustentou o autor que, após a quitação, descobriu que o loteamento era clandestino, conforme certidão expedida pela Autarquia de Urbanização e Meio Ambiente de Caruaru em 20 de julho de 2021, e que os vendedores não detinham a propriedade do bem à época da venda, tendo ajuizado ação de usucapião sobre a área somente em 2014, com sentença proferida em 2018. Requereu a rescisão contratual, a restituição dos valores pagos com correção monetária (R$ 24.171,29), a condenação por danos morais no valor de R$ 15.000,00, a aplicação do Código de Defesa do Consumidor com inversão do ônus da prova, e a concessão de justiça gratuita.




O demandado José Dorgival de Lima apresentou contestação escrita (ID 55250874), na qual arguiu, em sede preliminar, a decadência e a prescrição da pretensão autoral, sustentando que o negócio jurídico foi celebrado há mais de 12 anos sem que o autor buscasse qualquer anulação. No mérito, defendeu a ausência de culpa do contestante, alegando que todas as promessas relativas à infraestrutura teriam sido feitas pela imobiliária intermediadora, e não por ele. Sustentou a inaplicabilidade do Código de Defesa do Consumidor por não se enquadrar como fornecedor, tratando-se de venda esporádica entre particulares. Impugnou a validade dos prints de conversas de WhatsApp e das fotografias juntadas pelo autor, arguindo que tais provas careceriam de autenticidade e exigiriam perícia técnica, o que, por sua vez, afastaria a competência do Juizado Especial. Por fim, pugnou pela improcedência dos pedidos e, subsidiariamente, pelo afastamento dos danos morais.




A empresa Farias e Sousa Negócios Imobiliários Ltda – ME apresentou contestação oral em audiência de instrução e julgamento (ID 55250875), afirmando ter atuado apenas como corretora e que a promessa se limitou à instalação de energia elétrica, a qual teria sido cumprida. Alegou que os compradores adquiriram os lotes com conhecimento das condições.




A sentença (ID 55250876), proferida pelo Juiz de Direito Rodrigo Flávio Alves de Oliveira no âmbito do Mutirão Eletrônico de Sentenças – Ato 754/2025, julgou procedentes os pedidos autorais. Determinou a exclusão de Valdemira Gomes de Lima do polo passivo em razão de seu falecimento comprovado. Afastou a prejudicial de prescrição, aplicando o prazo prescricional decenal do art. 205 do Código Civil e fixando o termo inicial na data da ciência inequívoca do vício (20/07/2021). No mérito, declarou a nulidade e rescisão do contrato de compra e venda, reconheceu a relação de consumo e a responsabilidade solidária dos réus, condenando José Dorgival de Lima e Farias e Sousa Negócios Imobiliários Ltda – ME, solidariamente, à restituição de R$ 12.500,00 com correção monetária pelo IPCA desde o desembolso e juros de mora de 1% ao mês desde a citação, com adequação pela Lei nº 14.905/2024 a partir de 28/08/2024, bem como ao pagamento de R$ 5.000,00 a título de danos morais, com correção monetária pelo IPCA a partir da sentença e juros de mora desde a citação, igualmente com adequação pela referida lei. Sem custas e honorários em primeira instância, nos termos do art. 55 da Lei nº 9.099/95.




O Recurso Inominado (ID 55250878) foi interposto por José Dorgival de Lima, por seus advogados Eduardo José Silva Santos (OAB/PE 46.311) e João Américo Rodrigues de Freitas (OAB/PE 28.648). O recorrente sustentou, em primeiro lugar, a tempestividade do recurso e formulou pedido de concessão dos benefícios da justiça gratuita, declarando, sob as penas da lei, não possuir condições financeiras para arcar com as custas processuais e despesas recursais sem prejuízo de seu sustento e de sua família, requerendo a dispensa do preparo recursal nos termos dos arts. 98 e seguintes do CPC e art. 54 da Lei nº 9.099/95.




Em suas razões recursais, o recorrente arguiu, como primeira preliminar, a incompetência absoluta do Juizado Especial Cível em razão da complexidade da causa e da necessidade de perícia técnica, sustentando que a sentença se baseou em provas cuja validade foi expressamente impugnada na contestação, tais como capturas de tela de conversas e fotografias de autenticidade duvidosa, as quais seriam passíveis de fácil manipulação e exigiriam perícia técnica para atestar sua autenticidade, bem como que a verificação da real situação do terreno e dos supostos danos demandaria inspeção judicial ou perícia in loco. Invocou o Enunciado 54 do FONAJE e requereu a anulação da sentença e extinção do processo sem resolução de mérito, nos termos do art. 51, II, da Lei nº 9.099/95 e do art. 485, IV, do CPC.




Como segunda preliminar, arguiu a prescrição da pretensão autoral como matéria de ordem pública, sustentando que a pretensão de reparação civil prescreve em três anos conforme o art. 206, §3º, V, do Código Civil, que o negócio foi celebrado em 20/12/2012 e a quitação integral ocorreu em abril de 2016, tendo a ação sido distribuída somente em 29/10/2024. Argumentou que a suposta irregularidade do loteamento, por ser informação de natureza pública e acessível a qualquer cidadão mediante consulta à Prefeitura, não poderia ser tratada como “vício oculto” cuja ciência só ocorreu em 2021, e que a diligência esperada do comprador incluiria a verificação da regularidade junto aos órgãos competentes desde a celebração do contrato ou, no mais tardar, quando da quitação em 2016.




No mérito, o recorrente sustentou a inaplicabilidade do Código de Defesa do Consumidor, afirmando não se enquadrar como fornecedor nos termos do art. 3º do CDC, por não desenvolver atividade de comercialização de imóveis de forma habitual e profissional, tratando-se de ato esporádico e eventual entre particulares, intermediado por imobiliária. Arguiu a ausência de sua responsabilidade, sustentando que a negociação foi intermediada pela imobiliária e que qualquer promessa de infraestrutura ou regularização teria sido feita por prepostos da intermediadora. Por fim, impugnou a condenação por danos morais, alegando que a situação não ultrapassaria o mero aborrecimento cotidiano, que não haveria prova de abalo psíquico, e que, subsidiariamente, o valor de R$ 5.000,00 seria excessivo e desproporcional. Requereu o conhecimento e total provimento do recurso, a concessão da justiça gratuita, a anulação da sentença por incompetência, o reconhecimento da prescrição, a reforma integral para julgar improcedentes os pedidos, subsidiariamente o afastamento ou redução dos danos morais, e a condenação do recorrido em custas e honorários de 20%.




As Contrarrazões (ID 55250886) foram apresentadas tempestivamente pelo recorrido Lubni Morais Florencio de Souza, por seu advogado Juliano Ferreira Gomes (OAB/PE 30.657), conforme certificado pela serventia (ID 55250893). O recorrido sustentou, preliminarmente, o indeferimento do pedido de justiça gratuita formulado pelo recorrente, apresentando documentos novos destinados a comprovar a capacidade financeira do demandado, a saber: documento comprovando bloqueio judicial de R$ 203.478,20 em execução fiscal de 2022 tramitada perante a 1ª Vara da Fazenda Pública de Caruaru (Doc. 01, ID 55250887); comprovante de inscrição e situação cadastral da empresa “J Dorgival de Lima Peças Ltda.”, CNPJ 35.466.630/0001-30, ativa desde 1990, atuante no comércio de autopeças (Doc. 02, ID 55250888); perfil empresarial ativo no Instagram (Doc. 03, ID 55250889); e sentença favorável em ação de usucapião que consolidou a titularidade dos terrenos comercializados (Doc. 04, ID 55250890). Requereu o indeferimento da gratuidade e a determinação de recolhimento do preparo, sob pena de deserção.




No tocante à incompetência, o recorrido argumentou que o conjunto probatório é robusto, documental e autossuficiente, dispensando perícia, composto por comprovantes de pagamento, certidão oficial de clandestinidade emitida pela Prefeitura de Caruaru e documentos relativos à ausência de registro do loteamento, sendo a competência do Juizado plenamente adequada.




Sobre a prescrição, defendeu a correção da sentença ao aplicar o prazo decenal do art. 205 do Código Civil, com termo inicial na data da ciência inequívoca do vício (20/07/2021), ressaltando que, mesmo sob o prisma quinquenal do art. 27 do CDC, a ação permaneceria tempestiva. Destacou que a irregularidade do loteamento não era fato acessível ao consumidor, pois dependia de informação técnica e administrativa da Prefeitura, obtida somente em 2021.




No mérito, o recorrido sustentou a plena aplicabilidade do CDC, demonstrada pela comercialização habitual de lotes por intermédio da imobiliária profissional, invocando a solidariedade entre todos os integrantes da cadeia de fornecimento. Argumentou que o recorrente figurou como promitente vendedor e beneficiário direto da transação, não podendo transferir sua responsabilidade à intermediadora. Quanto aos danos morais, sustentou que a conduta dos demandados foi dolosa e reiterada, consistente na venda de mais de 200 lotes clandestinos, frustrando o sonho da casa própria do consumidor, e que o valor de R$ 5.000,00 é moderado e compatível com os precedentes. Requereu o total desprovimento do recurso, a condenação do recorrente em custas e honorários de 15% sobre o valor da condenação.




Ambas as partes manifestaram interesse em realizar sustentação oral por ocasião da sessão de julgamento, conforme petições de ID 57655239 (recorrido) e ID 56339761 (recorrente), requerendo intimação prévia da data, horário e modalidade da sessão.




Após regular processamento, o recurso foi devidamente instruído, estando apto para julgamento por esta Turma Recursal.




Caruaru, data registrada pelo Sistema.




Luis Vital do Carmo Filho




Juiz Relator do 3º Gabinete da Primeira Turma Recursal Juizados - JECRC – Caruaru.




Voto vencedor:

VOTO RELATOR












EMENTA: RECURSO INOMINADO. DIREITO CIVIL E DO CONSUMIDOR. AÇÃO DE RESCISÃO CONTRATUAL C/C PERDAS E DANOS E DANOS MORAIS. COMPRA E VENDA DE LOTE EM LOTEAMENTO CLANDESTINO. SENTENÇA DE PROCEDÊNCIA. INSURGÊNCIA DO DEMANDADO/VENDEDOR. PRELIMINAR DE INCOMPETÊNCIA DO JUIZADO ESPECIAL POR COMPLEXIDADE PROBATÓRIA REJEITADA – PROVA EMINENTEMENTE DOCUMENTAL QUE DISPENSA PERÍCIA TÉCNICA. PRESCRIÇÃO AFASTADA – OBRIGAÇÃO DE NATUREZA PESSOAL – PRAZO DECENAL DO ART. 205 DO CÓDIGO CIVIL – TERMO INICIAL NA DATA DA CIÊNCIA INEQUÍVOCA DO VÍCIO (CERTIDÃO DE CLANDESTINIDADE DE 20/07/2021) – TEORIA DA ACTIO NATA. APLICABILIDADE DO CÓDIGO DE DEFESA DO CONSUMIDOR – VENDA HABITUAL DE MAIS DE 200 LOTES POR INTERMÉDIO DE IMOBILIÁRIA PROFISSIONAL – RELAÇÃO DE CONSUMO CONFIGURADA. RESPONSABILIDADE SOLIDÁRIA DO VENDEDOR E DA INTERMEDIADORA CORRETAMENTE RECONHECIDA – ARTS. 7º, PARÁGRAFO ÚNICO, E 25, §1º, DO CDC – VIOLAÇÃO AO ART. 37 DA LEI Nº 6.766/79 – NULIDADE ABSOLUTA DO NEGÓCIO JURÍDICO. DANOS MORAIS CONFIGURADOS – VENDA DE LOTE EM LOTEAMENTO CLANDESTINO SEM REGISTRO E SEM PROPRIEDADE – FRUSTRAÇÃO DO SONHO DA CASA PRÓPRIA – VALOR DE R$ 5.000,00 RAZOÁVEL E PROPORCIONAL. MANUTENÇÃO INTEGRAL DA SENTENÇA. RECURSO CONHECIDO E DESPROVIDO. CONDENAÇÃO DO RECORRENTE VENCIDO EM CUSTAS PROCESSUAIS E HONORÁRIOS ADVOCATÍCIOS DE 10% SOBRE O VALOR DA CONDENAÇÃO, NOS TERMOS DO ART. 55 DA LEI Nº 9.099/95.




DA ADMISSIBILIDADE 




O Recurso Inominado foi interposto por José Dorgival de Lima, parte legitimada e com interesse recursal, sendo certificada sua tempestividade pela serventia judicial (ID 55250881).




Quanto ao preparo recursal, o recorrente não efetuou o recolhimento, formulando, pela primeira vez em sede recursal, pedido de concessão dos benefícios da justiça gratuita, mediante simples declaração de hipossuficiência, nos termos do art. 98 e seguintes do CPC/2015.




Ocorre que a parte recorrida, em suas contrarrazões (ID 55250886), impugnou fundamentadamente o pedido de gratuidade, apresentando documentos novos, cuja juntada é plenamente regular nos termos do art. 435 do CPC/2015, por se destinarem a contrapor alegação formulada apenas no recurso, os quais demonstram de forma inequívoca a capacidade financeira do recorrente. Constam dos autos: a demonstração de bloqueio judicial de R$ 203.478,20 em execução fiscal no ano de 2022 (Doc. 01, ID 55250887), evidenciando elevada liquidez patrimonial; o comprovante de inscrição e situação cadastral da empresa “J Dorgival de Lima Peças Ltda.”, CNPJ 35.466.630/0001-30, com nome fantasia “Dorgival Auto Peças”, ativa desde 07/11/1990, atuante no comércio varejista de peças e acessórios para veículos automotores em Caruaru/PE (Doc. 02, ID 55250888); a comprovação de presença digital ativa com perfil empresarial no Instagram (Doc. 03, ID 55250889); e a sentença favorável em ação de usucapião que consolidou a titularidade dos terrenos objeto das vendas (Doc. 04, ID 55250890).




A presunção de veracidade da declaração de hipossuficiência é relativa, podendo ser afastada quando existem elementos nos autos que a contradigam, conforme o art. 99, §2º, do CPC/2015, segundo o qual o juiz poderá indeferir o pedido se o requerente não juntar elementos que permitam concluir pela insuficiência de recursos. No caso concreto, os elementos probatórios trazidos pelo recorrido demonstram, de forma robusta, que o recorrente é empresário há mais de três décadas, proprietário de estabelecimento comercial ativo, com patrimônio expressivo comprovado pelo bloqueio judicial de valor superior a R$ 200.000,00. Tais circunstâncias são absolutamente incompatíveis com a alegação de que não pode arcar com as custas processuais sem prejuízo de seu sustento.




Diante disso, indefiro o pedido de justiça gratuita formulado pelo recorrente.




Todavia, em observância ao princípio do contraditório e da ampla defesa, bem como ao disposto no art. 99, §7º, do CPC/2015, antes de declarar a deserção do recurso, deveria ser oportunizado ao recorrente o recolhimento do preparo no prazo de cinco dias. Considerando, porém, que o processo já se encontra em fase de julgamento perante esta Turma Recursal, que o recurso foi processado e instruído com contrarrazões, e que ambas as partes manifestaram interesse em sustentação oral, a matéria de mérito já está suficientemente debatida e madura para julgamento. Assim, conheço do recurso e passo à análise meritória, ressalvando que a questão do preparo poderá ser objeto de deliberação pelo Colegiado.




DO MÉRITO




Passo ao exame das questões suscitadas no recurso.




Da alegada incompetência do Juizado Especial Cível




O recorrente sustenta que a causa seria complexa em razão da necessidade de perícia técnica para aferir a autenticidade de capturas de tela de conversas e fotografias, o que afastaria a competência do Juizado Especial Cível.




A tese não merece acolhimento.




O art. 3º, caput, da Lei nº 9.099/95 fixa a competência dos Juizados Especiais para o processo e julgamento das causas cíveis de menor complexidade. O Enunciado nº 54 do FONAJE, invocado pelo próprio recorrente, estabelece que “a menor complexidade da causa para a fixação da competência é aferida pelo objeto da prova e não em face do direito material”.




No caso concreto, o conjunto probatório que fundamentou a sentença recorrida (ID 55250876) é eminentemente documental e prescinde de qualquer perícia técnica: instrumento particular de compra e venda celebrado em 20/12/2012, notas promissórias quitadas, certidão oficial expedida pela Autarquia de Urbanização e Meio Ambiente de Caruaru atestando a clandestinidade do loteamento, e documentos relativos à ação de usucapião ajuizada pelos vendedores em 2014 com sentença proferida em 2018. Trata-se de documentos públicos e particulares de fácil compreensão, cuja análise não demanda conhecimento técnico especializado.




Importa destacar que a sentença não se baseou exclusivamente nos prints de conversas impugnados pelo recorrente. Mesmo que tais capturas fossem completamente desconsideradas, o acervo probatório remanescente é robusto e autossuficiente para o deslinde da controvérsia. A certidão de clandestinidade, documento de natureza pública e oficial, é incontroversa e não foi impugnada quanto ao seu conteúdo. As notas promissórias quitadas comprovam o pagamento integral. O ajuizamento da ação de usucapião em 2014 comprova que os vendedores não detinham a propriedade à época da venda em 2012.




A alegação genérica de necessidade de perícia não é suficiente para afastar a competência dos Juizados quando a matéria pode ser dirimida com base em prova documental, sendo a complexidade invocada pelo recorrente meramente artificiosa. Rejeito a preliminar de incompetência.




Da prescrição




O recorrente sustenta que a pretensão autoral está prescrita, invocando o prazo trienal do art. 206, §3º, V, do Código Civil, contado da celebração do contrato em 2012 ou da quitação em 2016.




A sentença recorrida aplicou corretamente o prazo prescricional decenal previsto no art. 205 do Código Civil, reconhecendo que o contrato de compra e venda de imóvel configura obrigação de natureza pessoal. A jurisprudência citada tanto na sentença quanto nas contrarrazões reforça esse entendimento: a relação jurídica pautada em instrumento de compra e venda de bem imóvel é de cunho obrigacional e, portanto, de natureza pessoal, sendo-lhe aplicável o prazo prescricional ordinário de dez anos (TJ-SC, APL 0017698-11.2007.8.24.0008, Rel. Gilberto Gomes de Oliveira, 3ª Câmara de Direito Civil, j. 28/06/2016).




Quanto ao termo inicial, a sentença o fixou corretamente na data da ciência inequívoca do vício, em 20 de julho de 2021, quando a Autarquia de Urbanização e Meio Ambiente de Caruaru expediu certidão oficial atestando que o loteamento “Joca e Helena” era clandestino, sem qualquer processo de aprovação ou regularização. A aplicação da teoria da actio nata é plenamente adequada ao caso, pois o prazo prescricional somente se inicia quando o lesado toma conhecimento inequívoco do dano.




O argumento do recorrente de que a irregularidade do loteamento seria informação pública acessível a qualquer cidadão desde a celebração do contrato não procede. A clandestinidade de um loteamento não é fato ostensivo ou de conhecimento comum: trata-se de informação técnica e administrativa que depende de consulta específica aos órgãos municipais competentes. O autor agiu de boa-fé ao adquirir o lote por intermédio de imobiliária profissional, mediante contrato formal e pagamento parcelado, circunstâncias que reforçam a legítima expectativa de regularidade do negócio. Não se pode exigir do consumidor leigo a mesma diligência investigativa que se esperaria de um profissional do ramo imobiliário.




Considerando que a ação foi ajuizada em 29 de outubro de 2024, transcorreram pouco mais de três anos entre a ciência do vício (20/07/2021) e o ajuizamento, prazo amplamente inferior ao decenal do art. 205 do CC. Note-se que, mesmo sob o prisma subsidiário do art. 27 do CDC (prazo quinquenal), a pretensão permaneceria tempestiva, pois o quinquênio somente se encerraria em 20/07/2026.




Rejeito a alegação de prescrição.




Da aplicabilidade do Código de Defesa do Consumidor




O recorrente sustenta que não se enquadra como fornecedor nos termos do art. 3º do CDC, alegando que a venda foi ato esporádico e eventual entre particulares.




A tese não prospera. Os autos demonstram que os vendedores comercializaram mais de 200 lotes no mesmo loteamento, por intermédio da imobiliária profissional Farias e Sousa Negócios Imobiliários Ltda – ME (Inaldo Imóveis), que admitiu em audiência (ID 55250875) ter atuado como corretora do negócio. A comercialização em larga escala de parcelas de terreno, mediante intermediação profissional, com pagamento parcelado por notas promissórias e promessa de regularização, configura atividade típica de fornecimento de produto no mercado de consumo.




O art. 3º do CDC define fornecedor como “toda pessoa física ou jurídica, pública ou privada, nacional ou estrangeira, bem como os entes despersonalizados, que desenvolvem atividade de produção, montagem, criação, construção, transformação, importação, exportação, distribuição ou comercialização de produtos ou prestação de serviços”. A venda de mais de 200 lotes por intermédio de imobiliária profissional não pode ser qualificada como ato esporádico e eventual: trata-se de comercialização habitual de produtos imobiliários que se enquadra plenamente no conceito legal de fornecimento.




De outro lado, o autor é inequivocamente consumidor na acepção do art. 2º do CDC, como pessoa física que adquiriu o lote como destinatário final, com o propósito de construir sua primeira moradia.




Ademais, conforme corretamente fundamentado na sentença recorrida, ainda que se afastasse a incidência do CDC, a condenação se sustentaria pela nulidade da comercialização de parcela de loteamento não registrado, nos termos do art. 37 da Lei nº 6.766/79, combinado com o art. 166, VII, do Código Civil, que torna nulo o negócio jurídico que viole norma imperativa. A venda de lote em loteamento clandestino, sem qualquer processo de aprovação ou regularização, e por vendedores que sequer detinham a propriedade do bem à época do negócio, configura nulidade absoluta que impõe a restituição integral dos valores pagos.




Mantenho o reconhecimento da aplicabilidade do CDC ao caso.




Da responsabilidade solidária do recorrente




O recorrente busca transferir toda a responsabilidade à imobiliária intermediadora, alegando que qualquer promessa de infraestrutura ou regularização teria sido feita exclusivamente por prepostos da corretora.




A alegação não encontra amparo nos autos. José Dorgival de Lima figurou expressamente como promitente vendedor no instrumento particular de compra e venda, sendo o beneficiário direto dos valores pagos pelo autor. Mais relevante ainda, os documentos demonstram que o recorrente vendeu o lote em 2012 sem deter a propriedade do bem, tendo ajuizado ação de usucapião sobre a área apenas em 2014, com sentença proferida somente em 2018. Essa circunstância, por si só, configura venda de coisa alheia e evidencia a ilicitude da conduta do recorrente, independentemente de quaisquer promessas adicionais que a imobiliária tenha feito.




A responsabilidade solidária decorre da aplicação dos arts. 7º, parágrafo único, e 25, §1º, do CDC, que estabelecem a solidariedade entre todos os integrantes da cadeia de fornecimento pelos danos causados ao consumidor. O vendedor e a intermediadora atuaram conjuntamente na comercialização do produto viciado, sendo ambos responsáveis pela segurança e regularidade da transação.




Ademais, a violação ao art. 37 da Lei nº 6.766/79, que veda expressamente a venda ou promessa de venda de parcela de loteamento não registrado, recai diretamente sobre o vendedor que figurou no contrato. A tentativa de “tirar o corpo fora”, transferindo a responsabilidade exclusivamente à intermediadora, é incompatível com a posição de promitente vendedor e beneficiário direto da transação nula.




Mantenho o reconhecimento da responsabilidade solidária.




Dos danos morais




O recorrente alega que a situação narrada configuraria mero inadimplemento contratual, insuscetível de gerar dano moral indenizável, e que, subsidiariamente, o valor de R$ 5.000,00 seria excessivo.




Discordo. O caso transcende significativamente o simples descumprimento contratual. Trata-se de conduta que envolveu a venda deliberada de lote em loteamento clandestino, sem registro perante os órgãos competentes, sem aprovação municipal, e por vendedores que sequer detinham a propriedade do bem à época da alienação. O autor investiu suas economias durante mais de três anos de pagamentos parcelados, acreditando estar adquirindo seu primeiro imóvel para construção de moradia, apenas para descobrir, anos depois, que o loteamento era clandestino, que o terreno não podia sequer ser delimitado ou identificado, e que os vendedores não possuíam legitimidade para alienar o bem.




A frustração do legítimo sonho da casa própria, aliada à descoberta de que se foi vítima de negociação que envolve loteamento clandestino, gera abalo que vai muito além do mero aborrecimento cotidiano. A venda de mais de 200 lotes nas mesmas condições irregulares revela a gravidade e a reiteração da conduta lesiva, que viola frontalmente os princípios da boa-fé objetiva, da confiança e do dever de informação previstos nos arts. 4º, III, e 6º, III e VI, do CDC.




O valor de R$ 5.000,00 fixado na sentença atende plenamente aos critérios de razoabilidade e proporcionalidade estabelecidos pelo art. 944 do Código Civil, sendo inclusive moderado diante da gravidade dos fatos narrados, do tempo de frustração experimentado pelo consumidor e da necessidade de conferir à indenização caráter pedagógico e dissuasório. Não há, portanto, excesso a ser corrigido, tampouco fundamento para redução.




CONCLUSÃO




Diante de todo o exposto, verifica-se que a sentença recorrida (ID 55250876) analisou detidamente todas as questões de fato e de direito pertinentes ao caso, fundamentando-se em provas documentais robustas e em legislação aplicável, sem incorrer em qualquer vício ou equívoco que justifique sua reforma. As teses recursais, incompetência do Juizado, prescrição, inaplicabilidade do CDC, ausência de responsabilidade e inexistência de dano moral, foram todas examinadas e rejeitadas, por carecerem de amparo fático e jurídico, pelo que voto no sentido de CONHECER do Recurso Inominado interposto por JOSÉ DORGIVAL DE LIMA e, no mérito, NEGAR-LHE PROVIMENTO, mantendo a sentença recorrida (ID 55250876) integralmente, por seus próprios e jurídicos fundamentos.




Condeno o recorrente vencido ao pagamento das custas processuais e honorários advocatícios, estes fixados em 10% (dez por cento) sobre o valor da condenação, nos termos do art. 55, caput e parágrafo único, da Lei nº 9.099/95.




É como voto.




Caruaru, data registrada pelo Sistema.




Luis Vital do Carmo Filho 




Juiz Relator do 3º Gabinete da Primeira Turma Recursal Juizados - JECRC – Caruaru.




 

Demais votos:

VOTO EM CONCORDÂNCIA COM A RELATORIA





Vistos etc...
    
Considerando os próprios fundamentos do voto condutor, tenho por acompanhar integralmente a relatoria.





Caruaru, 29.5.2026.

MARUPIRAJA RAMOS RIBAS




Juiz Vogal do 1º Gabinete




 




Ementa:




Proclamação da decisão:

À unanimidade de votos, negou-se provimento ao recurso, nos termos do voto da Relatoria.




Magistrados: [MARUPIRAJA RAMOS RIBAS, SEVERIANO DE LEMOS ANTUNES JUNIOR, LUIS VITAL DO CARMO FILHO]







CARUARU, 31 de julho de 2026

 

 

 

 

 

 

 

Magistrado


      
DOCUMENTO 17  
Acompanhamento Processual
Resultado sem Formatação
Imprimir
ACÓRDÃO
PROCESSO
0075230-45.2022.8.17.2001 
CLASSE CNJ
198 APELAÇÃO CÍVEL
ASSUNTO CNJ
10456 Acessão
RELATOR(A)
RUY TREZENA PATU JÚNIOR
ÓRGÃO JULGADOR
Gabinete do Des. Ruy Trezena Patu Júnior (2ª CC)
DATA DE JULGAMENTO
30/07/2026
DATA DA PUBLICAÇÃO/FONTE
30/07/2026
MEIO DE TRAMITAÇÃO
ELETRONICO
EMENTA

        




Tribunal de Justiça de Pernambuco
 Poder Judiciário
Gabinete do Des. Ruy Trezena Patu Júnior (2ª CC)




SEGUNDA CÂMARA CÍVEL




APELAÇÃO CÍVEL Nº 0075230-45.2022.8.17.2001




APELANTE: MARIA DAS DORES DA SILVA




APELADA: JOSEFA MAXIMO DE FARIAS




RELATOR: DES. RUY TREZENA PATU JÚNIOR




 




Ementa: DIREITO CIVIL. APELAÇÃO CÍVEL. AÇÃO DE REINTEGRAÇÃO DE POSSE. EXCEÇÃO DE USUCAPIÃO ARGUIDA EM DEFESA. INTERVERSÃO DA POSSE. POSSE EXERCIDA COM ANIMUS DOMINI POR MAIS DE DEZ ANOS. USUCAPIÃO EXTRAORDINÁRIA CONFIGURADA. RECURSO PROVIDO.




 




I. CASO EM EXAME




1. Apelação cível interposta contra sentença que, em ação de reintegração de posse, julgou procedente o pedido inicial para determinar a reintegração da autora na posse do imóvel, rejeitando a alegação de usucapião suscitada em defesa e o pedido de indenização por benfeitorias formulado pela ré. A recorrente sustentou o exercício de posse mansa, pacífica, contínua e com animus domini por mais de vinte anos, requerendo o reconhecimento da usucapião.




 




II. QUESTÃO EM DISCUSSÃO




2. Há duas questões em discussão: (i) saber se a posse exercida pela ré permaneceu precária ou se houve interversão possessória apta a caracterizar posse ad usucapionem; e (ii) saber se estão presentes os requisitos da usucapião extraordinária previstos no Código Civil.




 




III. RAZÕES DE DECIDIR




3. A prova dos autos demonstrou que a ré ocupa o imóvel há mais de vinte anos, realizando investimentos na moradia e exercendo poderes inerentes à posse, circunstância corroborada por prova testemunhal e documental.




4. As faturas de energia elétrica emitidas em nome da ré desde o ano de 2005 constituem relevante elemento de comprovação do exercício prolongado da posse.




5. A própria autora reconheceu a ausência de oposição efetiva à permanência da ré no imóvel após a separação desta de seu filho, admitindo não ter exigido a restituição do bem por longo período.




6. A causa que inicialmente justificava a ocupação do imóvel deixou de existir com o término da relação conjugal, tendo a recorrente permanecido na posse por mais de uma década sem oposição, circunstância que evidencia a superação da precariedade originária.




7. Os elementos probatórios revelam a ocorrência da interversão da posse, nos termos do art. 1.203 do Código Civil, caracterizando o exercício da posse com animus domini.




8. Configurados os requisitos da usucapião extraordinária prevista no art. 1.238, parágrafo único, do Código Civil, impõe-se o acolhimento da exceção de usucapião arguida em defesa e a reforma da sentença.




 




IV. DISPOSITIVO E TESE




9. Recurso provido. Sentença reformada para acolher a exceção de usucapião arguida em sede defensiva e julgar improcedentes os pedidos formulados na petição inicial. Invertidos os ônus sucumbenciais, mantida a suspensão da exigibilidade em razão da gratuidade da justiça.




Tese de julgamento:




“1. A permanência prolongada no imóvel, após o desaparecimento da causa que legitimava a ocupação inicial, sem oposição efetiva do proprietário, pode caracterizar interversão da posse.




2. Comprovado o exercício da posse com animus domini pelo prazo legal, mostra-se cabível o reconhecimento da usucapião extraordinária arguida em defesa.”




 




Dispositivos relevantes citados: CC, arts. 1.203 e 1.238, parágrafo único.




 




ACÓRDÃO




 




Vistos, relatados e discutidos estes autos, os Excelentíssimos Desembargadores integrantes da Segunda Câmara Cível do Tribunal de Justiça do Estado de Pernambuco acordam, por unanimidade, em DAR PROVIMENTO à apelação cível, nos termos do voto proferido pelo Exmo. Desembargador Relator, que passa a fazer parte integrante do presente aresto.




 




Recife, data registrada no sistema.




 




Ruy Trezena Patu Júnior




Desembargador Relator










07


      
ACÓRDÃO

        















Tribunal de Justiça de Pernambuco
 Poder Judiciário





2ª Câmara Cível - Recife




 - F:(  ) 




Processo nº 0075230-45.2022.8.17.2001




APELANTE: MARIA DAS DORES DA SILVA




APELADO(A): JOSEFA MAXIMO DE FARIAS









INTEIRO TEOR









Relator: 
RUY TREZENA PATU JÚNIOR










Relatório:




 




SEGUNDA CÂMARA CÍVEL




APELAÇÃO CÍVEL Nº 0075230-45.2022.8.17.2001




APELANTE: MARIA DAS DORES DA SILVA




APELADA: JOSEFA MÁXIMO DE FARIAS 




RELATOR: DES. RUY TREZENA PATU JÚNIOR




 




RELATÓRIO 




 




Trata-se de apelação cível interposta por Maria das Dores da Silva em face da sentença proferida pelo Juízo de Direito da Seção A da 29ª Vara Cível da Capital que, nos autos da ação de reintegração de posse ajuizada por Josefa Máximo de Farias, julgou procedente o pedido inicial para determinar a reintegração da autora na posse do imóvel, rejeitando a alegação de usucapião suscitada em defesa e o pedido de indenização pelas benfeitorias formulado pela ré.




 




Os embargos de declaração opostos pela ré foram acolhidos, com efeitos infringentes, apenas para deferir os benefícios da justiça gratuita, mantida a sentença nos demais termos (ID 59636067).




 




Nas razões recursais, a apelante sustenta, em síntese: (i) o exercício de posse mansa, pacífica, ininterrupta e com animus domini por mais de vinte anos; (ii) a ocorrência de interversão da posse, inicialmente exercida por tolerância; (iii) a ausência de oposição da autora por longo período; (iv) o preenchimento dos requisitos da usucapião extraordinária ou, subsidiariamente, da usucapião especial urbana; e (v) a necessidade de atribuição de efeito suspensivo ao recurso. Ao final, requer a reforma da sentença para reconhecimento da usucapião.




 




Sem contrarrazões, conforme certidão de ID 59636074.




 




É o que importa relatar.




 




Inclua-se o feito em pauta para julgamento.




 




Recife, data registrada no sistema.




 




Ruy Trezena Patu Júnior 




Desembargador Relator




 




07




 










Voto vencedor:




 




SEGUNDA CÂMARA CÍVEL




APELAÇÃO CÍVEL Nº 0075230-45.2022.8.17.2001




APELANTE: MARIA DAS DORES DA SILVA




APELADA: JOSEFA MAXIMO DE FARIAS




RELATOR: DES. RUY TREZENA PATU JÚNIOR




 




VOTO




 




Verifico os requisitos de admissibilidade do recurso. Dispensado o preparo recursal, diante da concessão dos benefícios da justiça gratuita na origem (ID 59636067).




 




Trata-se de apelação cível interposta por Maria das Dores da Silva em face da sentença proferida pelo Juízo de Direito da Seção A da 29ª Vara Cível da Capital que, nos autos da ação de reintegração de posse ajuizada por Josefa Máximo de Farias, julgou procedente o pedido inicial para determinar a reintegração da autora na posse do imóvel, rejeitando a alegação de usucapião suscitada em defesa e o pedido de indenização pelas benfeitorias formulado pela ré.




 




Cinge-se a controvérsia à natureza da posse exercida pela ré sobre a unidade objeto da lide, bem como à alegada configuração dos requisitos necessários ao reconhecimento da usucapião suscitada em defesa.




 




A prova produzida nos autos evidencia que a ré ocupa, há mais de vinte anos, o imóvel objeto da lide, situado na Rua Mozart Siqueira, nº 120, Ibura, Recife. Em seu depoimento pessoal, afirmou ter vendido o imóvel em que residia em Muribeca e empregado os recursos obtidos na construção da unidade situada no pavimento superior do imóvel litigioso. Relatou, ainda, que, após a conclusão da obra, a autora passou a residir nessa unidade, enquanto a ré permaneceu na unidade térrea, conforme se extrai da prova oral produzida em audiência (ID 59636059).




 




Soma-se a isso o fato de constarem nos autos diversas faturas de energia elétrica emitidas em nome da ré desde o ano de 2005, constituindo relevante elemento indicativo do exercício prolongado da posse sobre o imóvel (IDs 59636009 a 59636027).




 




Também merece destaque o depoimento da própria autora, que reconheceu não ter solicitado a desocupação do imóvel após a separação entre a ré e seu filho, afirmando expressamente: "Eu não cheguei a pedir a ela, porque eu pensei no meu modo que ela ia desocupar a casa". Acrescentou, ainda, que "Não. Depois disso eu não falei mais com ela", admitindo que não houve exigência expressa de restituição do bem por longo período.




 




Ademais, as testemunhas arroladas pela autora, ouvidas na condição de informantes, não trouxeram elementos concretos aptos a afastar a tese defensiva, tendo relatado, em sua maioria, que a controvérsia somente surgiu após desavenças familiares ocorridas nos últimos anos. Por sua vez, as testemunhas apresentadas pela ré corroboraram a versão de que ela reside no local há décadas, sendo reconhecida pela comunidade como responsável pelos investimentos realizados na moradia.




 




Nesse contexto, o conjunto probatório revela que a discussão possessória somente veio a ser instaurada após longo período de convivência sem oposição ostensiva da autora, circunstância que deve ser considerada na análise da natureza da posse efetivamente exercida pela ré.




 




A causa que inicialmente justificava a ocupação do imóvel pela ré, consistente no vínculo conjugal mantido com o filho da autora, deixou de existir com a separação do casal, ocorrida em momento anterior ao divórcio formalizado em janeiro de 2015 (IDs 59635256 e 59635257). Ainda assim, a ré permaneceu no imóvel por longo período sem qualquer oposição da autora, circunstância que, associada aos investimentos realizados na moradia, revela situação incompatível com a alegada precariedade da posse.




 




A legislação civil estabelece que a posse conserva, em regra, o caráter com que foi adquirida, admitindo-se, contudo, prova em sentido contrário, conforme dispõe o art. 1.203 do Código Civil:




 




Art. 1.203. Salvo prova em contrário, entende-se manter a posse o mesmo caráter com que foi adquirida.




 




No caso concreto, os elementos probatórios evidenciam o esvaziamento da causa que inicialmente justificava a ocupação do imóvel pela ré. A permanência da demandada no imóvel por mais de uma década sem oposição efetiva da autora, associada aos investimentos realizados na moradia, às faturas de energia elétrica emitidas em seu nome desde 2005 e aos demais elementos probatórios produzidos nos autos (IDs 59636009 a 59636027 e ID 59636059), evidencia a superação da precariedade que marcava a ocupação inicial e o exercício da posse com animus domini.




 




Restam, assim, caracterizadas a interversão da posse e a prescrição aquisitiva extraordinária prevista no parágrafo único do art. 1.238 do Código Civil, impondo-se o acolhimento da exceção de usucapião suscitada em defesa e a consequente reforma da sentença recorrida.




 




Por fim, resta prejudicado o pedido de atribuição de efeito suspensivo ao recurso, ante o julgamento de mérito da presente apelação e o acolhimento da pretensão recursal.




 




Diante do exposto, voto no sentido de DAR PROVIMENTO ao recurso para reformar a sentença, acolher a exceção de usucapião arguida em sede defensiva e, por conseguinte, julgar improcedentes os pedidos formulados na petição inicial.




 




Em razão da reforma da sentença, inverto os ônus sucumbenciais, condenando a autora ao pagamento das custas processuais e dos honorários advocatícios no percentual fixado pelo Juízo de origem, observada a suspensão da exigibilidade em razão da gratuidade da justiça deferida nos autos (ID 59635238).




 




Recife, data registrada no sistema.




 




Ruy Trezena Patu Júnior




Desembargador Relator




 




07




 




 




 










 




Demais votos:




 










Ementa:




 







Tribunal de Justiça de Pernambuco
 Poder Judiciário
Gabinete do Des. Ruy Trezena Patu Júnior (2ª CC)




SEGUNDA CÂMARA CÍVEL




APELAÇÃO CÍVEL Nº 0075230-45.2022.8.17.2001




APELANTE: MARIA DAS DORES DA SILVA




APELADA: JOSEFA MAXIMO DE FARIAS




RELATOR: DES. RUY TREZENA PATU JÚNIOR




 




Ementa: DIREITO CIVIL. APELAÇÃO CÍVEL. AÇÃO DE REINTEGRAÇÃO DE POSSE. EXCEÇÃO DE USUCAPIÃO ARGUIDA EM DEFESA. INTERVERSÃO DA POSSE. POSSE EXERCIDA COM ANIMUS DOMINI POR MAIS DE DEZ ANOS. USUCAPIÃO EXTRAORDINÁRIA CONFIGURADA. RECURSO PROVIDO.




 




I. CASO EM EXAME




1. Apelação cível interposta contra sentença que, em ação de reintegração de posse, julgou procedente o pedido inicial para determinar a reintegração da autora na posse do imóvel, rejeitando a alegação de usucapião suscitada em defesa e o pedido de indenização por benfeitorias formulado pela ré. A recorrente sustentou o exercício de posse mansa, pacífica, contínua e com animus domini por mais de vinte anos, requerendo o reconhecimento da usucapião.




 




II. QUESTÃO EM DISCUSSÃO




2. Há duas questões em discussão: (i) saber se a posse exercida pela ré permaneceu precária ou se houve interversão possessória apta a caracterizar posse ad usucapionem; e (ii) saber se estão presentes os requisitos da usucapião extraordinária previstos no Código Civil.




 




III. RAZÕES DE DECIDIR




3. A prova dos autos demonstrou que a ré ocupa o imóvel há mais de vinte anos, realizando investimentos na moradia e exercendo poderes inerentes à posse, circunstância corroborada por prova testemunhal e documental.




4. As faturas de energia elétrica emitidas em nome da ré desde o ano de 2005 constituem relevante elemento de comprovação do exercício prolongado da posse.




5. A própria autora reconheceu a ausência de oposição efetiva à permanência da ré no imóvel após a separação desta de seu filho, admitindo não ter exigido a restituição do bem por longo período.




6. A causa que inicialmente justificava a ocupação do imóvel deixou de existir com o término da relação conjugal, tendo a recorrente permanecido na posse por mais de uma década sem oposição, circunstância que evidencia a superação da precariedade originária.




7. Os elementos probatórios revelam a ocorrência da interversão da posse, nos termos do art. 1.203 do Código Civil, caracterizando o exercício da posse com animus domini.




8. Configurados os requisitos da usucapião extraordinária prevista no art. 1.238, parágrafo único, do Código Civil, impõe-se o acolhimento da exceção de usucapião arguida em defesa e a reforma da sentença.




 




IV. DISPOSITIVO E TESE




9. Recurso provido. Sentença reformada para acolher a exceção de usucapião arguida em sede defensiva e julgar improcedentes os pedidos formulados na petição inicial. Invertidos os ônus sucumbenciais, mantida a suspensão da exigibilidade em razão da gratuidade da justiça.




Tese de julgamento:




“1. A permanência prolongada no imóvel, após o desaparecimento da causa que legitimava a ocupação inicial, sem oposição efetiva do proprietário, pode caracterizar interversão da posse.




2. Comprovado o exercício da posse com animus domini pelo prazo legal, mostra-se cabível o reconhecimento da usucapião extraordinária arguida em defesa.”




 




Dispositivos relevantes citados: CC, arts. 1.203 e 1.238, parágrafo único.




 




ACÓRDÃO




 




Vistos, relatados e discutidos estes autos, os Excelentíssimos Desembargadores integrantes da Segunda Câmara Cível do Tribunal de Justiça do Estado de Pernambuco acordam, por unanimidade, em DAR PROVIMENTO à apelação cível, nos termos do voto proferido pelo Exmo. Desembargador Relator, que passa a fazer parte integrante do presente aresto.




 




Recife, data registrada no sistema.




 




Ruy Trezena Patu Júnior




Desembargador Relator










07




 










Proclamação da decisão:




À unanimidade de votos, deu-se provimento ao recurso, nos termos do voto da Relatoria.










Magistrados: [CANDIDO JOSE DA FONTE SARAIVA DE MORAES, RUY TREZENA PATU JÚNIOR, CARLOS FREDERICO GONCALVES DE MORAES]
















, 30 de julho de 2026




 




 




 




 




 




 




 




Magistrado


      
DOCUMENTO 18  
Acompanhamento Processual
Resultado sem Formatação
Imprimir
ACÓRDÃO
PROCESSO
0001706-14.2011.8.17.1350 
CLASSE CNJ
198 APELAÇÃO CÍVEL
ASSUNTO CNJ
10500 Usucapião da L 6.969/1981
RELATOR(A)
ANDREA EPAMINONDAS TENORIO DE BRITO
ÓRGÃO JULGADOR
Gabinete do Des. Marcelo Russell Wanderley (1ª CC)
DATA DE JULGAMENTO
30/07/2026
DATA DA PUBLICAÇÃO/FONTE
30/07/2026
MEIO DE TRAMITAÇÃO
ELETRONICO
EMENTA

        

PODER JUDICIÁRIO

TRIBUNAL DE JUSTIÇA DO ESTADO DE PERNAMBUCO

1ª CÂMARA CÍVEL

APELAÇÃO CÍVEL: 0001706-14.2011.8.17.1350

JUÍZO DE ORIGEM: 1ª Vara Cível da Comarca de São Lourenço da Mata

RECORRENTE: CINCO CONSTRUÇÃO E INCORPORAÇÃO LTDA - ME

RECORRIDOS: SEVERINO CARLOS DE ASSIS e LUCINEIDE MARIA DOS SANTOS

RELATOR: Des. Marcelo Russell

 

EMENTA: DIREITO CIVIL E PROCESSUAL CIVIL. APELAÇÃO CÍVEL. AÇÃO DE USUCAPIÃO. PRINCÍPIO DA FUNGIBILIDADE ENTRE AS MODALIDADES DE USUCAPIÃO. RECONHECIMENTO DA USUCAPIÃO EXTRAORDINÁRIA. MANUTENÇÃO DA SENTENÇA POR FUNDAMENTO DIVERSO. RECURSO DESPROVIDO.

 

I. Caso em exame

1. Apelação cível interposta contra sentença que julgou procedente ação de usucapião e improcedente reconvenção de reintegração de posse, reconhecendo a aquisição da propriedade pelos autores.

 

II. Questão em discussão

2. Há duas questões em discussão: (i) verificar se estão preenchidos os requisitos da usucapião especial rural prevista no art. 1.239 do Código Civil; e (ii) definir se, ausente requisito específico dessa modalidade, é possível reconhecer a usucapião extraordinária mediante aplicação do princípio da fungibilidade, bem como apreciar o pedido reconvencional de reintegração de posse.

 

III. Razões de decidir

3. A ausência de comprovação de que os autores não são proprietários de outro imóvel impede o reconhecimento da usucapião especial rural, mas não obsta o acolhimento da pretensão com fundamento na usucapião extraordinária quando comprovados os requisitos previstos no art. 1.238, parágrafo único, do Código Civil.

4. A jurisprudência admite a fungibilidade entre as modalidades de usucapião, competindo ao julgador aplicar o direito correspondente aos fatos efetivamente demonstrados, sem que isso configure julgamento extra ou ultra petita.

5. Demonstrada posse mansa, pacífica, contínua e com animus domini por período superior a dez anos, aliada à moradia habitual e ao caráter produtivo do imóvel, impõe-se o reconhecimento da usucapião extraordinária na forma do art. 1.238, parágrafo único, do Código Civil.

6. O Superior Tribunal de Justiça firmou entendimento de que o requisito temporal da usucapião pode ser implementado no curso da demanda, nos termos do art. 493 do Código de Processo Civil.

7. Reconhecida a aquisição originária da propriedade e ausente demonstração de posse anterior da reconvinte, é improcedente o pedido de reintegração de posse.

 

IV. Dispositivo e tese

6. Recurso desprovido.

 

Tese de julgamento

1. É admissível o reconhecimento da usucapião extraordinária, por aplicação do princípio da fungibilidade entre as modalidades de usucapião, quando, embora não preenchidos todos os requisitos da modalidade invocada na petição inicial, restarem comprovados os pressupostos legais da espécie efetivamente configurada, podendo, inclusive, o requisito temporal ser implementado no curso da demanda, nos termos do art. 493 do CPC.

2. O requisito temporal da usucapião pode ser implementado no curso da demanda, nos termos do art. 493 do Código de Processo Civil, conforme entendimento consolidado do Superior Tribunal de Justiça.

3. Reconhecida a aquisição originária da propriedade pela usucapião, revela-se improcedente o pedido reconvencional de reintegração de posse formulado por quem não demonstrou posse anterior apta a justificar a tutela possessória.

 

ACÓRDÃO

 

Vistos, relatados e discutidos os presentes autos, ACORDAM os Desembargadores integrantes da 1ª Câmara Cível do Tribunal de Justiça do Estado de Pernambuco, à unanimidade, em NEGAR PROVIMENTO ao recurso, nos termos do voto do Relator.

 

Recife, data conforme assinatura eletrônica.

 

 

Des. Marcelo Russell

Relator


      
ACÓRDÃO

        















Tribunal de Justiça de Pernambuco
 Poder Judiciário





1ª Câmara Cível - Recife




 - F:(  ) 




Processo nº 0001706-14.2011.8.17.1350




APELANTE: CINCO CONSTRUCAO E INCORPORACAO LTDA - ME




APELADO(A): SEVERINO CARLOS DE ASSIS, LUCINEIDE MARIA DE ASSIS









INTEIRO TEOR









Relator: 
MARCELO RUSSELL WANDERLEY










Relatório:




 




 




PODER JUDICIÁRIO




TRIBUNAL DE JUSTIÇA DO ESTADO DE PERNAMBUCO




1ª CÂMARA CÍVEL




APELAÇÃO CÍVEL: 0001706-14.2011.8.17.1350




JUÍZO DE ORIGEM: 1ª Vara Cível da Comarca de São Lourenço da Mata




RECORRENTE: CINCO CONSTRUÇÃO E INCORPORAÇÃO LTDA - ME




RECORRIDOS: SEVERINO CARLOS DE ASSIS e LUCINEIDE MARIA DOS SANTOS




RELATOR: Des. Marcelo Russell




 




RELATÓRIO




 




Trata-se de APELAÇÃO interposta por CINCO CONSTRUÇÃO E INCORPORAÇÃO LTDA - ME em face da sentença proferida pelo Juízo da 1ª Vara Cível da Comarca de São Lourenço da Mata, que julgou procedente a Ação de Usucapião Especial ajuizada por SEVERINO CARLOS DE ASSIS e LUCINEIDE MARIA DOS SANTOS, reconhecendo-se o domínio sobre o imóvel descrito na petição inicial — Lote nº 09, Quadra K, do Loteamento Recanto de Aldeia, no Município de São Lourenço da Mata — e determinando a expedição de mandado para transcrição no competente Cartório de Registro de Imóveis, com fundamento no art. 487, inciso I, do CPC/2015.




Na sentença (Id. 29811977), a magistrada consignou que os autores comprovaram a posse mansa, pacífica, ininterrupta e com ânimo de dono por mais de 10 (dez) anos, havendo condenação da parte demandada ao pagamento das custas e honorários advocatícios, estes arbitrados em R$ 2.000,00 (dois mil reais).




Em suas razões recursais (Id. 29811980 a 29811982), a empresa apelante impugna frontalmente os fundamentos da sentença, alegando a impossibilidade de reconhecimento da usucapião especial, eis que os autores não teriam comprovado: (i) ausência de titularidade de outro imóvel; (ii) residência no imóvel objeto da lide; (iii) realização de cultivo para subsistência; (iv) exercício da posse por período aquisitivo legal, devido à ausência de provas documentais — como contas de água, energia, IPTU, ou outros comprovantes de residência; e (v) correta individualização do imóvel, argumentando a não juntada de planta subscrita por profissional habilitado junto ao CREA, conforme determinado judicialmente.




Requereu, ao final, a reforma da sentença para julgar improcedente o pedido de usucapião e o acolhimento da reconvenção apresentada na instância de origem, para fins de reintegração de posse, bem como a condenação dos apelados em perdas e danos.




Contrarrazões apresentadas pela parte autora (Id. 29811867), pugnando pela manutenção da sentença. 




É o que importa relatar.




Inclua-se em pauta.




 




Recife, data conforme assinatura eletrônica. 




 




Des. Marcelo Russell
 Relator




 




 




 




 










Voto vencedor:







 




PODER JUDICIÁRIO




TRIBUNAL DE JUSTIÇA DO ESTADO DE PERNAMBUCO




1ª CÂMARA CÍVEL




APELAÇÃO CÍVEL: 0001706-14.2011.8.17.1350




JUÍZO DE ORIGEM: 1ª Vara Cível da Comarca de São Lourenço da Mata




RECORRENTE: CINCO CONSTRUÇÃO E INCORPORAÇÃO LTDA - ME




RECORRIDOS: SEVERINO CARLOS DE ASSIS e LUCINEIDE MARIA DOS SANTOS




RELATOR: Des. Marcelo Russell




 




 




VOTO




 




Presentes os pressupostos de admissibilidade, conheço do recurso e passo a apreciá-lo.




A controvérsia devolvida a este Colegiado consiste em verificar se a sentença que reconheceu a aquisição do imóvel pelos autores deve ser reformada, diante da alegada ausência dos requisitos para a usucapião especial rural prevista no art. 1.239 do Código Civil, bem como se procede o pedido reconvencional de reintegração de posse formulado pela apelante.




Sustenta a recorrente que os autores não comprovaram os pressupostos exigidos pelo art. 1.239 do Código Civil.  




Dispõe o referido dispositivo:




Art. 1.239. Aquele que, não sendo proprietário de imóvel rural ou urbano, possua como sua, por cinco anos ininterruptos, sem oposição, área de terra em zona rural não superior a cinqüenta hectares, tornando-a produtiva por seu trabalho ou de sua família, tendo nela sua moradia, adquirir-lhe-á a propriedade.




 




Da leitura do dispositivo, extrai-se que a usucapião especial rural exige a demonstração cumulativa da posse contínua e incontestada, exercida com animus domini pelo prazo de cinco anos, da utilização produtiva do imóvel para subsistência e da inexistência de outro imóvel de propriedade do possuidor.




No caso concreto, a prova produzida é suficientemente robusta para demonstrar que os autores exercem posse mansa, pacífica e com ânimo de dono há mais de dez anos, circunstância evidenciada pelos depoimentos testemunhais e pelos demais elementos constantes dos autos. Também restou comprovado que o imóvel serve de moradia aos possuidores e é utilizado para cultivo de subsistência.




Em ações de usucapião, a prova testemunhal assume especial relevância, porquanto constitui importante meio de demonstração da posse prolongada, mansa, pacífica e exercida com animus domini, sendo frequentemente decisiva para a solução da controvérsia.




Nessa perspectiva, não prospera a alegação da apelante de que os apelados não residiriam no imóvel objeto da demanda, com fundamento nas certidões lavradas pelo Oficial de Justiça às fls. 87 e 104. Isso porque tais diligências não atestam a inexistência de moradia no local, limitando-se a consignar que o imóvel está situado em área rural de difícil acesso. Longe de infirmar a posse exercida pelos autores, essa circunstância é compatível com o conjunto probatório produzido, reforçando que se trata de pessoas humildes que utilizam o imóvel como moradia e para o cultivo de subsistência, exatamente como afirmado pelas testemunhas ouvidas em juízo.




É verdade que não há comprovação da inexistência de outro imóvel em nome dos autores, circunstância que inviabiliza o reconhecimento da usucapião especial rural. Todavia, tal fato não impede o acolhimento da pretensão sob modalidade diversa, desde que preenchidos os respectivos requisitos legais.




Com efeito, os elementos probatórios revelam que a hipótese se subsume ao art. 1.238, parágrafo único, do Código Civil, que assim dispõe:




Art. 1.238. Aquele que, por quinze anos, sem interrupção, nem oposição, possuir como seu um imóvel, adquire-lhe a propriedade, independentemente de título e boa-fé; podendo requerer ao juiz que assim o declare por sentença, a qual servirá de título para o registro no Cartório de Registro de Imóveis.




Parágrafo único. O prazo estabelecido neste artigo reduzir-se-á a dez anos se o possuidor houver estabelecido no imóvel a sua moradia habitual, ou nele realizado obras ou serviços de caráter produtivo.




 




Embora a inicial tenha sido fundada na usucapião especial rural, é plenamente possível o reconhecimento da usucapião extraordinária mediante aplicação do princípio da fungibilidade entre as modalidades de prescrição aquisitiva, desde que demonstrados os requisitos da espécie efetivamente configurada.




A jurisprudência pátria é pacífica nesse sentido:




 




EMENTA DIREITO CIVIL. AÇÃO DE USUCAPIÃO. USUCAPIÃO ESPECIAL RURAL. REQUISITO NÃO COMPROVADO. AUSÊNCIA DE MORADIA HABITUAL. POSSIBILIDADE DE RECONHECIMENTO DA USUCAPIÃO EXTRAORDINÁRIA. PRINCÍPIO DA FUNGIBILIDADE DAS MODALIDADES. POSSE MANSA E PACÍFICA COM ANIMUS DOMINI POR MAIS DE 15 ANOS. SENTENÇA REFORMADA. PROVIMENTO DO RECURSO. 1 – [...] 2 – A questão em discussão consiste em (i) saber se estão presentes os requisitos legais para o reconhecimento da usucapião especial rural, nos termos do art. 191 da Constituição Federal e art . 1.239 do Código Civil, e (ii) subsidiariamente, verificar se é possível o reconhecimento da usucapião extraordinária, conforme art. 1.238 do Código Civil, mediante aplicação do princípio da fungibilidade entre as espécies de usucapião . 3 – [...]. 4 – A aplicação do princípio da fungibilidade entre as espécies de usucapião encontra respaldo na jurisprudência pátria e visa resguardar a efetividade do direito material, especialmente em hipóteses em que o conjunto probatório demonstra a consolidação da posse com as características exigidas para a modalidade extraordinária, independentemente de requerimento específico inicial. 5 – A sentença deve ser reformada para julgar procedente o pedido, reconhecendo-se a aquisição da propriedade pela via da usucapião extraordinária, nos termos do art. 1 .238 do Código Civil. 6 – Provimento do recurso.




(TJ-PE - APELAÇÃO CÍVEL: 00004411520108171090, Relator.: ANGELA CRISTINA DE NOROES LINS CAVALCANTI, Data de Julgamento: 06/10/2025, Gabinete do Des . Sílvio Neves Baptista Filho (5ª CC))




 




DIREITO CIVIL. APELAÇÃO CÍVEL. AÇÃO DE USUCAPIÃO. FUNGIBILIDADE ENTRE MODALIDADES DE USUCAPIÃO. USUCAPIÃO EXTRAORDINÁRIA COMUM. REQUISITOS PREENCHIDOS. CONHECIMENTO E PROVIMENTO DO RECURSO. I. [...]. II. QUESTÕES EM DISCUSSÃOHá duas questões em discussão: (i) saber se é possível aplicar o princípio da fungibilidade entre as modalidades de usucapião para fins de reconhecimento da usucapião extraordinária comum; (ii) saber se estão preenchidos os requisitos da usucapião extraordinária comum, independentemente da modalidade inicialmente invocada. III. RAZÕES DE DECIDIR 1. O Código Civil, em seu art. 1 .238, caput, e parágrafo único, disciplina os requisitos da usucapião extraordinária comum e especial, permitindo o reconhecimento da aquisição da propriedade por posse prolongada, com ou sem redução de prazo. 2. Restou demonstrado nos autos, por meio de provas documentais e testemunhais, que os apelantes exerceram posse mansa, pacífica e com animus domini por período superior a quinze anos, sem oposição. 3 . Embora ausente prova suficiente que caracterize o exercício da função social da propriedade ou a moradia habitual que autorizem a aplicação do prazo reduzido, é cabível o reconhecimento da modalidade extraordinária comum, pela posse superior ao mínimo legal. 4. A aplicação do princípio da fungibilidade entre as modalidades de usucapião é admitida pela jurisprudência, desde que demonstrados os requisitos legais do tipo adequado, ainda que não pleiteado inicialmente. O juízo não está adstrito à modalidade indicada pela parte, podendo reconhecer aquela cuja configuração estiver comprovada, conforme autorizado pelo art . 489, § 1º, IV, do CPC. 5. Reformada a sentença para reconhecer o domínio dos apelantes por usucapião extraordinária comum. [...].




(TJ-PR 00065069120108160075 Cornélio Procópio, Relator.: substituta ana paula kaled accioly rodrigues da costa, Data de Julgamento: 14/07/2025, 18ª Câmara Cível, Data de Publicação: 14/07/2025)




 




DIREITO CIVIL. USUCAPIÃO ORDINÁRIA. SENTENÇA IMPROCEDENTE. APELAÇÃO DA PARTE AUTORA. TESE DE FUNGIBILIDADE ENTRE AS MODALIDADES DE USUCAPIÃO. ACOLHIDA. PREENCHIMENTO DOS REQUISITOS PARA A USUCAPIÃO ESPECIAL URBANA. ART. 1.240, DO CÓDIGO CIVIL. POSSIBILIDADE. APLICAÇÃO DO PRINCÍPIO DA FUNGIBILIDADE. MEDIDA QUE NÃO IMPORTA EM DECISÃO ULTRA PETITA. SENTENÇA REFORMADA. SEM CONDENAÇÃO EM HONORÁRIOS. RECURSO CONHECIDO E PROVIDO. UNANIMIDADE. 1. Versava a demanda inicialmente sobre pedido de reconhecimento da usucapião ordinária, pleiteando a parte apelante, posteriormente, a aplicação do princípio da fungibilidade entre as modalidades legais existentes. 2 . A fungibilidade das ações de usucapião como forma de privilégio da economia processual tem sido amplamente reconhecida pela jurisprudência pátria, sem que a conversão implique em decisão ultra petita ou fira os princípios da imparcialidade, adstrição ou congruência, uma vez que o julgador pode decidir a partir do Princípio Jura Novit Curia. 3. Na hipótese vertente, houve o preenchimento dos requisitos exigidos para a usucapião especial urbana, prevista no art. 183, da Constituição Federal e no art . 1.240, do Código Civil. 4. Reformada a sentença primeva para que seja declarada em favor da autora o direito à Usucapião mencionada, em face da aplicação do princípio da fungibilidade. 5. Sem condenação em honorários advocatícios, conforme a jurisprudência do STJ. 6. Recurso conhecido e provido. Unanimidade.




(TJ-AL - Apelação Cível: 0700555-75.2017.8.02.0057 Viçosa, Relator.: Des. Carlos Cavalcanti de Albuquerque Filho, Data de Julgamento: 18/04/2024, 2ª Câmara Cível, Data de Publicação: 19/04/2024)




 




EMENTA: APELAÇÃO CÍVEL. AÇÃO DE USUCAPIÃO ORDINÁRIA CONVERTIDA EM EXTRAÓRDINARIA. FUNGIBILIDADE DAS MODALIDADES DE USUCAPIÃO. POSSIBILIDADE. PRECEDENTES DESTA CORTE. PREENCHIMENTO DOS REQUISITOS PREVISTOS NO ART. 1238, CAPUT, DO CÓDIGO CIVIL. POSSE MANSA, PACÍFICA E ININTERRUPTA POR 15 ANOS DEMONSTRADA. PRETENSÃO AQUISITIVA ACOLHIDA. 1. Tendo em mente que cabe ao julgador, de modo exclusivo, a aplicação do direito à espécie, fixando as consequências jurídicas para os fatos que são narrados, consoante a máxima: "dai-me o fato que te dou o direito", é possível a aplicação do princípio da fungibilidade entre as modalidades de usucapião, a depender da realidade fática trazida aos autos pelas partes. 2 . Com base no artigo 1238, caput, do CC, "aquele que, por quinze anos, sem interrupção, nem oposição, possuir como seu um imóvel, adquire-lhe a propriedade, independentemente de título e boa-fé; podendo requerer ao juiz que assim o declare por sentença, a qual servirá de título para o registro no Cartório de Registro de Imóveis". 3. Uma vez demonstrada a posse mansa, pacífica e ininterrupta da parte autora e seus antecessores sob o imóvel, objeto da lide, por mais de 15 anos, impõe-se o acolhimento da pretensão autoral para declarar a aquisição da propriedade pela usucapião extraordinária. 4 . Recurso provido.




(TJ-MG - AC: 10344140038169001 Iturama, Relator.: João Rodrigues dos Santos Neto (JD Convocado), Data de Julgamento: 17/08/2021, Câmaras Cíveis / 9ª CÂMARA CÍVEL, Data de Publicação: 23/08/2021)




 




Além disso, o Superior Tribunal de Justiça consolidou entendimento no sentido de que o requisito temporal da usucapião pode ser implementado no curso da própria demanda, nos termos do art. 493 do Código de Processo Civil, conforme demonstra o seguinte precedente:




 




AGRAVO INTERNO NO RECURSO ESPECIAL. DIREITO CIVIL E PROCESSUAL CIVIL. USUCAPIÃO EXTRAORDINÁRIA. PRESCRIÇÃO AQUISITIVA. PRAZO. IMPLEMENTAÇÃO. CURSO DA DEMANDA. POSSIBILIDADE. FATO SUPERVENIENTE. ART. 493 DO CPC/2015. CONTESTAÇÃO. INTERRUPÇÃO DA POSSE. INEXISTÊNCIA. INOVAÇÃO RECURSAL. PRECLUSÃO CONSUMATIVA. 1. Cinge-se a controvérsia a definir se é possível o reconhecimento da usucapião de bem imóvel na hipótese em que o requisito temporal (prazo para usucapir) previsto em lei é implementado no curso da demanda. 2. O prazo, na ação de usucapião, pode ser completado no curso do processo, em conformidade com o disposto no art. 493 do CPC/2015.Precedentes. 3. A contestação não tem a capacidade de exprimir a resistência do demandado à posse exercida pela parte autora, mas apenas a sua discordância com a aquisição do imóvel pela usucapião. Precedentes. 4. A alegação tardia de tese em agravo interno configura inovação recursal, insuscetível de exame diante da preclusão consumativa. 5 . Agravo interno não provido.




(STJ - AgInt no REsp: 1948445 MS 2021/0214644-8, Relator.: Ministro RICARDO VILLAS BÔAS CUEVA, Data de Julgamento: 16/12/2024, T3 - TERCEIRA TURMA, Data de Publicação: DJEN 20/12/2024).




 




Na hipótese dos autos, verifica-se que os autores comprovaram posse qualificada por período superior a dez anos, exercida de forma contínua, pacífica e com animus domini, tendo estabelecido no imóvel sua moradia habitual e desenvolvido atividade produtiva, circunstâncias que autorizam o reconhecimento da usucapião extraordinária na forma do art. 1.238, parágrafo único, do Código Civil.




Consequentemente, não prospera o pedido reconvencional de reintegração de posse. Além de a aquisição da propriedade pela prescrição aquisitiva impedir o acolhimento da pretensão possessória, a apelante sequer demonstrou ter exercido posse anterior sobre o imóvel capaz de amparar a tutela reivindicada.




Diante desse contexto, a sentença deve ser integralmente preservada, ainda que por fundamento jurídico diverso, aplicando-se o princípio iura novit curia, para reconhecer a aquisição da propriedade com fundamento no art. 1.238, parágrafo único, do Código Civil.




Ante o exposto, VOTO no sentido de NEGAR PROVIMENTO ao recurso de apelação, mantendo integralmente a sentença, embora por fundamento diverso, reconhecendo a aquisição do imóvel pelos autores com fundamento no art. 1.238, parágrafo único, do Código Civil.




 




Recife, data conforme assinatura eletrônica.




 




Des. Marcelo Russell




Relator




 




 




 










 




Demais votos:




 










Ementa:







PODER JUDICIÁRIO




TRIBUNAL DE JUSTIÇA DO ESTADO DE PERNAMBUCO




1ª CÂMARA CÍVEL




APELAÇÃO CÍVEL: 0001706-14.2011.8.17.1350




JUÍZO DE ORIGEM: 1ª Vara Cível da Comarca de São Lourenço da Mata




RECORRENTE: CINCO CONSTRUÇÃO E INCORPORAÇÃO LTDA - ME




RECORRIDOS: SEVERINO CARLOS DE ASSIS e LUCINEIDE MARIA DOS SANTOS




RELATOR: Des. Marcelo Russell




 




EMENTA: DIREITO CIVIL E PROCESSUAL CIVIL. APELAÇÃO CÍVEL. AÇÃO DE USUCAPIÃO. PRINCÍPIO DA FUNGIBILIDADE ENTRE AS MODALIDADES DE USUCAPIÃO. RECONHECIMENTO DA USUCAPIÃO EXTRAORDINÁRIA. MANUTENÇÃO DA SENTENÇA POR FUNDAMENTO DIVERSO. RECURSO DESPROVIDO.




 




I. Caso em exame




1. Apelação cível interposta contra sentença que julgou procedente ação de usucapião e improcedente reconvenção de reintegração de posse, reconhecendo a aquisição da propriedade pelos autores.




 




II. Questão em discussão




2. Há duas questões em discussão: (i) verificar se estão preenchidos os requisitos da usucapião especial rural prevista no art. 1.239 do Código Civil; e (ii) definir se, ausente requisito específico dessa modalidade, é possível reconhecer a usucapião extraordinária mediante aplicação do princípio da fungibilidade, bem como apreciar o pedido reconvencional de reintegração de posse.




 




III. Razões de decidir




3. A ausência de comprovação de que os autores não são proprietários de outro imóvel impede o reconhecimento da usucapião especial rural, mas não obsta o acolhimento da pretensão com fundamento na usucapião extraordinária quando comprovados os requisitos previstos no art. 1.238, parágrafo único, do Código Civil.




4. A jurisprudência admite a fungibilidade entre as modalidades de usucapião, competindo ao julgador aplicar o direito correspondente aos fatos efetivamente demonstrados, sem que isso configure julgamento extra ou ultra petita.




5. Demonstrada posse mansa, pacífica, contínua e com animus domini por período superior a dez anos, aliada à moradia habitual e ao caráter produtivo do imóvel, impõe-se o reconhecimento da usucapião extraordinária na forma do art. 1.238, parágrafo único, do Código Civil.




6. O Superior Tribunal de Justiça firmou entendimento de que o requisito temporal da usucapião pode ser implementado no curso da demanda, nos termos do art. 493 do Código de Processo Civil.




7. Reconhecida a aquisição originária da propriedade e ausente demonstração de posse anterior da reconvinte, é improcedente o pedido de reintegração de posse.




 




IV. Dispositivo e tese




6. Recurso desprovido.




 




Tese de julgamento




1. É admissível o reconhecimento da usucapião extraordinária, por aplicação do princípio da fungibilidade entre as modalidades de usucapião, quando, embora não preenchidos todos os requisitos da modalidade invocada na petição inicial, restarem comprovados os pressupostos legais da espécie efetivamente configurada, podendo, inclusive, o requisito temporal ser implementado no curso da demanda, nos termos do art. 493 do CPC.




2. O requisito temporal da usucapião pode ser implementado no curso da demanda, nos termos do art. 493 do Código de Processo Civil, conforme entendimento consolidado do Superior Tribunal de Justiça.




3. Reconhecida a aquisição originária da propriedade pela usucapião, revela-se improcedente o pedido reconvencional de reintegração de posse formulado por quem não demonstrou posse anterior apta a justificar a tutela possessória.




 




ACÓRDÃO




 




Vistos, relatados e discutidos os presentes autos, ACORDAM os Desembargadores integrantes da 1ª Câmara Cível do Tribunal de Justiça do Estado de Pernambuco, à unanimidade, em NEGAR PROVIMENTO ao recurso, nos termos do voto do Relator.




 




Recife, data conforme assinatura eletrônica.




 




 




Des. Marcelo Russell




Relator




 










Proclamação da decisão:




À unanimidade de votos, negou-se parcial provimento ao recurso, nos termos do voto da Relatoria.










Magistrados: [JOSE RAIMUNDO DOS SANTOS COSTA, FABIO EUGENIO DANTAS DE OLIVEIRA LIMA, MARCELO RUSSELL WANDERLEY]
















, 29 de julho de 2026




 




 




 




 




 




 




 




Magistrado


      
DOCUMENTO 19  
Acompanhamento Processual
Resultado sem Formatação
Imprimir
ACÓRDÃO
PROCESSO
0036185-63.2024.8.17.2001 
CLASSE CNJ
198 APELAÇÃO CÍVEL
ASSUNTO CNJ
10452 Reivindicação
RELATOR(A)
MARCELO RUSSELL WANDERLEY
ÓRGÃO JULGADOR
Gabinete do Des. Sílvio Neves Baptista Filho (5ª CC)
DATA DE JULGAMENTO
30/07/2026
DATA DA PUBLICAÇÃO/FONTE
30/07/2026
MEIO DE TRAMITAÇÃO
ELETRONICO
EMENTA

        



   








PODER JUDICIÁRIO 








TRIBUNAL DE JUSTIÇA DE PERNAMBUCO 








Gabinete do Des. Neves Baptista 








   








5ª CÂMARA CÍVEL 




APELAÇÃO N.º 0036185-63.2024.8.17.2001




APELANTES: Thyago de Goes Travassos e Sheyla Asfora Goes




APELADOS: Espólio Maria das Gracas Batista




JUÍZO DE ORIGEM: Seção A da 13ª Vara Cível da Capital




JUIZ SENTENCIANTE: Flavia Fabiane Nascimento Figueira




RELATOR: Des. NEVES BAPTISTA




 




DIREITO CIVIL E PROCESSUAL CIVIL. APELAÇÃO CÍVEL. AÇÃO REIVINDICATÓRIA. RECONVENÇÃO DE USUCAPIÃO EXTRAORDINÁRIA. JULGAMENTO ANTECIPADO DA LIDE. CERCEAMENTO DE DEFESA CONFIGURADO. NULIDADE DA SENTENÇA. RECURSO PROVIDO.




1-Apelação interposta contra sentença que, em ação reivindicatória cumulada com reconvenção de usucapião extraordinária, julgou procedente o pedido reivindicatório e improcedente a reconvenção, ao fundamento de que a ocupação do imóvel teve origem em mera permissão de terceiro, configurando detenção insuscetível de gerar posse ad usucapionem, nos termos do art. 1.208 do Código Civil.




2-A questão em discussão consiste em saber se: (i) o indeferimento da prova testemunhal requerida pelos recorrentes, destinada a comprovar interversão da posse ocorrida ao longo de mais de vinte anos, caracteriza cerceamento de defesa; (ii) a matéria discutida na reconvenção constitui questão exclusivamente de direito, apta a autorizar o julgamento antecipado do mérito.




3-O art. 1.203 do Código Civil estabelece que a posse mantém o caráter com que foi adquirida, salvo prova em contrário, ressalva que pressupõe a possibilidade de demonstração de mutação da relação possessória ao longo do tempo.




4-A verificação dessa mutação não se resolve por presunção decorrente da origem precária da posse, mas depende da comprovação de atos concretos que exteriorizem a substituição da posse em nome de outrem pela posse em nome próprio.




5-Os recorrentes sustentam interversão possessória fundada em circunstâncias fáticas específicas, quais sejam, exercício de posse exclusiva, assunção integral dos encargos do imóvel, ausência de pagamento de aluguel e inexistência de fiscalização do titular registral durante todo o período, fatos que não se esgotam na prova documental já constante dos autos.




6-O julgamento antecipado do mérito, com o consequente indeferimento da prova oral pertinente e necessária à demonstração de fato controvertido essencial ao deslinde da reconvenção, importa em restrição indevida ao direito de produzir prova, em afronta aos arts. 369 e 370 do CPC e aos princípios do contraditório e da ampla defesa.




7-Reconhecido o cerceamento de defesa, impõe-se a nulidade da sentença, com retorno dos autos à origem para reabertura da instrução processual e realização de audiência de instrução e julgamento, restando prejudicada, por ora, a análise do mérito recursal quanto à usucapião extraordinária.




8-Recurso provido.




 




TESE DE JULGAMENTO: "1. O indeferimento de prova testemunhal pertinente e necessária à comprovação de fato controvertido relativo à interversão da posse, quando a matéria não se resume a questão de direito, configura cerceamento de defesa e enseja a nulidade da sentença. 2. A interversão da posse, prevista no art. 1.203 do Código Civil, depende da comprovação de atos concretos que exteriorizem a mudança do caráter possessório, não podendo ser afastada por mera presunção decorrente da origem permissiva da ocupação." 




 




DISPOSITIVOS RELEVANTES CITADOS: CPC/2015, arts. 355, I, 369 e 370; Código Civil, arts. 1.203, 1.208 e 1.238.










ACÓRDÃO










Vistos, relatados e discutidos os presentes autos de Apelação Cível n.º 0036185-63.2024.8.17.2001, ACORDAM os Desembargadores que integram a 5ª Câmara Cível do Tribunal de Justiça de Pernambuco, à unanimidade, em conhecer e DAR PROVIMENTO ao recurso, para acolher a preliminar de cerceamento de defesa, anular a sentença recorrida e determinar o retorno dos autos à origem, a fim de que seja reaberta a instrução processual, com a realização de audiência de instrução e julgamento destinada à produção da prova testemunhal requerida pelos apelantes, na conformidade do relatório, dos votos proferidos e das notas taquigráficas.




 




Recife/PE, data da assinatura digital. 




Des. NEVES BAPTISTA




Relator




      
ACÓRDÃO

        















Tribunal de Justiça de Pernambuco
 Poder Judiciário





5ª Câmara Cível - Recife




, Rua Doutor Moacir Baracho, s/n, RECIFE - PE - CEP: 50010-930  - F:(  ) 




Processo nº 0036185-63.2024.8.17.2001




APELANTE: THYAGO DE GOES TRAVASSOS, SHEYLA ASFORA GOES




APELADO(A): MARIA DAS GRACAS BATISTA









INTEIRO TEOR









Relator: 
SILVIO NEVES BAPTISTA FILHO










Relatório:




 






   








PODER JUDICIÁRIO 








TRIBUNAL DE JUSTIÇA DE PERNAMBUCO 








Gabinete do Des. Neves Baptista 




 




5ª CÂMARA CÍVEL 




APELAÇÃO N.º 0036185-63.2024.8.17.2001




APELANTES: Thyago de Goes Travassos e Sheyla Asfora Goes




APELADOS: Espólio Maria das Gracas Batista




JUÍZO DE ORIGEM: Seção A da 13ª Vara Cível da Capital




JUIZ SENTENCIANTE: Flavia Fabiane Nascimento Figueira




RELATOR: Des. NEVES BAPTISTA




 




RELATÓRIO 




 




Trata-se de apelação interposta por Thyago de Goes Travassos e Sheyla Asfora Góes contra a sentença proferida pelo Juízo da Seção A da 13ª Vara Cível da Comarca do Recife na ação reivindicatória cumulada com reconvenção de usucapião extraordinária que lhes move o Espólio de Maria das Graças Batista, ora apelado.










Na sentença (ID 62865529), o Juízo julgou procedente o pedido reivindicatório e improcedente a reconvenção. Reconheceu preenchidos os requisitos da ação reivindicatória (titularidade do domínio, individualização do bem e posse injusta), com base na matrícula nº 18.754. Quanto à posse, entendeu que a própria narrativa dos réus, admitindo terem ingressado no imóvel mediante autorização de terceira pessoa para moradia gratuita, atrai o art. 1.208 do Código Civil, que não reconhece posse a atos de mera permissão ou tolerância, caracterizando detenção, e não posse hábil à usucapião.










Considerou que, nos termos do art. 1.203 do Código Civil, a posse mantém o caráter com que foi adquirida, salvo prova robusta de interversão, ausente nos autos, e que os pagamentos de IPTU, energia e condomínio não convertem a detenção em posse ad usucapionem. Pontuou que a notificação extrajudicial de 08/02/2024 constituiu os réus em mora. Condenou os réus a custas e honorários de 15% sobre o valor da causa, com exigibilidade suspensa em razão da gratuidade da justiça.










Em suas razões, os apelantes sustentam:











Cerceamento de defesa, por indeferimento da prova testemunhal requerida, essencial, a seu ver, para comprovar animus domini e interversão possessória, com violação aos arts. 369 e 370 do CPC.


Equívoco na qualificação da posse como mera detenção, defendendo a possibilidade de interversão possessória mesmo em posse de origem permissiva (art. 1.203 do CC e doutrina de Cristiano Chaves de Farias, Flávio Tartuce e Maria Helena Diniz);


Configuração de interversão possessória ao longo de mais de vinte anos, ante o exercício de posse exclusiva, assunção dos encargos do imóvel e ausência de fiscalização do titular registral;


Preenchimento dos requisitos da usucapião extraordinária (art. 1.238 do CC), independentemente de justo título e boa-fé;


Violação à função social da propriedade e da posse (art. 5º, XXIII, da CF), defendendo a prevalência da posse consolidada sobre a formalidade registral.


Requerem, preliminarmente, a nulidade da sentença por cerceamento de defesa; subsidiariamente, no mérito, a reforma integral da sentença, com improcedência da reivindicatória e procedência da reconvenção.









Em contrarrazões, o Espólio apelado pugna pelo improvimento do recurso, sustentando:











Ausência de posse ad usucapionem por falta de animus domini, já que a ocupação teve origem em mera tolerância (art. 1.208 do CC), sem prova de ato externo inequívoco de interversão;


Solidez probatória do domínio, comprovado pela matrícula do imóvel, certidão narrativa imobiliária e ficha cadastral de IPTU em nome do Espólio;


Validade da notificação extrajudicial, ato pré-processual regido pela Lei nº 8.935/1994, não equiparável à citação judicial;


Ausência de comprovação dos requisitos da usucapião extraordinária, notadamente do animus domini;


Correção da sentença, que teria analisado de forma fundamentada todas as questões suscitadas.


Requer o conhecimento e improvimento do recurso, com manutenção integral da sentença e condenação dos apelantes a custas e honorários recursais (art. 85, §11, do CPC).





 




 




É o relatório.




 




Inclua-se em pauta.




 




Recife/PE, data da assinatura digital.  




Des. NEVES BAPTISTA




Relator






 










Voto vencedor:




 






   








PODER JUDICIÁRIO 








TRIBUNAL DE JUSTIÇA DE PERNAMBUCO 








Gabinete do Des. Neves Baptista 








   








5ª CÂMARA CÍVEL 




APELAÇÃO N.º 0036185-63.2024.8.17.2001




APELANTES: Thyago de Goes Travassos e Sheyla Asfora Goes




APELADOS: Espólio Maria das Gracas Batista




JUÍZO DE ORIGEM: Seção A da 13ª Vara Cível da Capital




JUIZ SENTENCIANTE: Flavia Fabiane Nascimento Figueira




RELATOR: Des. NEVES BAPTISTA




 




VOTO




 




Presentes os pressupostos de admissibilidade, conheço do recurso de apelação.










Trata-se de ação reivindicatória cumulada com reconvenção de usucapião extraordinária, na qual o Espólio de Maria das Graças Batista busca a retomada de imóvel situado na Rua Rondônia, nº 141, Zumbi, Recife/PE, ocupado pelos apelantes desde 2003.










A sentença julgou procedente a reivindicatória e improcedente a reconvenção, por entender que a ocupação teve origem em mera permissão, configurando detenção precária insuscetível de gerar posse ad usucapionem. Os apelantes recorrem sustentando, preliminarmente, cerceamento de defesa pelo indeferimento da prova testemunhal e, no mérito, a ocorrência de interversão possessória apta a configurar a usucapião extraordinária.










Passa-se à análise da preliminar suscitada.










A preliminar diz respeito ao cerceamento de defesa decorrente do julgamento antecipado da lide, com o consequente indeferimento da prova testemunhal requerida na fase de especificação de provas (ID 218195064).










Verifica-se dos autos que a sentença fundamentou a improcedência da reconvenção de usucapião extraordinária na premissa de que o ingresso dos réus no imóvel se deu por ato de permissão de terceira pessoa, o que atrairia a incidência do art. 1.208 do Código Civil e afastaria, de plano, o animus domini. A partir dessa premissa, o Juízo de origem considerou que a matéria seria essencialmente de direito, dispensando a produção de prova oral e autorizando o julgamento antecipado do mérito, nos termos do art. 355, I, do CPC.










Ocorre que a tese central defendida pelos apelantes, tanto na contestação cumulada com reconvenção quanto nas razões recursais, não se limita a negar a origem permissiva da ocupação. Os apelantes sustentam, de forma específica, a ocorrência de interversão da posse ao longo de mais de vinte anos, decorrente da alteração objetiva do comportamento possessório: exercício de posse exclusiva, assunção integral dos encargos do imóvel (IPTU, condomínio, energia elétrica), ausência de pagamento de aluguel e inexistência de qualquer fiscalização ou ato de ingerência por parte do titular registral durante todo esse período.










O art. 1.203 do Código Civil estabelece que a posse mantém, salvo prova em contrário, o mesmo caráter com que foi adquirida. A ressalva contida na própria norma ("salvo prova em contrário") pressupõe a possibilidade de demonstração de que a relação possessória, embora precária em sua origem, tenha sofrido mutação ao longo do tempo. A verificação dessa mutação, no entanto, não se resolve por presunção ou pela mera análise da causa inicial da posse: depende da comprovação de atos concretos que exteriorizem, de forma inequívoca, a substituição da posse em nome de outrem pela posse em nome próprio.










Nesse contexto, a produção de prova testemunhal revela-se pertinente e necessária, e não meramente protelatória, na medida em que se destina a demonstrar circunstâncias fáticas que dificilmente encontram registro documental direto.










Tais fatos, por sua natureza, não se esgotam na prova documental já constante dos autos, notadamente porque a própria controvérsia recursal preliminar reside em saber se a natureza da posse exercida pelos apelantes permaneceu inalterada desde 2003 ou se sofreu transformação objetiva no decorrer do tempo, o que constitui questão eminentemente fática.










Dessa forma, o indeferimento da prova testemunhal, no caso concreto, importou em restrição indevida ao direito de produzir prova de fato controvertido e essencial ao julgamento da reconvenção, em afronta aos arts. 369 e 370 do CPC e aos princípios do contraditório e da ampla defesa. Não se trata de reconhecer, desde logo, a procedência da tese de interversão possessória, mas sim de assegurar aos apelantes a oportunidade de produzirem a prova pertinente à sua comprovação, sob o crivo do contraditório.










Ante o exposto, acolho a preliminar de cerceamento de defesa, para declarar a nulidade da sentença proferida nos autos, determinando o retorno dos autos à origem para reabertura da instrução processual, com a realização de audiência de instrução e julgamento destinada à produção da prova testemunhal requerida pelos apelantes. Fica prejudicada, por ora, a análise do mérito recursal.










É como voto.




 




Recife/PE, data da assinatura digital. 




Des. NEVES BAPTISTA




Relator






 










 




Demais votos:




 










Ementa:




 






   








PODER JUDICIÁRIO 








TRIBUNAL DE JUSTIÇA DE PERNAMBUCO 








Gabinete do Des. Neves Baptista 








   








5ª CÂMARA CÍVEL 




APELAÇÃO N.º 0036185-63.2024.8.17.2001




APELANTES: Thyago de Goes Travassos e Sheyla Asfora Goes




APELADOS: Espólio Maria das Gracas Batista




JUÍZO DE ORIGEM: Seção A da 13ª Vara Cível da Capital




JUIZ SENTENCIANTE: Flavia Fabiane Nascimento Figueira




RELATOR: Des. NEVES BAPTISTA




 




DIREITO CIVIL E PROCESSUAL CIVIL. APELAÇÃO CÍVEL. AÇÃO REIVINDICATÓRIA. RECONVENÇÃO DE USUCAPIÃO EXTRAORDINÁRIA. JULGAMENTO ANTECIPADO DA LIDE. CERCEAMENTO DE DEFESA CONFIGURADO. NULIDADE DA SENTENÇA. RECURSO PROVIDO.




1-Apelação interposta contra sentença que, em ação reivindicatória cumulada com reconvenção de usucapião extraordinária, julgou procedente o pedido reivindicatório e improcedente a reconvenção, ao fundamento de que a ocupação do imóvel teve origem em mera permissão de terceiro, configurando detenção insuscetível de gerar posse ad usucapionem, nos termos do art. 1.208 do Código Civil.




2-A questão em discussão consiste em saber se: (i) o indeferimento da prova testemunhal requerida pelos recorrentes, destinada a comprovar interversão da posse ocorrida ao longo de mais de vinte anos, caracteriza cerceamento de defesa; (ii) a matéria discutida na reconvenção constitui questão exclusivamente de direito, apta a autorizar o julgamento antecipado do mérito.




3-O art. 1.203 do Código Civil estabelece que a posse mantém o caráter com que foi adquirida, salvo prova em contrário, ressalva que pressupõe a possibilidade de demonstração de mutação da relação possessória ao longo do tempo.




4-A verificação dessa mutação não se resolve por presunção decorrente da origem precária da posse, mas depende da comprovação de atos concretos que exteriorizem a substituição da posse em nome de outrem pela posse em nome próprio.




5-Os recorrentes sustentam interversão possessória fundada em circunstâncias fáticas específicas, quais sejam, exercício de posse exclusiva, assunção integral dos encargos do imóvel, ausência de pagamento de aluguel e inexistência de fiscalização do titular registral durante todo o período, fatos que não se esgotam na prova documental já constante dos autos.




6-O julgamento antecipado do mérito, com o consequente indeferimento da prova oral pertinente e necessária à demonstração de fato controvertido essencial ao deslinde da reconvenção, importa em restrição indevida ao direito de produzir prova, em afronta aos arts. 369 e 370 do CPC e aos princípios do contraditório e da ampla defesa.




7-Reconhecido o cerceamento de defesa, impõe-se a nulidade da sentença, com retorno dos autos à origem para reabertura da instrução processual e realização de audiência de instrução e julgamento, restando prejudicada, por ora, a análise do mérito recursal quanto à usucapião extraordinária.




8-Recurso provido.




 




TESE DE JULGAMENTO: "1. O indeferimento de prova testemunhal pertinente e necessária à comprovação de fato controvertido relativo à interversão da posse, quando a matéria não se resume a questão de direito, configura cerceamento de defesa e enseja a nulidade da sentença. 2. A interversão da posse, prevista no art. 1.203 do Código Civil, depende da comprovação de atos concretos que exteriorizem a mudança do caráter possessório, não podendo ser afastada por mera presunção decorrente da origem permissiva da ocupação." 




 




DISPOSITIVOS RELEVANTES CITADOS: CPC/2015, arts. 355, I, 369 e 370; Código Civil, arts. 1.203, 1.208 e 1.238.










ACÓRDÃO










Vistos, relatados e discutidos os presentes autos de Apelação Cível n.º 0036185-63.2024.8.17.2001, ACORDAM os Desembargadores que integram a 5ª Câmara Cível do Tribunal de Justiça de Pernambuco, à unanimidade, em conhecer e DAR PROVIMENTO ao recurso, para acolher a preliminar de cerceamento de defesa, anular a sentença recorrida e determinar o retorno dos autos à origem, a fim de que seja reaberta a instrução processual, com a realização de audiência de instrução e julgamento destinada à produção da prova testemunhal requerida pelos apelantes, na conformidade do relatório, dos votos proferidos e das notas taquigráficas.




 




Recife/PE, data da assinatura digital. 




Des. NEVES BAPTISTA




Relator






 










Proclamação da decisão:




À unanimidade de votos, deu-se provimento ao recurso, nos termos do voto da Relatoria.










Magistrados: [AGENOR FERREIRA DE LIMA FILHO, SILVIO NEVES BAPTISTA FILHO, LUIZ GUSTAVO MENDONÇA DE ARAÚJO]
















RECIFE, 29 de julho de 2026




 




 




 




 




 




 




 




Magistrado


      
DOCUMENTO 20 
Acompanhamento Processual
Resultado sem Formatação
Imprimir
ACÓRDÃO
PROCESSO
0006571-60.2020.8.17.3130 
CLASSE CNJ
198 APELAÇÃO CÍVEL
ASSUNTO CNJ
10458 Usucapião Extraordinária
RELATOR(A)
MARCELO RUSSELL WANDERLEY
ÓRGÃO JULGADOR
Gabinete do Des. Sílvio Neves Baptista Filho (5ª CC)
DATA DE JULGAMENTO
30/07/2026
DATA DA PUBLICAÇÃO/FONTE
30/07/2026
MEIO DE TRAMITAÇÃO
ELETRONICO
EMENTA

        



   








PODER JUDICIÁRIO 








TRIBUNAL DE JUSTIÇA DE PERNAMBUCO 








Gabinete do Des. Neves Baptista 








   








5ª CÂMARA CÍVEL 




APELAÇÃO N.º 0006571-60.2020.8.17.3130




APELANTE: Josué Rosa de Lima




APELADO: Espólio de Evelyne Oliveira de Hollanda Valente Brasileiro de Araújo




JUÍZO DE ORIGEM: 2ª Vara Cível da Comarca de Petrolina




JUIZ SENTENCIANTE: Caio Souza Pitta Lima




RELATOR: Des. NEVES BAPTISTA




 




DIREITO CIVIL. APELAÇÃO. AÇÃO DE USUCAPIÃO EXTRAORDINÁRIA. IMÓVEL RURAL. AUSÊNCIA DE ANIMUS DOMINI. CARTA MANUSCRITA QUE RECONHECE DOMÍNIO ALHEIO. NÃO COMPROVAÇÃO DE MORADIA HABITUAL OU EXPLORAÇÃO PRODUTIVA. REQUISITOS DO ART. 1.238 DO CÓDIGO CIVIL NÃO PREENCHIDOS. RECURSO IMPROVIDO.




1-Apelação interposta contra sentença que, em ação de usucapião extraordinária, julgou improcedente o pedido de declaração de domínio sobre imóvel rural de 35,6720 hectares situado no perímetro irrigado Senador Nilo Coelho, em Petrolina/PE, por ausência de posse com ânimo de dono e de comprovação de posse contínua, produtiva e com moradia habitual pelo prazo legal.




2-As questões em discussão consistem em saber se: (i) o apelante demonstrou posse com intenção de dono durante todo o período aquisitivo invocado; (ii) restou comprovada moradia habitual ou exploração produtiva apta a justificar a redução do prazo para dez anos, nos termos do parágrafo único do art. 1.238 do Código Civil.




3-Carta manuscrita do apelante à proprietária, redigida em momento posterior a 2012, mais de dez anos após o marco inicial da posse alegado, reconhece expressamente a titularidade da destinatária sobre o imóvel e discute alternativas para sua venda, o que afasta o requisito subjetivo da posse ad usucapionem e caracteriza mera detenção precária, nos termos do art. 1.208 do Código Civil.




4-Certidão de oficial de justiça lavrada em ação possessória diversa atestou imóvel desocupado e abandonado, sem qualquer plantação, contrastando com auto de constatação posterior que registrou apenas cultivo incipiente e a presença de funcionário remunerado, circunstância que não supre a exigência de moradia habitual do próprio possuidor.




5-Prova testemunhal produzida pelo próprio apelante confirma a ausência de moradia no local, a criação de animais com finalidade meramente ornamental e a inexistência de exploração econômica organizada, afastando a tese de sazonalidade agrícola própria do semiárido nordestino.




6-Não preenchidos os requisitos do art. 1.238 do Código Civil, tanto na modalidade ordinária quanto na qualificada, impõe-se a manutenção da sentença de improcedência.




7-Recurso conhecido e improvido, com majoração dos honorários advocatícios para 20% sobre a base fixada na sentença, nos termos do art. 85, § 11, do CPC.










TESE DE JULGAMENTO: "1. A confissão extrajudicial de reconhecimento de domínio alheio, ainda que emitida em momento avançado do período possessório alegado, afasta o requisito do animus domini e descaracteriza a posse ad usucapionem. 2. A existência de benfeitorias no imóvel e a presença de empregado remunerado não substituem a exigência de moradia habitual do possuidor para fins de redução do prazo da usucapião extraordinária, nos termos do art. 1.238, parágrafo único, do Código Civil."










DISPOSITIVOS RELEVANTES CITADOS: CC, arts. 1.208 e 1.238, caput e parágrafo único; CPC, art. 85, § 11.










ACÓRDÃO










Vistos, relatados e discutidos os presentes autos de Apelação n.º 0006571-60.2020.8.17.3130, ACORDAM os Desembargadores que integram a 5ª Câmara Cível do Tribunal de Justiça de Pernambuco, à unanimidade, em conhecer e negar provimento ao recurso, majorando os honorários advocatícios para 20% (vinte por cento) sobre a base fixada na sentença, nos termos do art. 85, § 11, do CPC, na conformidade do relatório, dos votos proferidos e das notas taquigráficas.




 




Recife/PE, data da assinatura digital. 




Des. NEVES BAPTISTA




Relator




      
ACÓRDÃO

        















Tribunal de Justiça de Pernambuco
 Poder Judiciário





5ª Câmara Cível - Recife




, Rua Doutor Moacir Baracho, s/n, RECIFE - PE - CEP: 50010-930  - F:(  ) 




Processo nº 0006571-60.2020.8.17.3130




APELANTE: JOSUE ROSA DE LIMA




APELADO(A): EVELYNE OLIVEIRA DE HOLLANDA VALENTE BRASILEIRO DE ARAUJO









INTEIRO TEOR









Relator: 
SILVIO NEVES BAPTISTA FILHO










Relatório:




 






   








PODER JUDICIÁRIO 








TRIBUNAL DE JUSTIÇA DE PERNAMBUCO 








Gabinete do Des. Neves Baptista 




 




5ª CÂMARA CÍVEL 




APELAÇÃO N.º 0006571-60.2020.8.17.3130




APELANTE: Josué Rosa de Lima




APELADO: Espólio de Evelyne Oliveira de Hollanda Valente Brasileiro de Araújo




JUÍZO DE ORIGEM: 2ª Vara Cível da Comarca de Petrolina




JUIZ SENTENCIANTE: Caio Souza Pitta Lima




RELATOR: Des. NEVES BAPTISTA




 




RELATÓRIO 




 




Trata-se de apelação interposta por Josué Rosa de Lima contra a sentença proferida pelo Juízo da 2ª Vara Cível da Comarca de Petrolina/PE na Ação de Usucapião Extraordinária em que litiga contra o Espólio de Evelyne Oliveira de Hollanda Valente Brasileiro de Araújo, ora apelado.










O autor ajuizou a demanda alegando posse mansa, pacífica, ininterrupta e com animus domini, desde 11/07/2002, sobre o imóvel rural de 35,6720 hectares situado no perímetro irrigado Senador Nilo Coelho, em Petrolina/PE, matrícula 33.834 R-01, no qual afirma ter estabelecido moradia e exploração produtiva, pleiteando a usucapião do art. 1.238 do Código Civil, com redução do prazo para 10 anos.










Na sentença (ID 58911761), o Juízo de origem revogou a gratuidade de justiça, ante a remuneração do autor como Major da Polícia Militar (ID 69162128) e indícios de participação societária (ID 80877403), e julgou improcedente o pedido, sob os fundamentos de que: (i) a carta manuscrita do autor à Sra. Evelyne (ID 80877383) configura confissão extrajudicial de reconhecimento do domínio alheio, caracterizando posse precária (arts. 1.203 e 1.208 do CC); (ii) as diligências de oficiais de justiça (IDs 108436572 e 115380584) e a prova testemunhal (ID 220927034) não comprovaram posse contínua, moradia habitual nem exploração produtiva; (iii) o ajuizamento de ação possessória em Recife na condição de proprietário (ID 80877408) afasta a usucapião especial rural (art. 1.239 do CC). Condenou o autor às custas e a honorários de 15% sobre o valor atualizado da causa.










Nas razões recursais, o apelante sustenta, em síntese:











A carta manuscrita refletiria fase inicial da relação, anterior à consolidação da posse com ânimo de dono, transmudada pela realização de benfeitorias e exploração econômica;


O auto de constatação (ID 115380584) registrou casa de alvenaria, plantações, galpão e funcionário do apelante no local, e o depoimento de José Cícero Gomes da Rocha confirmaria trabalho na terra e melhorias;


A exigência de produção contínua desconsideraria a sazonalidade agrícola do semiárido nordestino;


A Certidão Negativa de Bens (ID 69162130) atestaria a inexistência de outro imóvel em seu nome, não infirmada pela ação possessória mencionada na sentença.


Requer o provimento do recurso, com a reforma integral da sentença, a procedência da usucapião, o restabelecimento da gratuidade e a inversão da sucumbência.









Em contrarrazões, o apelado defende a manutenção da sentença, sustentando que:




 





A carta manuscrita revela reconhecimento de domínio alheio e posse precária, sem prova de interversão; 


As certidões de oficiais de justiça e a prova testemunhal demonstram posse intermitente, ausência de moradia habitual e de exploração produtiva;


O apelante declarou-se proprietário de imóvel urbano em outra ação (ID 80877408), o que afasta a modalidade especial rural;


A revogação da gratuidade amparou-se em elementos objetivos de capacidade econômica. 


Requer o desprovimento do recurso e a majoração dos honorários em grau recursal (art. 85, § 11, do CPC).





  




É o relatório.




Inclua-se em pauta.




 




Recife/PE, data da assinatura digital.  




Des. NEVES BAPTISTA




Relator






 










Voto vencedor:




 






   








PODER JUDICIÁRIO 








TRIBUNAL DE JUSTIÇA DE PERNAMBUCO 








Gabinete do Des. Neves Baptista 








   








5ª CÂMARA CÍVEL 




APELAÇÃO N.º 0006571-60.2020.8.17.3130




APELANTE: Josué Rosa De Lima




APELADO: Espólio de Evelyne Oliveira de Hollanda Valente Brasileiro de Araújo




JUÍZO DE ORIGEM: 2ª Vara Cível da Comarca de Petrolina




JUIZ SENTENCIANTE: Caio Souza Pitta Lima




RELATOR: Des. NEVES BAPTISTA




 




VOTO




 




Presentes os pressupostos de admissibilidade, conheço do recurso de apelação.  










Trata-se de apelação interposta contra sentença que, em Ação de Usucapião Extraordinária, revogou a gratuidade de justiça concedida ao autor e julgou improcedente o pedido de declaração de domínio sobre o imóvel rural de 35,6720 hectares situado no perímetro irrigado Senador Nilo Coelho, em Petrolina/PE, ao fundamento de ausência de posse com ânimo de dono e de não comprovação da posse contínua, produtiva e com moradia habitual pelo lapso temporal exigido.










A controvérsia devolvida a esta instância consiste em verificar o preenchimento dos requisitos da usucapião extraordinária (art. 1.238 do Código Civil), a saber: (i) posse com intenção de dono; (ii) lapso temporal de quinze anos, reduzido a dez na modalidade qualificada do parágrafo único; e (iii) posse mansa, pacífica e ininterrupta.










O primeiro requisito, de natureza subjetiva, traduz-se na intenção do possuidor de ter a coisa para si, como se proprietário fosse, e não se confunde com a mera detenção ou com a posse precária decorrente de atos de permissão ou tolerância do verdadeiro dono, que não induzem posse, nos termos do art. 1.208 do Código Civil.










A carta manuscrita enviada pelo próprio apelante à Sra. Evelyne (ID 80877383, reiterada no ID 118811673) contém reconhecimento expresso da titularidade da destinatária sobre o imóvel. Nela, o apelante demonstra pleno conhecimento da frágil situação pessoal da proprietária, discute com ela alternativas para o destino do bem e rememora pedido de procuração específica para promover a sua venda.










Acrescente-se, ainda, elemento temporal que fragiliza de modo decisivo a tese recursal. A carta manuscrita faz menção à passagem do apelante para a reserva remunerada, ocorrida em 2012, o que revela que o documento foi redigido em período posterior a essa data. Mais de dez anos depois do marco inicial da posse alegado na petição inicial (11/07/2002), o apelante ainda reconhecia expressamente a Sra. Evelyne como proprietária/possuidora do imóvel, discutia com ela os rumos do bem e rememorava pedido de procuração para promover a sua venda.










Esse dado cronológico desmonta a alegação de que a carta refletiria apenas fase inicial da relação, anterior à consolidação da posse com ânimo de dono. Se, transcorrida mais de uma década da suposta posse qualificada, o apelante permanecia subordinado à vontade da titular do domínio, não há como sustentar que a ocupação tenha se convertido, em momento algum do período aquisitivo invocado, em posse apta à usucapião.










Ausente o requisito anímico, a pretensão aquisitiva já se mostra inviável. Ainda assim, passo ao exame dos demais requisitos, cuja ausência reforça a improcedência.










O apelante pleiteia a redução do prazo para dez anos com fundamento no parágrafo único do art. 1.238 do Código Civil, que pressupõe moradia habitual no imóvel ou a realização de obras ou serviços de caráter produtivo. As provas dos autos caminham em sentido diametralmente oposto.










As diligências realizadas por Oficiais de Justiça, dotadas de fé pública, são reveladoras. Na Ação de Reintegração de Posse ajuizada pela Sra. Evelyne (Processo nº 0013688-68.2021.8.17.3130), a certidão de abril de 2022 (ID 108436572) atestou que o imóvel se encontrava desocupado e abandonado, sem nenhum tipo de plantação, circunstância que motivou a extinção daquele feito por perda superveniente do objeto.










Já o auto de constatação lavrado nestes autos em setembro de 2022 (ID 115380584) encontrou apenas pequena plantação de coentro e alface e um funcionário do apelante no local.










Quanto à alegada valoração equivocada do auto de constatação (ID 115380584), o apelante destaca que o documento registrou casa de alvenaria, plantações, galpão e a presença do funcionário Sr. Nilson Souza Martins.










Ocorre que a existência de edificações no imóvel nada diz sobre quem as habita ou desde quando, e a presença de um empregado no local não substitui a moradia habitual do próprio possuidor. Estrutura física não se confunde com centro de vida. O que o parágrafo único do art. 1.238 do Código Civil qualifica é a moradia habitual do possuidor ou a exploração produtiva por ele empreendida, e não a manutenção de um caseiro em terreno com benfeitorias.










Aliás, a presença de funcionário remunerado, visitado mensalmente apenas para pagamento, como confirmou a própria testemunha do apelante, reforça a distância entre a sua realidade e o vínculo possessório qualificado que se pretende demonstrar.










Também não prospera a alegação de que a inferência de "maquiagem" do imóvel seria suposição destituída de prova. A conclusão da sentença não decorreu de conjectura, mas do confronto objetivo entre dois documentos dotados de fé pública: a certidão de abril de 2022 (ID 108436572), lavrada na ação possessória, que atestou imóvel "desocupado e abandonado", sem "nenhum tipo de plantação", e o auto de constatação de setembro de 2022 (ID 115380584), que encontrou pequena plantação de coentro e alface.










O surgimento de cultivo incipiente no intervalo de poucos meses, precisamente entre o ajuizamento da ação possessória pela proprietária e a diligência determinada nestes autos, é dado concreto, não presumido. E a fragilidade dessa plantação como prova de exploração antiga foi confirmada pelas duas testemunhas arroladas pelo próprio apelante: José Cícero Gomes da Rocha afirmou que nunca viu plantação de coentro ou alface na propriedade, e Leidivan Rodrigues da Silva declarou que o apelante nunca plantou coentro nem alface. A prova oral do próprio recorrente, portanto, corrobora que o plantio encontrado pelo Oficial de Justiça era recente.










No que se refere à prova testemunhal, o apelante seleciona do depoimento de José Cícero Gomes da Rocha os trechos que lhe favorecem: o trabalho com irrigação, o cultivo de maracujá e goiaba, a reforma da cerca. Contudo, a   mesma testemunha declarou que não vê o apelante com frequência, afirmação incompatível com moradia habitual e com presença possessória constante. Ver alguém esporadicamente trabalhando em um terreno é compatível com visitas ocasionais de quem mantém um sítio de lazer ou investimento; não é compatível com a figura de quem estabeleceu no imóvel o centro de sua vida. E o depoimento de Leidivan Rodrigues da Silva, que trabalhou no local de 2011 a 2021 e conhecia a rotina do imóvel, foi categórico: o apelante não morava no imóvel e apenas o via "todo mês quando ia deixar o pagamento". Não se trata de contradições ou lacunas irrelevantes, como sugere o recurso, mas do núcleo fático da controvérsia, respondido em desfavor do apelante pelas suas próprias testemunhas.










Quanto ao caráter produtivo, o depoimento de Leidivan Rodrigues da Silva também é decisivo: a criação de ovelhas e bodes não se destinava à venda, sendo os animais "criados só pela boniteza", e as pinhas eram apenas para consumo. Ocupação voltada à contemplação de animais e a cultivos domésticos esporádicos não configura obras ou serviços de caráter produtivo para os fins do parágrafo único do art. 1.238 do Código Civil, tampouco a exploração que qualifica a posse pela função social.










A tese da sazonalidade agrícola do semiárido, embora bem construída em abstrato, não encontra apoio nos fatos deste processo. É verdade que a agricultura familiar na região da Caatinga observa ciclos condicionados pela irregularidade das chuvas, com alternância entre períodos de plantio, colheita e descanso da terra. Mas a intermitência própria do ciclo produtivo pressupõe exploração organizada: preparo do solo, manejo continuado, infraestrutura de cultivo ativa e retomada regular das atividades a cada estação. Não é isso que os autos retratam. A certidão de abril de 2022 não descreveu terra aguardando o próximo ciclo; descreveu imóvel desocupado e abandonado, sem nenhum tipo de plantação. As testemunhas não relataram alternância de culturas ao longo dos anos; relataram criação ornamental de animais e ausência do apelante. O que se verifica não é sazonalidade, é descontinuidade. A sazonalidade explica intervalos entre safras; não explica o abandono constatado por agente público dotado de fé pública, nem a ausência de moradia confirmada pelo próprio empregado do recorrente.










Diante do exposto, voto no sentido de NEGAR PROVIMENTO à Apelação. Majoro os honorários advocatícios para 20% (vinte por cento) sobre a base estipulada na Sentença, nos termos do art. 85, § 11, do CPC.




 




É como voto.




 




Recife/PE, data da assinatura digital.  




Des. NEVES BAPTISTA




Relator






 










 




Demais votos:




 










Ementa:




 






   








PODER JUDICIÁRIO 








TRIBUNAL DE JUSTIÇA DE PERNAMBUCO 








Gabinete do Des. Neves Baptista 








   








5ª CÂMARA CÍVEL 




APELAÇÃO N.º 0006571-60.2020.8.17.3130




APELANTE: Josué Rosa de Lima




APELADO: Espólio de Evelyne Oliveira de Hollanda Valente Brasileiro de Araújo




JUÍZO DE ORIGEM: 2ª Vara Cível da Comarca de Petrolina




JUIZ SENTENCIANTE: Caio Souza Pitta Lima




RELATOR: Des. NEVES BAPTISTA




 




DIREITO CIVIL. APELAÇÃO. AÇÃO DE USUCAPIÃO EXTRAORDINÁRIA. IMÓVEL RURAL. AUSÊNCIA DE ANIMUS DOMINI. CARTA MANUSCRITA QUE RECONHECE DOMÍNIO ALHEIO. NÃO COMPROVAÇÃO DE MORADIA HABITUAL OU EXPLORAÇÃO PRODUTIVA. REQUISITOS DO ART. 1.238 DO CÓDIGO CIVIL NÃO PREENCHIDOS. RECURSO IMPROVIDO.




1-Apelação interposta contra sentença que, em ação de usucapião extraordinária, julgou improcedente o pedido de declaração de domínio sobre imóvel rural de 35,6720 hectares situado no perímetro irrigado Senador Nilo Coelho, em Petrolina/PE, por ausência de posse com ânimo de dono e de comprovação de posse contínua, produtiva e com moradia habitual pelo prazo legal.




2-As questões em discussão consistem em saber se: (i) o apelante demonstrou posse com intenção de dono durante todo o período aquisitivo invocado; (ii) restou comprovada moradia habitual ou exploração produtiva apta a justificar a redução do prazo para dez anos, nos termos do parágrafo único do art. 1.238 do Código Civil.




3-Carta manuscrita do apelante à proprietária, redigida em momento posterior a 2012, mais de dez anos após o marco inicial da posse alegado, reconhece expressamente a titularidade da destinatária sobre o imóvel e discute alternativas para sua venda, o que afasta o requisito subjetivo da posse ad usucapionem e caracteriza mera detenção precária, nos termos do art. 1.208 do Código Civil.




4-Certidão de oficial de justiça lavrada em ação possessória diversa atestou imóvel desocupado e abandonado, sem qualquer plantação, contrastando com auto de constatação posterior que registrou apenas cultivo incipiente e a presença de funcionário remunerado, circunstância que não supre a exigência de moradia habitual do próprio possuidor.




5-Prova testemunhal produzida pelo próprio apelante confirma a ausência de moradia no local, a criação de animais com finalidade meramente ornamental e a inexistência de exploração econômica organizada, afastando a tese de sazonalidade agrícola própria do semiárido nordestino.




6-Não preenchidos os requisitos do art. 1.238 do Código Civil, tanto na modalidade ordinária quanto na qualificada, impõe-se a manutenção da sentença de improcedência.




7-Recurso conhecido e improvido, com majoração dos honorários advocatícios para 20% sobre a base fixada na sentença, nos termos do art. 85, § 11, do CPC.










TESE DE JULGAMENTO: "1. A confissão extrajudicial de reconhecimento de domínio alheio, ainda que emitida em momento avançado do período possessório alegado, afasta o requisito do animus domini e descaracteriza a posse ad usucapionem. 2. A existência de benfeitorias no imóvel e a presença de empregado remunerado não substituem a exigência de moradia habitual do possuidor para fins de redução do prazo da usucapião extraordinária, nos termos do art. 1.238, parágrafo único, do Código Civil."










DISPOSITIVOS RELEVANTES CITADOS: CC, arts. 1.208 e 1.238, caput e parágrafo único; CPC, art. 85, § 11.










ACÓRDÃO










Vistos, relatados e discutidos os presentes autos de Apelação n.º 0006571-60.2020.8.17.3130, ACORDAM os Desembargadores que integram a 5ª Câmara Cível do Tribunal de Justiça de Pernambuco, à unanimidade, em conhecer e negar provimento ao recurso, majorando os honorários advocatícios para 20% (vinte por cento) sobre a base fixada na sentença, nos termos do art. 85, § 11, do CPC, na conformidade do relatório, dos votos proferidos e das notas taquigráficas.




 




Recife/PE, data da assinatura digital. 




Des. NEVES BAPTISTA




Relator






 










Proclamação da decisão:




À unanimidade de votos, negou-se provimento ao recurso, nos termos do voto da Relatoria.










Magistrados: [AGENOR FERREIRA DE LIMA FILHO, SILVIO NEVES BAPTISTA FILHO, LUIZ GUSTAVO MENDONÇA DE ARAÚJO]
















RECIFE, 29 de julho de 2026




 




 




 




 




 




 




 




Magistrado


      
12345
+Jurisprudência | Versão v4.4.0-M174994
Precisando de ajuda?